employee_id,department,country,job_level,gender,age,hire_date,tenure_days_as_of_2025_06_30,annual_salary_usd,manager_id,is_remote,employment_status
EMP00001,Customer Support,Germany,Team Lead,Female,26,2024-05-04,422,78800.0,EMP00517,True,Active
EMP00002,Engineering,India,Manager,Female,28,2021-06-06,1485,55300.0,EMP03361,True,Active
EMP00003,Operations,USA,Senior IC,Female,21,2021-12-29,1279,76300.0,EMP02186,True,Active
EMP00004,Customer Support,India,Senior IC,,24,2018-03-13,2666,34300.0,EMP01785,False,Active
EMP00005,Sales,Brazil,Manager,Male,25,2023-11-29,579,54200.0,EMP01202,False,Active
EMP00006,Operations,India,Senior IC,Male,28,2023-01-05,907,34400.0,EMP00834,True,Active
EMP00007,Customer Support,India,Manager,Male,28,2020-11-15,1688,51200.0,EMP01133,False,Active
EMP00008,Customer Support,UAE,Individual Contributor,Female,25,2021-08-19,1411,47700.0,EMP00618,False,Active
EMP00009,Sales,Brazil,Individual Contributor,Female,26,2022-08-11,1054,26400.0,EMP02748,True,Active
EMP00010,Engineering,USA,Senior IC,,29,2019-06-06,2216,83500.0,EMP03314,False,Active
EMP00011,Engineering,Canada,Individual Contributor,Male,29,2023-12-18,560,50200.0,EMP03370,True,Active
EMP00012,Operations,Brazil,Director,Male,31,2021-10-08,1361,70300.0,,False,Active
EMP00013,Customer Support,Canada,Individual Contributor,Female,24,2023-07-06,725,48300.0,EMP00493,False,Active
EMP00014,Operations,Canada,Team Lead,Female,27,2022-11-27,946,84500.0,EMP02589,True,Active
EMP00015,Engineering,Canada,Individual Contributor,Male,26,2024-12-10,202,49500.0,EMP03015,True,Active
EMP00016,Sales,Brazil,Senior Manager,Female,29,2022-10-19,985,68500.0,EMP01779,True,Active
EMP00017,Engineering,India,Individual Contributor,Female,32,2024-03-28,459,26300.0,EMP01940,False,Terminated
EMP00018,Sales,USA,Individual Contributor,Male,25,2024-09-03,300,56000.0,EMP01340,False,Active
EMP00019,Operations,India,Individual Contributor,Male,30,2024-04-05,451,28000.0,EMP02878,False,Active
EMP00020,Customer Support,Brazil,Senior IC,Male,30,2015-10-02,3559,34600.0,EMP02443,True,Terminated
EMP00021,Customer Support,India,Director,Male,26,2021-12-02,1306,78500.0,,True,Active
EMP00022,Engineering,UAE,Director,Male,21,2020-01-14,1994,161200.0,,True,Active
EMP00023,Operations,USA,Individual Contributor,Female,27,2023-11-30,578,55300.0,EMP03350,False,Active
EMP00024,Operations,Germany,Senior IC,Male,36,2016-07-22,3265,76600.0,EMP01818,False,Active
EMP00025,Customer Support,India,Individual Contributor,Male,21,2023-08-02,698,32700.0,EMP03340,False,Active
EMP00026,Sales,Germany,Senior IC,Female,30,2021-03-17,1566,65600.0,EMP02368,False,Active
EMP00027,Engineering,USA,Senior IC,Male,28,2024-02-04,512,67600.0,EMP01812,True,Active
EMP00028,Sales,USA,Individual Contributor,Male,30,2022-03-21,1197,54000.0,EMP02629,False,Active
EMP00029,Sales,UAE,Senior IC,Female,22,2023-02-24,857,67200.0,EMP00880,False,Active
EMP00030,Customer Support,India,Manager,Male,29,2024-04-24,432,57400.0,EMP01554,True,Active
EMP00031,Customer Support,USA,Individual Contributor,Male,28,2022-05-10,1147,65200.0,EMP00087,False,Active
EMP00032,Operations,USA,Individual Contributor,Female,30,2022-08-16,1049,55000.0,EMP02606,False,Active
EMP00033,Engineering,India,Individual Contributor,Female,25,2024-10-12,261,27400.0,EMP01132,False,Active
EMP00034,Engineering,USA,Individual Contributor,Male,32,2019-03-31,2283,52100.0,EMP00357,False,Active
EMP00035,Engineering,Brazil,Individual Contributor,Female,32,2022-03-29,1189,23000.0,EMP02769,True,Active
EMP00036,Sales,UAE,Senior IC,Female,25,2024-03-01,486,61600.0,EMP00829,False,Active
EMP00037,Sales,USA,Individual Contributor,Male,34,2017-05-15,2968,50100.0,EMP00791,False,Active
EMP00038,Engineering,India,Team Lead,Male,34,2021-01-24,1618,45100.0,EMP00536,False,Active
EMP00039,Sales,USA,Manager,Male,27,2022-12-05,938,92800.0,EMP02100,True,Active
EMP00040,Customer Support,Germany,Senior Manager,Male,22,2023-07-09,722,116600.0,EMP01194,False,Active
EMP00041,Engineering,Canada,Team Lead,Male,31,2021-10-29,1340,79700.0,EMP01988,False,Active
EMP00042,Operations,India,Individual Contributor,Male,37,2018-10-24,2441,27200.0,EMP01213,False,Active
EMP00043,Customer Support,Canada,Individual Contributor,Female,32,2022-11-18,955,47800.0,EMP02629,False,Active
EMP00044,Engineering,USA,Individual Contributor,Male,34,2019-04-03,2280,63400.0,EMP01305,False,Active
EMP00045,Operations,Germany,Senior Manager,Female,21,2022-03-24,1194,139500.0,EMP02752,False,Active
EMP00046,Customer Support,India,Senior Manager,Male,26,2021-03-27,1556,61300.0,EMP01605,False,Active
EMP00047,Engineering,India,Individual Contributor,Male,27,2021-01-18,1624,29800.0,EMP00057,True,Active
EMP00048,Sales,Canada,Individual Contributor,Female,32,2018-05-04,2614,54800.0,EMP01505,False,Active
EMP00049,Customer Support,USA,Senior IC,Male,35,2021-06-01,1490,74000.0,EMP00878,False,Active
EMP00050,Sales,UAE,Individual Contributor,Male,26,2019-07-28,2164,45800.0,EMP01714,False,Active
EMP00051,Sales,UAE,Director,Male,36,2022-11-29,944,141900.0,,False,Active
EMP00052,Sales,India,Individual Contributor,Female,26,2022-04-24,1163,25000.0,EMP02626,False,Active
EMP00053,Customer Support,Germany,Individual Contributor,Male,27,2019-10-08,2092,48200.0,EMP02184,True,Active
EMP00054,Customer Support,India,Senior IC,Female,39,2014-08-25,3962,39500.0,EMP00518,True,Active
EMP00055,Customer Support,Germany,Individual Contributor,Male,33,2021-02-28,1583,52200.0,EMP03420,True,Active
EMP00056,Customer Support,UAE,Individual Contributor,Male,36,2016-10-06,3189,43600.0,EMP01235,False,Active
EMP00057,Engineering,India,Manager,Female,23,2024-01-09,538,48400.0,EMP00750,False,Terminated
EMP00058,Engineering,Canada,Individual Contributor,Female,28,2023-11-30,578,45100.0,EMP00001,False,Active
EMP00059,Sales,India,Senior IC,Male,23,2023-04-24,798,35300.0,EMP00880,False,Active
EMP00060,Sales,India,Individual Contributor,Male,25,2022-02-03,1243,28300.0,EMP00095,False,Active
EMP00061,Customer Support,Brazil,Individual Contributor,Female,25,2024-04-11,445,26800.0,EMP01679,False,Active
EMP00062,Engineering,India,Individual Contributor,Male,25,2021-12-30,1278,28300.0,EMP02106,False,Terminated
EMP00063,Engineering,Canada,Individual Contributor,Male,33,2020-11-25,1678,48800.0,EMP01292,False,Active
EMP00064,Customer Support,USA,Individual Contributor,Female,30,2018-01-19,2719,55800.0,EMP03072,False,Active
EMP00065,Customer Support,Canada,Individual Contributor,Male,36,2013-03-05,4500,51900.0,EMP03367,False,Active
EMP00066,Engineering,UAE,Manager,Female,24,2022-09-13,1021,96300.0,EMP01064,False,Active
EMP00067,Engineering,UAE,Team Lead,Female,31,2022-11-03,970,65800.0,EMP02227,False,Active
EMP00068,Engineering,India,Senior Manager,Male,24,2023-03-17,836,59300.0,EMP01405,True,Active
EMP00069,Sales,UAE,Senior IC,Female,31,2023-08-30,670,60600.0,EMP00979,False,Active
EMP00070,Engineering,Germany,Team Lead,Male,34,2020-07-27,1799,84200.0,EMP00750,False,Active
EMP00071,Sales,Brazil,Team Lead,Male,25,2023-03-29,824,51900.0,EMP01814,True,Active
EMP00072,Engineering,USA,Individual Contributor,Male,27,2023-01-28,884,55500.0,EMP00527,False,Active
EMP00073,Operations,Germany,Individual Contributor,Female,24,2024-03-08,479,57300.0,EMP02349,False,Active
EMP00074,Sales,India,Senior IC,Female,30,2022-01-04,1273,33700.0,EMP03095,False,Active
EMP00075,Sales,Germany,Team Lead,Male,25,2024-02-12,504,78400.0,EMP01279,True,Active
EMP00076,Sales,Germany,Senior IC,,32,2016-07-29,3258,66600.0,EMP01996,True,Active
EMP00077,Sales,UAE,Individual Contributor,Male,32,2018-05-20,2598,42600.0,EMP03407,True,Active
EMP00078,Customer Support,USA,Director,Female,28,2015-11-20,3510,188500.0,,False,Active
EMP00079,Engineering,Brazil,Individual Contributor,Female,26,2024-02-09,507,22400.0,EMP01408,False,Active
EMP00080,Customer Support,USA,Senior Manager,Female,28,2024-03-27,460,130200.0,EMP03087,False,Active
EMP00081,Customer Support,Brazil,Manager,Male,27,2024-01-17,530,62200.0,EMP00148,True,Active
EMP00082,Engineering,UAE,Manager,Female,37,2016-12-27,3107,88000.0,EMP02049,False,Active
EMP00083,Customer Support,Germany,Team Lead,Male,33,2015-09-22,3569,88900.0,EMP00905,False,Active
EMP00084,Sales,Brazil,Individual Contributor,Male,30,2018-05-13,2605,33900.0,EMP00633,False,Active
EMP00085,Sales,Canada,Senior IC,Female,22,2023-03-27,826,65400.0,EMP01805,False,Active
EMP00086,Sales,UAE,Team Lead,Male,30,2018-03-10,2669,81000.0,EMP02481,False,Active
EMP00087,Customer Support,Germany,Team Lead,Male,33,2025-03-01,121,97800.0,EMP02584,False,Active
EMP00088,Engineering,India,Individual Contributor,Non-binary,27,2024-04-18,438,27200.0,EMP02612,True,Active
EMP00089,Sales,Brazil,Individual Contributor,Female,27,2020-09-06,1758,28700.0,EMP01011,False,Active
EMP00090,Engineering,Germany,Individual Contributor,Male,22,2023-09-02,667,54000.0,EMP01435,True,Active
EMP00091,Sales,UAE,Senior IC,Female,21,2024-06-05,390,67600.0,EMP00418,False,Active
EMP00092,Customer Support,Germany,Senior IC,Male,25,2021-11-06,1332,68000.0,EMP02146,False,Active
EMP00093,Engineering,UAE,Manager,Male,31,2021-10-14,1355,86800.0,EMP02804,True,Active
EMP00094,Engineering,USA,Team Lead,Female,27,2021-07-14,1447,102000.0,EMP01683,False,Active
EMP00095,Engineering,USA,Team Lead,Male,25,2021-03-22,1561,87800.0,EMP01094,False,Active
EMP00096,Customer Support,Canada,Individual Contributor,Female,25,2021-12-21,1287,52600.0,EMP01168,False,Active
EMP00097,Engineering,UAE,Senior IC,Female,30,2022-11-27,946,63000.0,EMP02263,False,Terminated
EMP00098,Sales,Canada,Individual Contributor,Male,27,2022-07-20,1076,55000.0,EMP02349,False,Active
EMP00099,Sales,Canada,Individual Contributor,Female,27,2020-08-21,1774,44700.0,EMP01663,True,Active
EMP00100,Operations,Germany,Individual Contributor,Male,27,2022-01-23,1254,47000.0,EMP00884,False,Active
EMP00101,Operations,Germany,Individual Contributor,Male,35,2023-07-06,725,53800.0,EMP01424,True,Active
EMP00102,Customer Support,USA,Individual Contributor,Male,31,2023-11-28,580,50200.0,EMP01149,True,Active
EMP00103,Sales,India,Senior IC,Male,33,2022-07-27,1069,36100.0,EMP00364,False,Active
EMP00104,Operations,USA,Individual Contributor,Male,24,2018-12-08,2396,62000.0,EMP01410,False,Active
EMP00105,Customer Support,Canada,Individual Contributor,Female,28,2021-03-06,1577,41100.0,EMP02973,False,Active
EMP00106,Customer Support,USA,Individual Contributor,Female,29,2018-09-16,2479,57000.0,EMP02136,True,Active
EMP00107,Engineering,USA,Senior IC,Female,29,2023-04-07,815,82000.0,EMP00495,False,Active
EMP00108,Sales,USA,Senior IC,Male,32,2022-03-29,1189,74600.0,EMP02986,True,Active
EMP00109,Sales,USA,Individual Contributor,Male,29,2021-11-22,1316,51100.0,EMP00762,False,Active
EMP00110,Operations,USA,Individual Contributor,Male,26,2020-06-27,1829,54000.0,EMP02136,True,Active
EMP00111,Engineering,India,Senior Manager,Female,24,2023-04-06,816,60500.0,EMP01979,False,Active
EMP00112,Sales,Germany,Senior IC,Female,31,2021-03-09,1574,68600.0,EMP02533,False,Active
EMP00113,Engineering,India,Team Lead,Male,34,2019-03-06,2308,42000.0,EMP02664,False,Active
EMP00114,Engineering,Canada,Senior IC,Female,28,2022-10-20,984,62300.0,EMP01023,False,Active
EMP00115,Sales,India,Manager,Male,26,2024-01-25,522,54200.0,EMP02707,False,Active
EMP00116,Operations,Brazil,Manager,Female,31,2019-01-14,2359,64200.0,EMP02034,False,Active
EMP00117,Customer Support,Germany,Individual Contributor,Female,30,2020-12-01,1672,51700.0,EMP01229,False,Terminated
EMP00118,Customer Support,USA,Team Lead,Male,28,2024-08-20,314,99300.0,EMP00383,False,Active
EMP00119,Engineering,Germany,Individual Contributor,Male,30,2022-10-03,1001,56800.0,EMP01984,True,Active
EMP00120,Customer Support,Canada,Senior IC,Male,33,2016-08-29,3227,61900.0,EMP01596,True,Active
EMP00121,Customer Support,India,Individual Contributor,Male,28,2021-06-01,1490,27000.0,EMP01624,True,Active
EMP00122,Customer Support,USA,Individual Contributor,Female,27,2022-07-28,1068,53300.0,EMP02399,True,Active
EMP00123,Sales,India,Senior Manager,Male,23,2024-03-18,469,57200.0,EMP02465,False,Active
EMP00124,Engineering,UAE,Manager,Male,23,2024-03-19,468,92800.0,EMP00632,True,Active
EMP00125,Sales,Brazil,Individual Contributor,Male,31,2020-09-09,1755,26400.0,EMP01043,True,Active
EMP00126,Engineering,India,Director,Male,23,2024-02-12,504,85700.0,,True,Active
EMP00127,Engineering,Canada,Individual Contributor,Female,31,2021-11-15,1323,42000.0,EMP02060,False,Active
EMP00128,Sales,Brazil,Senior IC,Female,27,2022-10-22,982,39500.0,EMP01441,False,Active
EMP00129,Sales,India,Manager,Male,31,2022-01-08,1269,45700.0,EMP03392,False,Active
EMP00130,Customer Support,USA,Individual Contributor,Male,30,2022-12-21,922,58200.0,EMP02348,False,Active
EMP00131,Sales,USA,Senior IC,Female,32,2021-07-17,1444,72400.0,EMP02977,True,Active
EMP00132,Operations,Canada,Team Lead,Female,28,2020-02-13,1964,74900.0,EMP01621,False,Active
EMP00133,Customer Support,India,Individual Contributor,Non-binary,29,2022-12-10,933,28800.0,EMP00596,True,Active
EMP00134,Engineering,Germany,Senior IC,Male,33,2020-06-03,1853,66500.0,EMP02551,False,Active
EMP00135,Customer Support,India,Individual Contributor,Male,25,2018-07-09,2548,26600.0,EMP02847,True,Active
EMP00136,Sales,USA,Team Lead,Female,35,2021-11-23,1315,88300.0,EMP02027,False,Active
EMP00137,Operations,UAE,Individual Contributor,Male,38,2020-10-09,1725,47500.0,EMP01492,False,Terminated
EMP00138,Engineering,USA,Individual Contributor,Male,29,2024-06-04,391,59800.0,EMP00457,False,Active
EMP00139,Customer Support,UAE,Team Lead,Male,30,2022-11-26,947,79100.0,EMP00879,False,Terminated
EMP00140,Sales,India,Individual Contributor,Female,28,2024-09-22,281,25400.0,EMP03237,False,Active
EMP00141,Engineering,USA,Senior IC,Male,25,2023-07-18,713,82000.0,EMP00607,True,Active
EMP00142,Engineering,USA,Team Lead,Male,27,2022-11-17,956,83100.0,EMP02287,False,Active
EMP00143,Operations,UAE,Team Lead,Male,38,2016-03-06,3403,69700.0,EMP02301,False,Terminated
EMP00144,Engineering,USA,Individual Contributor,Non-binary,22,2023-11-21,587,54600.0,EMP01630,True,Active
EMP00145,Engineering,USA,Manager,Male,23,2022-09-01,1033,118400.0,EMP03496,True,Active
EMP00146,Sales,Brazil,Team Lead,Female,24,2024-02-11,505,42400.0,EMP02365,True,Active
EMP00147,Engineering,Germany,Individual Contributor,Male,30,2023-01-14,898,54000.0,EMP03370,False,Active
EMP00148,Engineering,Germany,Team Lead,Male,25,2021-07-01,1460,81500.0,EMP00930,False,Active
EMP00149,Engineering,USA,Team Lead,Female,28,2021-01-21,1621,86600.0,EMP02589,False,Active
EMP00150,Sales,UAE,Senior IC,Female,26,2023-04-09,813,67200.0,EMP02668,True,Active
EMP00151,Operations,Germany,Senior IC,Male,22,2023-09-14,655,63900.0,EMP03223,False,Active
EMP00152,Operations,USA,Team Lead,Female,22,2017-12-07,2762,106100.0,EMP01427,True,Active
EMP00153,Sales,Germany,Director,Male,22,2023-05-24,768,155300.0,,True,Active
EMP00154,Engineering,USA,Senior IC,Female,26,2025-02-03,147,75600.0,EMP02807,False,Active
EMP00155,Sales,Germany,Manager,Female,33,2019-02-26,2316,112100.0,EMP02499,False,Active
EMP00156,Customer Support,USA,Team Lead,Female,27,2024-12-25,187,91000.0,EMP00979,False,Terminated
EMP00157,Sales,USA,Manager,Male,33,2019-02-23,2319,119600.0,EMP01059,False,Active
EMP00158,Customer Support,Germany,Senior Manager,Male,23,2024-09-16,287,104500.0,EMP02748,True,Terminated
EMP00159,Customer Support,UAE,Individual Contributor,Female,22,2024-07-22,343,44000.0,EMP01986,True,Active
EMP00160,Customer Support,USA,Individual Contributor,Male,27,2024-04-29,427,57000.0,EMP03176,True,Terminated
EMP00161,Sales,USA,Senior IC,Female,26,2023-07-08,723,81200.0,EMP02210,True,Active
EMP00162,Operations,Canada,Senior IC,Male,35,2019-02-09,2333,69000.0,EMP03438,False,Active
EMP00163,Sales,Canada,Senior IC,Non-binary,27,2024-04-17,439,68500.0,EMP01149,False,Active
EMP00164,Sales,Brazil,Team Lead,Male,34,2021-07-04,1457,50800.0,EMP02703,False,Active
EMP00165,Engineering,USA,Senior Manager,Female,26,2022-01-29,1248,140900.0,EMP00667,False,Active
EMP00166,Engineering,Germany,Individual Contributor,Male,32,2022-06-24,1102,41800.0,EMP02445,True,Active
EMP00167,Operations,USA,Team Lead,Female,38,2019-11-10,2059,100000.0,EMP01441,True,Active
EMP00168,Customer Support,USA,Individual Contributor,Female,28,2022-04-20,1167,51500.0,EMP01811,False,Active
EMP00169,Engineering,Germany,Senior IC,Female,30,2022-02-15,1231,70000.0,EMP02820,False,Active
EMP00170,Operations,India,Individual Contributor,Female,25,2020-10-19,1715,26800.0,EMP00394,False,Active
EMP00171,Sales,Germany,Senior IC,Female,30,2023-06-19,742,68500.0,EMP00791,False,Active
EMP00172,Engineering,India,Senior IC,Male,32,2022-08-24,1041,32600.0,EMP01946,False,Active
EMP00173,Sales,Germany,Team Lead,Female,26,2021-11-24,1314,69200.0,EMP01435,False,Active
EMP00174,Operations,Germany,Senior IC,Male,32,2020-03-18,1930,62800.0,EMP01963,False,Active
EMP00175,Sales,UAE,Individual Contributor,Male,28,2022-11-27,946,48600.0,EMP01487,False,Active
EMP00176,Sales,UAE,Individual Contributor,Male,29,2022-09-07,1027,40300.0,EMP00240,False,Active
EMP00177,Engineering,Germany,Individual Contributor,Male,32,2021-07-27,1434,46900.0,EMP03277,False,Active
EMP00178,Operations,India,Director,Male,29,2022-11-14,959,85300.0,,False,Active
EMP00179,Operations,USA,Senior Manager,Female,26,2023-11-10,598,124500.0,EMP02120,True,Active
EMP00180,Customer Support,USA,Individual Contributor,Female,33,2020-10-21,1713,52800.0,EMP00552,False,Active
EMP00181,Operations,Brazil,Individual Contributor,Male,32,2022-04-15,1172,29000.0,EMP00684,False,Active
EMP00182,Operations,USA,Senior IC,Male,24,2023-05-07,785,76400.0,EMP02064,False,Active
EMP00183,Engineering,Germany,Team Lead,Male,26,2024-04-29,427,75000.0,EMP00178,False,Active
EMP00184,Engineering,India,Individual Contributor,Male,21,2024-12-20,192,26700.0,EMP01630,False,Active
EMP00185,Customer Support,USA,Individual Contributor,Male,31,2021-06-06,1485,57000.0,EMP03104,False,Active
EMP00186,Customer Support,USA,Individual Contributor,Male,31,2023-11-21,587,49600.0,EMP03068,True,Active
EMP00187,Engineering,Germany,Individual Contributor,,24,2024-10-03,270,51300.0,EMP01792,False,Terminated
EMP00188,Sales,Canada,Individual Contributor,Male,26,2024-01-15,532,45200.0,EMP00827,False,Active
EMP00189,Customer Support,India,Individual Contributor,Male,27,2021-11-29,1309,26700.0,EMP00269,True,Active
EMP00190,Sales,Germany,Senior IC,Non-binary,25,2023-11-26,582,72200.0,EMP00612,False,Active
EMP00191,Operations,USA,Senior IC,Male,29,2021-11-10,1328,73700.0,EMP00990,False,Active
EMP00192,Sales,India,Individual Contributor,Male,23,2023-08-16,684,28300.0,EMP01919,True,Active
EMP00193,Sales,USA,Senior IC,Female,26,2022-08-29,1036,79500.0,EMP02533,True,Active
EMP00194,Operations,India,Senior IC,Female,24,2022-06-25,1101,38300.0,EMP01573,True,Active
EMP00195,Sales,Brazil,Team Lead,Male,31,2020-12-21,1652,48300.0,EMP02894,False,Active
EMP00196,Sales,Germany,Senior Manager,Female,30,2020-11-16,1687,134800.0,EMP00592,True,Active
EMP00197,Customer Support,Germany,Individual Contributor,Male,26,2022-08-04,1061,52000.0,EMP01461,True,Active
EMP00198,Operations,USA,Manager,Male,26,2024-02-28,488,94700.0,EMP02132,False,Active
EMP00199,Sales,USA,Team Lead,Male,30,2019-06-17,2205,84000.0,EMP00183,False,Active
EMP00200,Engineering,Germany,Team Lead,Male,31,2023-05-19,773,80500.0,EMP03173,False,Active
EMP00201,Customer Support,Canada,Individual Contributor,Male,23,2025-03-31,91,47700.0,EMP03493,False,Active
EMP00202,Operations,USA,Individual Contributor,Female,31,2022-01-01,1276,56800.0,EMP02586,False,Active
EMP00203,Engineering,India,Individual Contributor,Female,25,2021-11-26,1312,24700.0,EMP02442,False,Active
EMP00204,Sales,Brazil,Director,Male,30,2023-04-25,797,104500.0,,False,Active
EMP00205,Sales,USA,Senior IC,Female,29,2024-09-15,288,74100.0,EMP00644,False,Active
EMP00206,Sales,USA,Individual Contributor,Male,29,2024-11-09,233,55200.0,EMP00841,False,Active
EMP00207,Sales,Germany,Senior IC,Non-binary,33,2023-03-11,842,64600.0,EMP00499,True,Active
EMP00208,Customer Support,Brazil,Individual Contributor,Male,27,2024-04-07,449,26500.0,EMP01940,False,Active
EMP00209,Sales,Germany,Individual Contributor,Male,35,2020-03-22,1926,49900.0,EMP03341,False,Active
EMP00210,Engineering,Brazil,Senior IC,Male,33,2023-04-04,818,39100.0,EMP02367,True,Active
EMP00211,Customer Support,UAE,Senior IC,Male,22,2023-06-17,744,61300.0,EMP03087,True,Active
EMP00212,Customer Support,Brazil,Team Lead,,31,2016-10-15,3180,53000.0,EMP03420,False,Active
EMP00213,Sales,Canada,Senior IC,,21,2025-03-12,110,64300.0,EMP02298,False,Active
EMP00214,Customer Support,Brazil,Senior IC,Female,32,2022-09-05,1029,38700.0,EMP00386,True,Active
EMP00215,Customer Support,UAE,Manager,Male,21,2024-12-14,198,96100.0,EMP03255,False,Active
EMP00216,Customer Support,UAE,Individual Contributor,Female,24,2019-01-19,2354,45000.0,EMP01892,True,Active
EMP00217,Sales,Brazil,Team Lead,Male,21,2024-10-08,265,48800.0,EMP01902,False,Active
EMP00218,Sales,UAE,Team Lead,Male,21,2021-10-21,1348,66500.0,EMP03461,False,Active
EMP00219,Operations,Canada,Individual Contributor,,29,2022-02-27,1219,43100.0,EMP02384,False,Active
EMP00220,Engineering,India,Individual Contributor,Male,21,2024-12-18,194,26700.0,EMP00411,False,Active
EMP00221,Engineering,India,Individual Contributor,Female,21,2021-10-14,1355,25900.0,EMP02662,False,Active
EMP00222,Engineering,India,Individual Contributor,Female,26,2023-08-18,682,24700.0,EMP03392,False,Active
EMP00223,Customer Support,UAE,Senior IC,Female,29,2021-04-14,1538,62400.0,EMP00839,False,Active
EMP00224,Operations,Germany,Individual Contributor,Female,21,2023-09-22,647,51200.0,EMP01593,False,Active
EMP00225,Sales,UAE,Senior IC,Non-binary,25,2021-10-10,1359,58200.0,EMP00378,True,Active
EMP00226,Operations,UAE,Individual Contributor,Non-binary,27,2022-11-17,956,43700.0,EMP02492,True,Active
EMP00227,Sales,Canada,Individual Contributor,Male,27,2021-10-13,1356,48800.0,EMP00527,False,Active
EMP00228,Engineering,USA,Individual Contributor,Male,27,2021-05-03,1519,50700.0,EMP01472,True,Active
EMP00229,Customer Support,Brazil,Individual Contributor,Male,32,2023-01-31,881,27400.0,EMP02264,False,Active
EMP00230,Sales,Brazil,Director,Male,35,2023-05-16,776,93800.0,,True,Active
EMP00231,Sales,Canada,Individual Contributor,Male,27,2021-05-31,1491,47900.0,EMP01114,True,Active
EMP00232,Engineering,Canada,Individual Contributor,Female,21,2023-08-10,690,46200.0,EMP03180,True,Active
EMP00233,Operations,India,Individual Contributor,Male,26,2023-01-17,895,24500.0,EMP00083,True,Active
EMP00234,Customer Support,India,Individual Contributor,Non-binary,33,2018-03-27,2652,24300.0,EMP00605,True,Active
EMP00235,Operations,USA,Senior IC,Female,27,2022-08-28,1037,74000.0,EMP00440,False,Active
EMP00236,Customer Support,Canada,Team Lead,Male,32,2020-11-15,1688,90600.0,EMP02611,True,Active
EMP00237,Engineering,USA,Individual Contributor,Female,35,2023-10-29,610,57700.0,EMP01265,False,Active
EMP00238,Customer Support,Brazil,Senior IC,Female,21,2021-10-23,1346,34800.0,EMP00078,False,Active
EMP00239,Sales,UAE,Senior IC,Male,25,2022-12-31,912,65200.0,EMP02745,False,Active
EMP00240,Sales,India,Manager,Female,33,2023-04-30,792,49100.0,EMP00984,False,Active
EMP00241,Operations,USA,Senior IC,Male,23,2025-01-03,178,74700.0,EMP02374,True,Active
EMP00242,Customer Support,USA,Individual Contributor,Male,29,2024-04-02,454,52600.0,EMP01922,True,Active
EMP00243,Sales,UAE,Team Lead,Female,27,2025-01-28,153,86100.0,EMP00412,False,Active
EMP00244,Engineering,India,Manager,Male,39,2016-06-05,3312,47500.0,EMP02091,False,Active
EMP00245,Customer Support,USA,Senior IC,Male,35,2022-11-26,947,76600.0,EMP03027,True,Active
EMP00246,Operations,Brazil,Director,Male,29,2022-08-23,1042,85100.0,,False,Active
EMP00247,Customer Support,USA,Manager,,23,2020-04-25,1892,115700.0,EMP02913,True,Terminated
EMP00248,Engineering,UAE,Individual Contributor,Male,25,2022-01-18,1259,46700.0,EMP00975,True,Active
EMP00249,Engineering,Germany,Team Lead,Female,35,2023-05-05,787,90100.0,EMP01000,True,Active
EMP00250,Engineering,USA,Senior IC,Female,21,2023-04-28,794,79000.0,EMP00613,False,Active
EMP00251,Customer Support,USA,Senior IC,Female,28,2024-05-03,423,70600.0,EMP00753,False,Active
EMP00252,Operations,India,Senior IC,Female,21,2021-08-07,1423,44100.0,EMP00852,False,Active
EMP00253,Engineering,India,Manager,Male,23,2021-07-03,1458,54600.0,EMP02263,True,Active
EMP00254,Sales,Brazil,Senior IC,,31,2022-08-14,1051,37300.0,EMP00486,True,Active
EMP00255,Sales,India,Senior IC,Male,27,2022-12-14,929,36300.0,EMP01889,True,Active
EMP00256,Customer Support,Germany,Individual Contributor,Male,27,2021-06-24,1467,52900.0,EMP00943,False,Active
EMP00257,Customer Support,USA,Senior IC,Male,22,2024-05-11,415,78300.0,EMP00544,False,Active
EMP00258,Sales,USA,Manager,Male,21,2021-12-02,1306,113600.0,EMP02877,False,Active
EMP00259,Sales,Canada,Team Lead,Male,35,2017-12-23,2746,84000.0,EMP01874,True,Active
EMP00260,Customer Support,USA,Individual Contributor,,25,2023-10-15,624,59000.0,EMP01009,True,Active
EMP00261,Sales,Canada,Manager,Female,21,2023-02-17,864,88600.0,EMP02228,True,Active
EMP00262,Operations,Germany,Manager,Male,31,2019-03-25,2289,116600.0,EMP03178,False,Active
EMP00263,Engineering,USA,Senior IC,Female,30,2022-08-12,1053,86500.0,EMP00994,False,Active
EMP00264,Sales,USA,Individual Contributor,Male,29,2020-08-18,1777,58700.0,EMP00879,False,Active
EMP00265,Operations,USA,Senior IC,Male,29,2021-10-10,1359,75000.0,EMP02374,False,Active
EMP00266,Sales,UAE,Individual Contributor,Female,29,2021-07-23,1438,45800.0,EMP01721,False,Active
EMP00267,Sales,India,Individual Contributor,Female,23,2023-11-12,596,25700.0,EMP02354,False,Active
EMP00268,Sales,Germany,Senior IC,Female,26,2023-11-27,581,67200.0,EMP00606,False,Active
EMP00269,Sales,Brazil,Senior Manager,Male,32,2021-01-20,1622,58400.0,EMP03261,False,Active
EMP00270,Sales,India,Individual Contributor,Male,29,2024-08-21,313,29600.0,EMP00068,True,Terminated
EMP00271,Sales,Canada,Manager,,30,2023-01-18,894,103900.0,EMP00979,False,Active
EMP00272,Sales,Canada,Senior Manager,Female,26,2021-06-23,1468,102200.0,EMP02185,False,Active
EMP00273,Sales,Brazil,Individual Contributor,Female,29,2023-02-20,861,30900.0,EMP01811,True,Terminated
EMP00274,Customer Support,UAE,Individual Contributor,Male,29,2022-12-07,936,45600.0,EMP01190,False,Active
EMP00275,Customer Support,UAE,Team Lead,Female,27,2020-06-20,1836,72900.0,EMP03408,False,Active
EMP00276,Engineering,India,Team Lead,Female,29,2018-09-25,2470,44600.0,EMP01217,False,Active
EMP00277,Engineering,Brazil,Individual Contributor,Male,39,2014-02-07,4161,24800.0,EMP02368,False,Active
EMP00278,Engineering,USA,Senior IC,Male,36,2019-02-09,2333,74700.0,EMP01417,True,Active
EMP00279,Operations,Brazil,Senior IC,Male,21,2023-06-29,732,39200.0,EMP01523,False,Terminated
EMP00280,Operations,Canada,Team Lead,Male,32,2024-01-30,517,78500.0,EMP02707,False,Active
EMP00281,Sales,USA,Team Lead,Male,31,2023-06-21,740,79900.0,EMP01243,False,Active
EMP00282,Sales,UAE,Individual Contributor,Male,29,2021-06-06,1485,47200.0,EMP01399,True,Active
EMP00283,Sales,Canada,Individual Contributor,Female,26,2023-04-24,798,52100.0,EMP02714,False,Active
EMP00284,Sales,USA,Individual Contributor,Female,28,2023-10-24,615,57000.0,EMP00308,False,Active
EMP00285,Engineering,India,Senior Manager,Non-binary,29,2018-03-13,2666,63700.0,EMP01490,False,Active
EMP00286,Engineering,Canada,Senior Manager,Male,26,2023-05-13,779,143400.0,EMP00988,True,Active
EMP00287,Sales,Canada,Team Lead,Male,22,2021-08-23,1407,72200.0,EMP01678,True,Active
EMP00288,Engineering,USA,Individual Contributor,Female,21,2021-09-17,1382,58600.0,EMP02009,False,Active
EMP00289,Engineering,Germany,Senior IC,Female,34,2024-12-29,183,69600.0,EMP01485,False,Active
EMP00290,Sales,Brazil,Individual Contributor,Female,32,2018-06-25,2562,33400.0,EMP03483,False,Active
EMP00291,Operations,USA,Individual Contributor,Male,26,2024-06-02,393,56900.0,EMP03200,True,Active
EMP00292,Sales,Germany,Individual Contributor,Male,25,2024-09-19,284,52800.0,EMP00528,False,Active
EMP00293,Operations,USA,Manager,Male,23,2023-07-18,713,113700.0,EMP02239,False,Active
EMP00294,Sales,USA,Individual Contributor,Male,25,2024-01-24,523,50500.0,EMP01128,True,Active
EMP00295,Operations,India,Senior IC,Female,31,2019-03-11,2303,33300.0,EMP02485,True,Active
EMP00296,Operations,India,Director,Male,27,2022-02-01,1245,80700.0,,False,Active
EMP00297,Operations,India,Team Lead,Female,23,2023-09-07,662,46200.0,EMP03332,False,Active
EMP00298,Customer Support,Brazil,Individual Contributor,Female,27,2024-09-29,274,29300.0,EMP03296,True,Active
EMP00299,Customer Support,Germany,Manager,Male,29,2021-10-22,1347,98100.0,EMP00198,False,Active
EMP00300,Customer Support,USA,Senior IC,Male,28,2023-03-19,834,83000.0,EMP00399,False,Active
EMP00301,Customer Support,USA,Senior IC,Female,31,2021-06-16,1475,62900.0,EMP00082,False,Active
EMP00302,Sales,USA,Senior IC,Female,27,2022-01-27,1250,67000.0,EMP02757,False,Active
EMP00303,Engineering,Germany,Manager,Male,25,2024-01-10,537,79800.0,EMP00809,False,Active
EMP00304,Engineering,USA,Senior IC,Female,35,2021-02-06,1605,82000.0,EMP02516,True,Active
EMP00305,Operations,USA,Senior IC,Male,22,2024-07-12,353,74200.0,EMP01168,True,Active
EMP00306,Engineering,USA,Senior IC,Male,21,2023-04-15,807,80500.0,EMP01065,True,Active
EMP00307,Engineering,Brazil,Individual Contributor,Female,29,2023-01-21,891,28500.0,EMP02100,False,Active
EMP00308,Customer Support,India,Team Lead,Female,25,2022-10-21,983,46400.0,EMP02683,False,Active
EMP00309,Sales,Canada,Individual Contributor,Female,21,2024-08-01,333,47500.0,EMP01973,True,Active
EMP00310,Sales,UAE,Individual Contributor,Male,34,2019-05-24,2229,47100.0,EMP02001,False,Active
EMP00311,Engineering,India,Individual Contributor,,25,2024-01-11,536,27000.0,EMP02578,False,Active
EMP00312,Engineering,USA,Individual Contributor,Male,21,2024-11-26,216,56700.0,EMP00612,False,Active
EMP00313,Sales,India,Individual Contributor,Female,36,2021-12-30,1278,30000.0,EMP02056,True,Active
EMP00314,Engineering,USA,Senior IC,Male,27,2016-07-05,3282,65000.0,EMP01006,False,Active
EMP00315,Engineering,Germany,Individual Contributor,Female,25,2024-12-30,182,50100.0,EMP00570,False,Active
EMP00316,Engineering,Germany,Individual Contributor,Female,21,2024-04-06,450,51200.0,EMP01154,True,Active
EMP00317,Engineering,Germany,Manager,Male,31,2020-06-04,1852,100100.0,EMP00673,True,Active
EMP00318,Customer Support,USA,Director,Male,25,2022-08-31,1034,167000.0,,True,Active
EMP00319,Sales,Brazil,Senior IC,Female,29,2024-07-20,345,37300.0,EMP00083,False,Active
EMP00320,Operations,UAE,Individual Contributor,Female,27,2023-01-26,886,51200.0,EMP02609,True,Active
EMP00321,Operations,Brazil,Individual Contributor,Male,38,2017-11-14,2785,28600.0,EMP01227,True,Active
EMP00322,Engineering,India,Individual Contributor,Female,29,2018-12-18,2386,31500.0,EMP02292,False,Active
EMP00323,Engineering,India,Individual Contributor,Female,30,2013-03-05,4500,27500.0,EMP02622,False,Active
EMP00324,Engineering,USA,Senior Manager,Female,30,2020-12-18,1655,132600.0,EMP02870,False,Active
EMP00325,Operations,Brazil,Team Lead,Female,25,2023-08-04,696,48900.0,EMP00276,False,Active
EMP00326,Customer Support,India,Individual Contributor,Male,22,2020-06-26,1830,26600.0,EMP01779,False,Active
EMP00327,Customer Support,USA,Senior Manager,Male,22,2023-11-24,584,150300.0,EMP01441,False,Active
EMP00328,Engineering,Germany,Senior IC,Male,24,2022-12-01,942,61900.0,EMP01233,False,Active
EMP00329,Customer Support,Canada,Individual Contributor,Male,32,2023-11-20,588,41100.0,EMP02810,False,Active
EMP00330,Sales,India,Senior IC,Female,32,2020-12-23,1650,36800.0,EMP00246,False,Active
EMP00331,Customer Support,India,Individual Contributor,Male,27,2021-03-31,1552,28200.0,EMP01080,False,Active
EMP00332,Sales,India,Manager,Female,28,2023-10-09,630,53400.0,EMP02761,True,Active
EMP00333,Customer Support,Germany,Individual Contributor,Female,22,2019-09-17,2113,53100.0,EMP01377,False,Active
EMP00334,Operations,India,Senior IC,Male,29,2018-06-29,2558,37300.0,EMP00271,False,Active
EMP00335,Sales,Germany,Individual Contributor,Female,28,2023-07-30,701,44400.0,EMP00618,False,Active
EMP00336,Customer Support,Germany,Manager,Female,29,2021-10-04,1365,102000.0,EMP01053,False,Active
EMP00337,Sales,Brazil,Senior IC,Female,30,2018-03-19,2660,43100.0,EMP00889,True,Active
EMP00338,Customer Support,USA,Senior IC,Male,28,2021-12-26,1282,75800.0,EMP02324,False,Active
EMP00339,Sales,UAE,Individual Contributor,Female,28,2023-04-14,808,40800.0,EMP00612,True,Active
EMP00340,Operations,Germany,Manager,Male,27,2022-11-03,970,97100.0,EMP02659,False,Active
EMP00341,Sales,Brazil,Senior IC,Male,30,2023-08-05,695,40700.0,EMP01087,True,Active
EMP00342,Operations,India,Individual Contributor,Male,32,2019-08-05,2156,30200.0,EMP00247,True,Active
EMP00343,Customer Support,India,Manager,Female,32,2020-01-23,1985,44100.0,EMP00041,True,Active
EMP00344,Customer Support,India,Individual Contributor,Male,41,2015-05-24,3690,27200.0,EMP02111,False,Active
EMP00345,Customer Support,Canada,Individual Contributor,Female,29,2023-12-05,573,44400.0,EMP02568,False,Active
EMP00346,Customer Support,India,Senior IC,Male,33,2023-09-07,662,37200.0,EMP00506,False,Active
EMP00347,Operations,Brazil,Individual Contributor,Male,23,2024-09-14,289,30200.0,EMP01079,False,Active
EMP00348,Sales,Brazil,Senior IC,Female,22,2021-05-29,1493,38300.0,EMP02638,False,Active
EMP00349,Customer Support,USA,Individual Contributor,Male,25,2024-05-24,402,58000.0,EMP03050,False,Active
EMP00350,Sales,Germany,Individual Contributor,Male,33,2015-09-20,3571,55000.0,EMP02542,False,Active
EMP00351,Customer Support,Germany,Individual Contributor,Female,32,2024-01-24,523,49700.0,EMP02154,False,Active
EMP00352,Sales,USA,Individual Contributor,Female,21,2025-01-12,169,49300.0,EMP02612,False,Active
EMP00353,Engineering,Germany,Senior Manager,Male,25,2024-06-07,388,138000.0,EMP01043,False,Active
EMP00354,Engineering,Germany,Senior IC,Male,30,2022-01-22,1255,72800.0,EMP00236,True,Active
EMP00355,Engineering,India,Senior IC,Male,28,2022-11-13,960,37400.0,EMP01969,False,Active
EMP00356,Engineering,USA,Individual Contributor,Female,25,2024-02-02,514,52100.0,EMP01945,True,Active
EMP00357,Customer Support,UAE,Team Lead,Male,28,2022-12-18,925,79900.0,EMP02803,False,Active
EMP00358,Customer Support,Germany,Individual Contributor,Male,31,2023-09-28,641,58600.0,EMP00856,False,Active
EMP00359,Engineering,Brazil,Individual Contributor,Male,35,2021-06-23,1468,28500.0,EMP03104,False,Active
EMP00360,Customer Support,USA,Senior IC,Male,26,2024-05-10,416,75300.0,EMP01735,True,Active
EMP00361,Operations,India,Senior IC,Female,24,2022-05-25,1132,32700.0,EMP01527,False,Active
EMP00362,Sales,USA,Team Lead,Male,34,2022-04-21,1166,84500.0,EMP03466,False,Terminated
EMP00363,Sales,Brazil,Manager,Female,23,2022-10-22,982,52100.0,EMP01882,False,Active
EMP00364,Sales,Germany,Manager,Female,35,2021-10-19,1350,100800.0,EMP00327,False,Active
EMP00365,Customer Support,Canada,Individual Contributor,Male,32,2022-12-26,917,46700.0,EMP00911,True,Active
EMP00366,Engineering,Germany,Individual Contributor,Female,35,2021-01-04,1638,51900.0,EMP02060,False,Active
EMP00367,Customer Support,India,Individual Contributor,Female,30,2022-10-23,981,24500.0,EMP00819,False,Active
EMP00368,Customer Support,USA,Team Lead,Female,22,2019-06-04,2218,88500.0,EMP00601,False,Active
EMP00369,Engineering,India,Senior Manager,Male,23,2022-05-29,1128,59900.0,EMP01043,False,Active
EMP00370,Operations,India,Senior Manager,Non-binary,32,2019-09-02,2128,65900.0,EMP01778,False,Active
EMP00371,Customer Support,Germany,Individual Contributor,Female,24,2023-09-18,651,43800.0,EMP00336,True,Active
EMP00372,Sales,USA,Manager,Female,24,2024-03-29,458,110600.0,EMP01812,True,Active
EMP00373,Engineering,USA,Senior IC,Male,31,2021-01-12,1630,73100.0,EMP02537,True,Active
EMP00374,Engineering,USA,Manager,Female,27,2022-10-10,994,110800.0,EMP01567,False,Active
EMP00375,Sales,Canada,Senior IC,Non-binary,21,2025-03-09,113,56400.0,EMP02409,False,Active
EMP00376,Sales,Germany,Individual Contributor,Male,30,2023-12-15,563,53000.0,EMP02229,False,Active
EMP00377,Operations,USA,Individual Contributor,Female,30,2022-01-18,1259,53900.0,EMP01739,False,Terminated
EMP00378,Engineering,Canada,Senior Manager,Male,26,2022-12-10,933,120000.0,EMP03400,False,Active
EMP00379,Engineering,USA,Senior IC,Female,29,2024-01-04,543,63600.0,EMP02123,False,Active
EMP00380,Customer Support,Germany,Individual Contributor,Male,28,2022-10-16,988,45400.0,EMP02807,False,Active
EMP00381,Engineering,Brazil,Individual Contributor,Female,33,2022-06-18,1108,27900.0,EMP02232,False,Active
EMP00382,Operations,Canada,Individual Contributor,Male,26,2024-11-25,217,53300.0,EMP03344,False,Active
EMP00383,Customer Support,Brazil,Senior Manager,Male,36,2019-10-10,2090,73800.0,EMP01489,False,Active
EMP00384,Engineering,India,Individual Contributor,Male,24,2018-12-02,2402,26700.0,EMP00664,False,Active
EMP00385,Engineering,Canada,Individual Contributor,Male,28,2023-12-17,561,44500.0,EMP00642,False,Active
EMP00386,Operations,USA,Team Lead,Female,32,2016-09-13,3212,81800.0,EMP03481,False,Active
EMP00387,Customer Support,Canada,Senior IC,Male,24,2022-12-04,939,66400.0,EMP02775,False,Active
EMP00388,Operations,UAE,Individual Contributor,,31,2023-10-26,613,48200.0,EMP01060,False,Active
EMP00389,Sales,Canada,Individual Contributor,Female,30,2023-11-10,598,48800.0,EMP01544,False,Active
EMP00390,Operations,USA,Individual Contributor,Female,25,2017-01-27,3076,62700.0,EMP00124,False,Active
EMP00391,Customer Support,USA,Individual Contributor,Female,29,2024-05-03,423,52200.0,EMP03330,False,Active
EMP00392,Sales,Brazil,Individual Contributor,Female,30,2022-06-01,1125,29200.0,EMP01505,True,Active
EMP00393,Customer Support,India,Individual Contributor,Male,25,2022-02-23,1223,22800.0,EMP01340,False,Active
EMP00394,Customer Support,India,Team Lead,Male,26,2021-01-05,1637,43600.0,EMP00880,True,Active
EMP00395,Sales,Canada,Manager,Male,21,2022-08-04,1061,106200.0,EMP00293,True,Active
EMP00396,Engineering,India,Manager,Male,31,2017-06-18,2934,47900.0,EMP02654,True,Active
EMP00397,Operations,Germany,Individual Contributor,Female,33,2016-06-25,3292,53800.0,EMP00788,False,Active
EMP00398,Sales,Germany,Individual Contributor,Male,35,2018-08-13,2513,56200.0,EMP00308,False,Active
EMP00399,Engineering,USA,Director,Female,29,2021-11-30,1308,163000.0,,False,Active
EMP00400,Engineering,USA,Team Lead,Female,25,2020-05-20,1867,93100.0,EMP01902,False,Active
EMP00401,Engineering,USA,Senior IC,Female,28,2023-04-23,799,84200.0,EMP00276,False,Active
EMP00402,Operations,UAE,Individual Contributor,Female,29,2019-08-21,2140,46400.0,EMP01012,False,Active
EMP00403,Customer Support,Brazil,Individual Contributor,Female,23,2023-09-27,642,30600.0,EMP01927,False,Active
EMP00404,Sales,India,Senior IC,Male,21,2024-03-01,486,30700.0,EMP00743,False,Active
EMP00405,Operations,Germany,Senior IC,Female,28,2024-03-13,474,71500.0,EMP03473,True,Active
EMP00406,Operations,Brazil,Individual Contributor,Female,30,2021-05-29,1493,30000.0,EMP03072,False,Active
EMP00407,Sales,UAE,Senior Manager,Male,34,2018-01-31,2707,100200.0,EMP03098,False,Active
EMP00408,Operations,Canada,Senior IC,Female,29,2017-09-14,2846,60000.0,EMP01794,True,Active
EMP00409,Sales,India,Senior IC,Male,26,2025-02-27,123,37500.0,EMP03464,False,Active
EMP00410,Operations,UAE,Individual Contributor,Male,24,2020-03-04,1944,44500.0,EMP01133,True,Active
EMP00411,Customer Support,India,Team Lead,Male,22,2024-03-29,458,46700.0,EMP01934,False,Active
EMP00412,Customer Support,India,Team Lead,Male,36,2014-03-19,4121,44000.0,EMP02609,False,Terminated
EMP00413,Sales,UAE,Individual Contributor,Male,26,2024-07-26,339,45800.0,EMP01767,True,Active
EMP00414,Operations,Germany,Senior IC,Male,21,2024-11-20,222,67300.0,EMP02987,True,Active
EMP00415,Sales,Germany,Senior IC,Male,26,2020-02-07,1970,69800.0,EMP00383,False,Active
EMP00416,Sales,Germany,Manager,Male,25,2023-05-30,762,106200.0,EMP01527,False,Active
EMP00417,Sales,India,Individual Contributor,Female,30,2023-07-03,728,27500.0,EMP02900,False,Active
EMP00418,Customer Support,India,Manager,Male,23,2023-12-24,554,50500.0,EMP00642,True,Active
EMP00419,Sales,Brazil,Senior IC,Male,27,2023-10-07,632,42900.0,EMP01343,False,Active
EMP00420,Operations,Germany,Individual Contributor,Female,31,2019-12-12,2027,53100.0,EMP03489,False,Active
EMP00421,Customer Support,USA,Individual Contributor,Male,25,2024-03-14,473,56900.0,EMP02132,True,Active
EMP00422,Sales,UAE,Individual Contributor,Male,28,2022-12-31,912,45900.0,EMP01257,False,Active
EMP00423,Sales,Germany,Individual Contributor,Male,21,2024-04-25,431,52400.0,EMP01266,False,Terminated
EMP00424,Sales,Canada,Senior IC,Female,25,2022-07-02,1094,55500.0,EMP00735,True,Active
EMP00425,Customer Support,USA,Team Lead,Female,32,2023-07-12,719,91400.0,EMP02568,False,Active
EMP00426,Customer Support,India,Individual Contributor,Female,34,2021-08-23,1407,29900.0,EMP00378,False,Active
EMP00427,Sales,India,Director,,32,2021-04-16,1536,84000.0,,False,Active
EMP00428,Operations,UAE,Individual Contributor,,36,2018-01-02,2736,45900.0,EMP00464,False,Active
EMP00429,Sales,USA,Senior IC,Male,28,2014-09-05,3951,71200.0,EMP02629,True,Active
EMP00430,Customer Support,Canada,Senior Manager,Female,22,2023-11-07,601,122700.0,EMP03292,False,Active
EMP00431,Operations,India,Manager,Female,28,2020-12-15,1658,51400.0,EMP00317,True,Active
EMP00432,Customer Support,India,Senior IC,,36,2023-07-22,709,39500.0,EMP03305,False,Active
EMP00433,Customer Support,India,Team Lead,Male,27,2021-05-17,1505,39900.0,EMP03220,True,Active
EMP00434,Operations,USA,Individual Contributor,Male,31,2021-06-30,1461,53200.0,EMP01773,False,Active
EMP00435,Sales,India,Individual Contributor,Female,30,2021-07-31,1430,25100.0,EMP00136,False,Active
EMP00436,Sales,USA,Senior IC,Female,31,2020-09-19,1745,85700.0,EMP02402,True,Active
EMP00437,Sales,Germany,Individual Contributor,Male,28,2022-05-12,1145,49600.0,EMP01818,False,Active
EMP00438,Engineering,India,Individual Contributor,Male,22,2023-05-27,765,25200.0,EMP02910,False,Active
EMP00439,Customer Support,India,Individual Contributor,Female,21,2022-06-23,1103,22000.0,EMP01036,True,Active
EMP00440,Customer Support,USA,Senior Manager,Male,40,2015-03-11,3764,125800.0,EMP01940,False,Active
EMP00441,Operations,USA,Manager,Male,24,2023-09-13,656,113900.0,EMP03114,False,Terminated
EMP00442,Sales,USA,Manager,Male,21,2023-04-10,812,113800.0,EMP02319,False,Active
EMP00443,Customer Support,USA,Team Lead,Male,28,2023-12-14,564,85000.0,EMP02254,False,Active
EMP00444,Sales,India,Individual Contributor,Female,27,2024-12-31,181,25100.0,EMP03370,True,Active
EMP00445,Sales,USA,Individual Contributor,Male,30,2022-10-30,974,63400.0,EMP01713,True,Active
EMP00446,Customer Support,Canada,Senior IC,Male,33,2021-03-08,1575,79000.0,EMP00616,False,Active
EMP00447,Operations,USA,Senior IC,Male,22,2024-02-25,491,81600.0,EMP03407,False,Active
EMP00448,Customer Support,USA,Individual Contributor,Male,28,2018-09-28,2467,62100.0,EMP00508,False,Active
EMP00449,Sales,UAE,Senior IC,Male,27,2021-09-21,1378,70500.0,EMP01919,False,Active
EMP00450,Customer Support,Germany,Senior IC,Female,33,2019-11-29,2040,80300.0,EMP02626,True,Active
EMP00451,Sales,Germany,Individual Contributor,Female,21,2021-12-20,1288,49200.0,EMP02733,True,Active
EMP00452,Operations,Canada,Individual Contributor,Male,28,2023-01-03,909,44600.0,EMP02443,False,Active
EMP00453,Customer Support,Canada,Individual Contributor,Female,30,2023-05-14,778,55000.0,EMP01472,True,Active
EMP00454,Sales,Brazil,Senior IC,Male,31,2022-01-26,1251,36000.0,EMP00656,False,Active
EMP00455,Sales,USA,Senior Manager,Male,31,2021-11-07,1331,124500.0,EMP00139,True,Active
EMP00456,Sales,India,Senior IC,Non-binary,31,2023-08-06,694,32900.0,EMP01054,True,Active
EMP00457,Operations,Canada,Team Lead,Male,21,2023-01-20,892,77200.0,EMP03391,True,Active
EMP00458,Engineering,Canada,Manager,Male,40,2016-06-10,3307,79900.0,EMP02387,False,Active
EMP00459,Customer Support,USA,Individual Contributor,Male,29,2022-06-08,1118,48900.0,EMP01416,False,Active
EMP00460,Customer Support,Germany,Senior IC,Non-binary,33,2022-03-17,1201,64900.0,EMP01726,False,Active
EMP00461,Engineering,Germany,Senior IC,Female,27,2017-10-27,2803,61700.0,EMP01172,False,Active
EMP00462,Sales,USA,Senior IC,Female,21,2021-10-26,1343,81100.0,EMP03128,True,Active
EMP00463,Operations,Brazil,Individual Contributor,Male,34,2022-09-15,1019,28800.0,EMP01557,False,Active
EMP00464,Engineering,USA,Manager,Male,26,2020-01-06,2002,114300.0,EMP02929,False,Active
EMP00465,Engineering,Germany,Senior Manager,Male,28,2020-10-23,1711,128500.0,EMP00167,False,Active
EMP00466,Customer Support,USA,Individual Contributor,Female,30,2022-02-24,1222,54300.0,EMP01690,False,Active
EMP00467,Customer Support,India,Individual Contributor,Male,31,2021-12-12,1296,28500.0,EMP02091,False,Active
EMP00468,Operations,USA,Individual Contributor,Male,31,2023-03-23,830,57200.0,EMP02317,False,Active
EMP00469,Sales,Germany,Team Lead,Male,27,2024-05-21,405,79800.0,EMP00083,False,Active
EMP00470,Engineering,USA,Senior IC,Female,25,2021-04-04,1548,64700.0,EMP02239,False,Active
EMP00471,Engineering,Canada,Individual Contributor,Male,28,2024-09-27,276,50000.0,EMP02935,False,Active
EMP00472,Engineering,USA,Manager,Male,29,2024-05-05,421,98200.0,EMP00336,False,Active
EMP00473,Sales,India,Individual Contributor,Male,21,2023-01-29,883,27200.0,EMP01166,True,Active
EMP00474,Sales,USA,Senior IC,Female,32,2023-04-04,818,75200.0,EMP01472,True,Active
EMP00475,Sales,USA,Individual Contributor,Male,21,2020-12-11,1662,49200.0,EMP00911,False,Active
EMP00476,Engineering,USA,Senior IC,Female,34,2020-02-20,1957,76300.0,EMP01517,False,Active
EMP00477,Engineering,USA,Senior IC,Female,32,2015-08-14,3608,75900.0,EMP03128,True,Active
EMP00478,Customer Support,USA,Individual Contributor,Female,28,2024-11-06,236,56100.0,EMP03142,False,Active
EMP00479,Customer Support,India,Senior IC,Male,30,2021-08-05,1425,36200.0,EMP02078,False,Terminated
EMP00480,Engineering,India,Manager,Male,28,2021-09-13,1386,49500.0,EMP03096,True,Active
EMP00481,Engineering,USA,Senior IC,Female,30,2022-01-09,1268,78300.0,EMP02840,False,Active
EMP00482,Sales,India,Senior Manager,Female,28,2021-04-05,1547,61300.0,EMP00199,False,Active
EMP00483,Customer Support,India,Senior IC,Female,32,2020-08-23,1772,32700.0,EMP01351,False,Active
EMP00484,Engineering,USA,Team Lead,Female,40,2018-08-09,2517,94500.0,EMP02953,False,Active
EMP00485,Sales,Germany,Individual Contributor,Male,23,2021-12-13,1295,54200.0,EMP01527,True,Active
EMP00486,Engineering,USA,Team Lead,Female,21,2017-03-27,3017,94100.0,EMP02123,False,Active
EMP00487,Engineering,USA,Individual Contributor,Female,26,2021-12-06,1302,54300.0,EMP01429,False,Active
EMP00488,Sales,India,Individual Contributor,Non-binary,25,2023-06-26,735,22300.0,EMP00067,False,Active
EMP00489,Engineering,Canada,Individual Contributor,Female,26,2022-02-25,1221,53700.0,EMP01971,True,Active
EMP00490,Engineering,Canada,Individual Contributor,Male,22,2024-01-20,527,40500.0,EMP01329,False,Active
EMP00491,Customer Support,Canada,Senior Manager,Male,29,2023-12-28,550,123500.0,EMP02683,False,Active
EMP00492,Customer Support,Germany,Director,Male,22,2022-12-04,939,184100.0,,False,Active
EMP00493,Customer Support,USA,Team Lead,Male,29,2023-03-10,843,90800.0,EMP00383,True,Active
EMP00494,Engineering,Germany,Individual Contributor,Female,34,2018-09-23,2472,51600.0,EMP01257,False,Active
EMP00495,Customer Support,USA,Manager,Male,28,2022-12-12,931,112600.0,EMP01366,True,Active
EMP00496,Engineering,USA,Team Lead,Male,28,2024-03-21,466,91100.0,EMP02365,False,Active
EMP00497,Engineering,USA,Individual Contributor,Female,31,2022-07-30,1066,65600.0,EMP01387,True,Active
EMP00498,Customer Support,India,Senior IC,Male,28,2021-12-15,1293,33300.0,EMP01971,False,Active
EMP00499,Engineering,Germany,Team Lead,Male,26,2022-05-09,1148,75600.0,EMP03180,False,Active
EMP00500,Engineering,USA,Individual Contributor,Male,28,2024-04-09,447,53800.0,EMP02053,False,Active
EMP00501,Customer Support,Brazil,Senior IC,Male,34,2018-04-01,2647,44400.0,EMP00364,False,Active
EMP00502,Operations,Germany,Team Lead,Female,29,2024-12-01,211,78100.0,EMP01676,True,Active
EMP00503,Operations,UAE,Individual Contributor,Male,21,2022-05-21,1136,47200.0,EMP03101,True,Active
EMP00504,Engineering,USA,Senior IC,Male,25,2024-04-22,434,81200.0,EMP01678,True,Active
EMP00505,Engineering,India,Senior IC,Male,26,2019-10-22,2078,38000.0,EMP03443,False,Active
EMP00506,Customer Support,USA,Team Lead,Female,31,2021-08-01,1429,97000.0,EMP03166,False,Active
EMP00507,Engineering,India,Senior Manager,Male,31,2021-12-15,1293,72300.0,EMP00953,True,Active
EMP00508,Operations,USA,Manager,Male,26,2023-02-02,879,111900.0,EMP01435,False,Active
EMP00509,Engineering,USA,Senior IC,Female,28,2018-08-28,2498,72000.0,EMP00651,True,Active
EMP00510,Sales,India,Senior IC,Male,29,2023-02-04,877,36200.0,EMP00671,False,Active
EMP00511,Sales,USA,Senior IC,Male,33,2016-10-06,3189,72700.0,EMP01279,False,Active
EMP00512,Operations,USA,Senior IC,Male,32,2024-01-10,537,89800.0,EMP01450,False,Active
EMP00513,Sales,Canada,Individual Contributor,Male,35,2022-07-25,1071,46000.0,EMP01233,False,Active
EMP00514,Sales,USA,Team Lead,Female,33,2020-09-24,1740,93200.0,EMP02551,False,Active
EMP00515,Engineering,India,Team Lead,Non-binary,30,2021-05-25,1497,37700.0,EMP00560,False,Active
EMP00516,Sales,India,Senior IC,Male,35,2022-09-23,1011,36100.0,EMP01652,True,Active
EMP00517,Engineering,USA,Manager,Male,26,2024-11-02,240,106700.0,EMP03103,True,Active
EMP00518,Customer Support,India,Team Lead,Female,26,2022-03-27,1191,45200.0,EMP02548,False,Terminated
EMP00519,Sales,USA,Individual Contributor,Female,24,2023-04-22,800,58300.0,EMP00725,False,Active
EMP00520,Operations,Brazil,Individual Contributor,Male,23,2023-09-08,661,32100.0,EMP00852,False,Active
EMP00521,Operations,USA,Individual Contributor,Female,29,2020-07-17,1809,61100.0,EMP03246,True,Active
EMP00522,Engineering,USA,Individual Contributor,Male,27,2024-12-19,193,54900.0,EMP02023,True,Active
EMP00523,Sales,Germany,Senior IC,Male,22,2022-08-27,1038,63100.0,EMP03084,False,Active
EMP00524,Customer Support,Canada,Individual Contributor,Male,23,2025-04-26,65,44800.0,EMP03033,False,Active
EMP00525,Sales,UAE,Individual Contributor,Female,29,2021-05-17,1505,46700.0,EMP01526,False,Active
EMP00526,Engineering,Canada,Individual Contributor,Male,32,2020-07-05,1821,48600.0,EMP01827,False,Active
EMP00527,Operations,India,Team Lead,Female,28,2022-04-08,1179,43800.0,EMP01288,False,Active
EMP00528,Operations,Brazil,Team Lead,Male,28,2023-06-17,744,44800.0,EMP02224,True,Active
EMP00529,Customer Support,India,Individual Contributor,Male,26,2018-09-21,2474,29400.0,EMP02263,True,Active
EMP00530,Engineering,Canada,Individual Contributor,Male,28,2018-06-04,2583,42300.0,EMP02369,True,Active
EMP00531,Customer Support,India,Individual Contributor,Female,28,2021-10-29,1340,25200.0,EMP03024,True,Active
EMP00532,Customer Support,Germany,Individual Contributor,Female,34,2017-09-24,2836,46100.0,EMP02585,False,Active
EMP00533,Engineering,India,Individual Contributor,Non-binary,27,2024-01-11,536,26000.0,EMP00372,False,Active
EMP00534,Customer Support,India,Individual Contributor,Male,24,2022-11-07,966,29000.0,EMP01233,False,Active
EMP00535,Sales,USA,Individual Contributor,Male,24,2025-03-14,108,53900.0,EMP01988,False,Active
EMP00536,Sales,Germany,Senior Manager,Male,32,2024-05-18,408,124900.0,EMP02187,False,Active
EMP00537,Engineering,Germany,Senior IC,,28,2024-06-18,377,71900.0,EMP03033,False,Active
EMP00538,Sales,UAE,Manager,Female,28,2021-05-23,1499,87800.0,EMP01439,True,Active
EMP00539,Sales,Germany,Individual Contributor,Male,22,2024-04-23,433,51900.0,EMP02877,False,Active
EMP00540,Operations,UAE,Individual Contributor,Male,22,2025-01-01,180,46500.0,EMP01359,True,Active
EMP00541,Operations,India,Senior Manager,Male,26,2023-10-18,621,59000.0,,False,Active
EMP00542,Engineering,Brazil,Individual Contributor,Female,27,2023-08-15,685,27700.0,EMP01652,False,Active
EMP00543,Operations,USA,Senior IC,Male,28,2024-07-24,341,76900.0,EMP00555,False,Active
EMP00544,Operations,Canada,Director,Female,29,2022-06-10,1116,165400.0,,False,Active
EMP00545,Sales,India,Senior IC,Male,26,2022-01-13,1264,39400.0,EMP00860,True,Active
EMP00546,Engineering,USA,Individual Contributor,Male,23,2024-10-05,268,64500.0,EMP00087,True,Active
EMP00547,Engineering,USA,Senior IC,Male,37,2020-12-15,1658,77700.0,EMP02301,True,Active
EMP00548,Sales,USA,Individual Contributor,Female,24,2024-02-11,505,53400.0,EMP02591,False,Active
EMP00549,Customer Support,Germany,Individual Contributor,Female,21,2023-08-24,676,50100.0,EMP00492,False,Terminated
EMP00550,Engineering,Brazil,Individual Contributor,Female,22,2021-07-24,1437,28500.0,EMP02027,True,Active
EMP00551,Engineering,Canada,Manager,Female,25,2023-08-19,681,91900.0,EMP01753,True,Active
EMP00552,Sales,Brazil,Team Lead,Female,29,2024-05-12,414,48200.0,EMP00507,False,Active
EMP00553,Sales,India,Individual Contributor,Male,25,2022-07-27,1069,27300.0,EMP02111,False,Active
EMP00554,Operations,India,Individual Contributor,Female,36,2019-10-06,2094,23900.0,EMP00943,True,Active
EMP00555,Sales,UAE,Team Lead,Female,30,2020-03-20,1928,80600.0,EMP02878,False,Active
EMP00556,Sales,UAE,Senior Manager,Male,31,2023-10-08,631,95600.0,EMP02123,False,Active
EMP00557,Sales,Germany,Individual Contributor,Female,23,2024-03-12,475,49500.0,EMP00412,True,Active
EMP00558,Engineering,Canada,Individual Contributor,Female,23,2023-12-18,560,52400.0,EMP01809,True,Active
EMP00559,Customer Support,Germany,Manager,Male,30,2020-03-06,1942,104600.0,EMP00431,False,Active
EMP00560,Engineering,UAE,Manager,Female,28,2023-12-25,553,87700.0,EMP02517,False,Active
EMP00561,Sales,Canada,Senior Manager,Female,31,2017-12-23,2746,136600.0,EMP01045,False,Active
EMP00562,Sales,Brazil,Individual Contributor,Male,30,2021-08-05,1425,27800.0,EMP01711,True,Terminated
EMP00563,Operations,USA,Individual Contributor,Female,30,2022-10-21,983,46400.0,EMP02415,False,Active
EMP00564,Customer Support,India,Senior IC,Female,21,2023-10-16,623,37000.0,EMP02953,False,Active
EMP00565,Customer Support,USA,Individual Contributor,,26,2022-07-16,1080,47300.0,EMP01785,False,Active
EMP00566,Customer Support,UAE,Manager,Female,24,2024-05-14,412,84200.0,EMP00276,False,Active
EMP00567,Customer Support,Germany,Individual Contributor,Male,23,2024-09-27,276,52900.0,EMP00923,False,Active
EMP00568,Sales,Brazil,Senior IC,Female,30,2021-07-27,1434,37600.0,EMP02126,True,Active
EMP00569,Engineering,Canada,Manager,Female,25,2022-10-25,979,99400.0,EMP00148,True,Active
EMP00570,Engineering,USA,Director,Female,21,2020-11-03,1700,156500.0,,True,Terminated
EMP00571,Engineering,Germany,Senior IC,Male,27,2022-02-10,1236,72900.0,EMP01128,False,Active
EMP00572,Operations,India,Senior Manager,Female,22,2023-10-24,615,56100.0,EMP01065,False,Active
EMP00573,Engineering,Germany,Individual Contributor,Male,32,2020-03-21,1927,55700.0,EMP03332,False,Active
EMP00574,Customer Support,USA,Individual Contributor,Female,30,2023-08-26,674,53100.0,EMP03293,True,Active
EMP00575,Operations,USA,Individual Contributor,Male,22,2019-03-23,2291,62000.0,EMP03142,False,Active
EMP00576,Engineering,Germany,Director,Female,23,2023-09-11,658,146900.0,,True,Active
EMP00577,Operations,India,Manager,Female,27,2024-08-14,320,60300.0,EMP03128,True,Active
EMP00578,Customer Support,India,Individual Contributor,,26,2018-06-23,2564,24400.0,EMP00645,False,Active
EMP00579,Operations,USA,Individual Contributor,,29,2023-09-29,640,47300.0,EMP01368,True,Active
EMP00580,Engineering,India,Individual Contributor,Male,31,2023-08-24,676,26500.0,EMP00199,True,Active
EMP00581,Engineering,Germany,Individual Contributor,Male,25,2024-08-01,333,55400.0,EMP02772,False,Active
EMP00582,Engineering,USA,Manager,Male,24,2022-12-22,921,116200.0,EMP03049,True,Active
EMP00583,Sales,Brazil,Individual Contributor,Female,21,2024-06-22,373,31500.0,EMP00111,False,Active
EMP00584,Engineering,Germany,Team Lead,Male,35,2018-09-28,2467,87200.0,EMP00610,False,Active
EMP00585,Operations,India,Senior IC,Female,35,2023-06-04,757,33400.0,EMP00607,False,Active
EMP00586,Customer Support,Canada,Individual Contributor,Non-binary,33,2024-03-04,483,50900.0,EMP03252,True,Active
EMP00587,Sales,India,Individual Contributor,Male,27,2022-08-23,1042,26600.0,EMP02748,False,Active
EMP00588,Engineering,India,Director,Male,31,2014-11-01,3894,77800.0,,False,Active
EMP00589,Sales,USA,Senior IC,Male,31,2022-07-20,1076,75800.0,EMP00155,False,Active
EMP00590,Sales,USA,Senior IC,Male,26,2023-03-15,838,74400.0,EMP01427,True,Active
EMP00591,Operations,USA,Individual Contributor,Male,29,2022-09-10,1024,61500.0,EMP02027,True,Active
EMP00592,Engineering,Brazil,Manager,Female,31,2020-09-06,1758,54700.0,EMP00153,True,Active
EMP00593,Engineering,UAE,Manager,Male,29,2020-12-21,1652,86200.0,EMP01620,False,Active
EMP00594,Customer Support,USA,Manager,Female,32,2022-03-08,1210,103100.0,EMP01858,False,Active
EMP00595,Sales,USA,Senior IC,Female,34,2020-01-29,1979,86100.0,EMP03438,False,Active
EMP00596,Sales,Germany,Manager,Male,25,2022-07-30,1066,94600.0,EMP00662,True,Active
EMP00597,Customer Support,India,Individual Contributor,Female,23,2023-01-21,891,29100.0,EMP00645,False,Terminated
EMP00598,Customer Support,India,Team Lead,Male,21,2022-08-16,1049,39400.0,EMP01489,True,Active
EMP00599,Operations,Brazil,Individual Contributor,Female,25,2023-09-08,661,30000.0,EMP01114,True,Terminated
EMP00600,Customer Support,Canada,Senior IC,Female,25,2020-08-12,1783,66400.0,EMP03223,False,Active
EMP00601,Engineering,Germany,Director,Male,28,2023-10-03,636,173000.0,,True,Active
EMP00602,Customer Support,India,Director,Female,24,2025-01-25,156,89700.0,,False,Active
EMP00603,Operations,India,Senior IC,Male,24,2024-09-28,275,36000.0,EMP01176,False,Active
EMP00604,Customer Support,Germany,Senior IC,Male,31,2021-12-11,1297,65300.0,EMP02219,True,Active
EMP00605,Operations,Canada,Manager,Male,28,2023-12-23,555,107300.0,EMP03060,True,Active
EMP00606,Customer Support,USA,Director,,29,2020-11-25,1678,163700.0,,True,Active
EMP00607,Operations,Brazil,Team Lead,Male,34,2022-10-18,986,38300.0,EMP01040,False,Active
EMP00608,Sales,Brazil,Individual Contributor,Female,32,2020-08-21,1774,24500.0,EMP02120,True,Active
EMP00609,Customer Support,Canada,Individual Contributor,Female,23,2025-01-09,172,41800.0,EMP03020,False,Active
EMP00610,Engineering,India,Manager,Female,25,2023-10-07,632,54700.0,EMP01012,True,Active
EMP00611,Engineering,Germany,Team Lead,Female,29,2024-03-17,470,96400.0,EMP01612,False,Terminated
EMP00612,Customer Support,UAE,Team Lead,Male,37,2013-06-29,4384,62000.0,EMP02373,True,Active
EMP00613,Operations,Brazil,Team Lead,Female,22,2023-07-13,718,43900.0,EMP01472,False,Active
EMP00614,Operations,India,Individual Contributor,Female,29,2024-10-02,271,26600.0,EMP02670,False,Active
EMP00615,Sales,Brazil,Individual Contributor,Male,33,2021-12-28,1280,32400.0,EMP01792,True,Active
EMP00616,Customer Support,USA,Manager,Male,30,2024-04-20,436,102400.0,EMP03086,True,Active
EMP00617,Customer Support,India,Individual Contributor,Female,36,2020-04-19,1898,27600.0,EMP02109,False,Active
EMP00618,Engineering,UAE,Team Lead,Female,39,2019-09-19,2111,72600.0,EMP03222,False,Active
EMP00619,Sales,Germany,Team Lead,Female,33,2024-03-13,474,99000.0,EMP03020,False,Active
EMP00620,Sales,India,Manager,Male,27,2023-12-09,569,52900.0,EMP00859,False,Active
EMP00621,Customer Support,Canada,Individual Contributor,Male,27,2022-03-20,1198,49400.0,EMP03142,False,Active
EMP00622,Engineering,UAE,Team Lead,Male,22,2020-03-13,1935,74600.0,EMP00484,True,Active
EMP00623,Operations,Canada,Individual Contributor,Male,28,2021-12-12,1296,46400.0,EMP00994,False,Active
EMP00624,Engineering,Germany,Individual Contributor,Female,29,2023-07-12,719,54200.0,EMP00158,False,Active
EMP00625,Operations,Canada,Individual Contributor,Male,26,2024-08-12,322,43500.0,EMP00383,False,Active
EMP00626,Engineering,USA,Individual Contributor,Female,25,2017-07-15,2907,46400.0,EMP02501,False,Active
EMP00627,Customer Support,India,Senior Manager,Female,27,2021-11-20,1318,64100.0,EMP00411,False,Active
EMP00628,Sales,India,Manager,Female,36,2016-06-09,3308,55700.0,EMP00657,False,Active
EMP00629,Engineering,UAE,Individual Contributor,Female,24,2021-07-11,1450,43500.0,EMP01417,True,Active
EMP00630,Customer Support,Canada,Manager,Male,33,2017-03-11,3033,96400.0,EMP02780,True,Active
EMP00631,Operations,Brazil,Senior IC,Female,28,2024-01-20,527,35200.0,EMP02831,False,Active
EMP00632,Operations,India,Team Lead,Female,31,2023-12-18,560,46500.0,EMP03361,False,Active
EMP00633,Sales,Germany,Manager,Female,34,2023-02-15,866,105000.0,EMP00195,False,Active
EMP00634,Engineering,India,Senior IC,,24,2024-02-23,493,35800.0,EMP00551,False,Active
EMP00635,Sales,India,Individual Contributor,Male,26,2024-11-11,231,26800.0,EMP01398,False,Active
EMP00636,Sales,USA,Individual Contributor,Male,27,2023-10-31,608,49000.0,EMP01000,False,Active
EMP00637,Customer Support,India,Senior IC,Male,31,2021-07-25,1436,31900.0,EMP00363,False,Active
EMP00638,Customer Support,UAE,Senior Manager,Male,28,2024-07-06,359,111000.0,EMP01818,True,Active
EMP00639,Customer Support,Brazil,Senior IC,Male,31,2024-05-31,395,40600.0,EMP01620,False,Active
EMP00640,Operations,UAE,Individual Contributor,Female,21,2023-09-29,640,47700.0,EMP01487,False,Active
EMP00641,Customer Support,Germany,Individual Contributor,Female,27,2024-04-08,448,48900.0,EMP00081,False,Active
EMP00642,Customer Support,India,Senior Manager,Female,28,2023-08-31,669,68800.0,EMP01477,False,Active
EMP00643,Sales,USA,Individual Contributor,Male,26,2022-12-28,915,61500.0,EMP01570,False,Active
EMP00644,Sales,Germany,Team Lead,Female,21,2024-06-14,381,81300.0,EMP00774,False,Active
EMP00645,Customer Support,India,Team Lead,Female,26,2023-09-18,651,44000.0,EMP02761,False,Active
EMP00646,Operations,USA,Individual Contributor,Male,24,2022-10-28,976,54300.0,EMP03104,False,Active
EMP00647,Sales,USA,Individual Contributor,Female,33,2024-02-07,509,54600.0,EMP03253,False,Active
EMP00648,Engineering,Brazil,Individual Contributor,Female,27,2024-08-12,322,29200.0,EMP02373,False,Active
EMP00649,Customer Support,Germany,Individual Contributor,Female,23,2024-01-06,541,57300.0,EMP02357,False,Active
EMP00650,Sales,Germany,Team Lead,Male,21,2023-06-10,751,87900.0,EMP00566,False,Active
EMP00651,Engineering,USA,Manager,Female,27,2024-11-23,219,116500.0,EMP01368,False,Active
EMP00652,Operations,India,Individual Contributor,Female,31,2021-07-10,1451,25400.0,EMP00014,False,Active
EMP00653,Customer Support,Germany,Senior IC,Female,26,2023-05-10,782,63300.0,EMP01945,True,Active
EMP00654,Sales,India,Individual Contributor,Male,28,2024-01-04,543,27200.0,EMP02655,False,Active
EMP00655,Operations,India,Individual Contributor,Female,24,2024-10-18,255,29000.0,EMP02324,False,Active
EMP00656,Engineering,USA,Team Lead,Female,32,2021-11-12,1326,102100.0,EMP00066,False,Active
EMP00657,Operations,Canada,Team Lead,Male,34,2019-09-05,2125,62700.0,EMP01935,False,Active
EMP00658,Sales,USA,Team Lead,Male,21,2023-10-11,628,107300.0,EMP03086,False,Active
EMP00659,Customer Support,India,Individual Contributor,Female,27,2016-12-10,3124,27300.0,EMP00372,False,Active
EMP00660,Engineering,USA,Senior IC,Female,35,2022-11-30,943,80200.0,EMP01827,True,Active
EMP00661,Sales,India,Senior IC,Female,31,2022-11-04,969,30800.0,EMP00903,False,Active
EMP00662,Operations,Germany,Director,Male,24,2020-10-03,1731,154500.0,,False,Active
EMP00663,Sales,UAE,Senior IC,Female,22,2021-09-24,1375,65800.0,EMP01919,False,Active
EMP00664,Sales,Germany,Senior Manager,Male,26,2024-07-09,356,112300.0,EMP02673,True,Active
EMP00665,Engineering,India,Individual Contributor,,22,2023-10-29,610,20300.0,EMP01818,False,Active
EMP00666,Customer Support,USA,Senior IC,Male,29,2020-03-17,1931,76800.0,EMP03131,False,Active
EMP00667,Customer Support,USA,Team Lead,Female,28,2021-09-05,1394,89300.0,EMP01009,True,Terminated
EMP00668,Operations,Germany,Individual Contributor,Male,33,2016-11-22,3142,56200.0,EMP02599,False,Terminated
EMP00669,Sales,India,Senior IC,Male,32,2022-01-28,1249,35300.0,EMP01486,False,Active
EMP00670,Engineering,India,Senior IC,Male,36,2021-08-04,1426,35500.0,EMP02012,False,Active
EMP00671,Sales,Canada,Director,Female,24,2024-01-08,539,158400.0,,False,Active
EMP00672,Engineering,Brazil,Individual Contributor,Male,26,2019-09-27,2103,31200.0,EMP00616,False,Active
EMP00673,Operations,Canada,Senior Manager,Male,26,2025-03-15,107,111300.0,EMP03050,True,Active
EMP00674,Customer Support,Germany,Individual Contributor,,34,2022-07-03,1093,54200.0,EMP02537,False,Active
EMP00675,Customer Support,UAE,Senior IC,Male,27,2021-07-05,1456,59200.0,EMP01422,False,Active
EMP00676,Engineering,India,Senior IC,Male,31,2022-03-26,1192,35800.0,EMP02056,False,Active
EMP00677,Operations,India,Individual Contributor,Female,24,2022-11-24,949,27800.0,EMP02301,True,Active
EMP00678,Engineering,Canada,Senior Manager,Male,27,2023-02-09,872,126000.0,EMP01560,False,Active
EMP00679,Sales,India,Senior Manager,Male,23,2022-10-26,978,66600.0,EMP02219,True,Active
EMP00680,Engineering,Canada,Director,Male,26,2024-05-19,407,137000.0,,False,Active
EMP00681,Sales,Brazil,Director,Female,27,2022-03-30,1188,76500.0,,True,Active
EMP00682,Sales,USA,Team Lead,Female,28,2024-01-03,544,88400.0,EMP00827,True,Active
EMP00683,Sales,Brazil,Senior IC,Male,33,2023-10-10,629,42000.0,EMP00012,True,Active
EMP00684,Engineering,India,Manager,Male,24,2024-06-27,368,54100.0,EMP01409,False,Active
EMP00685,Customer Support,Canada,Individual Contributor,Female,29,2013-03-05,4500,48900.0,EMP02888,False,Active
EMP00686,Engineering,UAE,Manager,Female,27,2022-05-27,1130,90200.0,EMP00464,False,Active
EMP00687,Engineering,USA,Senior IC,Male,27,2024-08-31,303,76600.0,EMP03027,False,Active
EMP00688,Operations,USA,Team Lead,Male,28,2022-08-17,1048,82600.0,EMP01422,False,Active
EMP00689,Customer Support,USA,Individual Contributor,Female,30,2019-10-12,2088,58600.0,EMP00745,False,Active
EMP00690,Engineering,India,Individual Contributor,Female,34,2022-04-09,1178,28200.0,EMP01608,True,Active
EMP00691,Sales,USA,Individual Contributor,Female,28,2022-12-12,931,53600.0,EMP02831,False,Active
EMP00692,Operations,Brazil,Senior IC,Female,25,2024-02-07,509,40400.0,EMP03015,False,Active
EMP00693,Sales,India,Individual Contributor,Male,25,2022-04-07,1180,22800.0,EMP02126,False,Active
EMP00694,Engineering,UAE,Individual Contributor,Male,22,2021-01-30,1612,46300.0,EMP01824,False,Active
EMP00695,Operations,USA,Individual Contributor,Male,30,2021-01-18,1624,54600.0,EMP02810,False,Active
EMP00696,Engineering,India,Senior IC,Male,29,2022-06-23,1103,39400.0,EMP03181,True,Terminated
EMP00697,Customer Support,USA,Individual Contributor,Female,23,2022-06-26,1100,54300.0,EMP02763,False,Active
EMP00698,Customer Support,Canada,Manager,Female,31,2019-02-26,2316,101600.0,EMP03375,False,Active
EMP00699,Customer Support,USA,Individual Contributor,Female,30,2019-08-02,2159,53500.0,EMP02906,False,Active
EMP00700,Sales,USA,Senior IC,Female,24,2023-03-17,836,61100.0,EMP00164,True,Active
EMP00701,Sales,USA,Individual Contributor,Male,29,2017-05-13,2970,54200.0,EMP00075,True,Active
EMP00702,Engineering,UAE,Senior IC,Female,27,2024-08-26,308,62700.0,EMP02069,True,Active
EMP00703,Sales,USA,Senior IC,Male,27,2022-05-19,1138,75700.0,EMP03341,False,Active
EMP00704,Operations,India,Senior IC,Female,25,2022-02-26,1220,36200.0,EMP01048,True,Active
EMP00705,Sales,Brazil,Senior IC,Female,22,2024-03-03,484,37400.0,EMP03367,False,Active
EMP00706,Engineering,Brazil,Senior IC,Female,25,2024-10-23,250,38000.0,EMP02983,True,Active
EMP00707,Customer Support,USA,Individual Contributor,Male,30,2024-02-23,493,50200.0,EMP00517,False,Active
EMP00708,Customer Support,USA,Senior IC,Male,30,2020-06-24,1832,62800.0,EMP01726,False,Terminated
EMP00709,Engineering,India,Individual Contributor,Male,29,2020-05-19,1868,26200.0,EMP00786,False,Active
EMP00710,Engineering,USA,Team Lead,Female,30,2021-03-30,1553,84400.0,EMP00280,False,Terminated
EMP00711,Operations,Brazil,Senior IC,Male,31,2023-12-26,552,42400.0,EMP02400,False,Active
EMP00712,Customer Support,Germany,Team Lead,Male,32,2020-05-04,1883,67600.0,EMP00767,False,Active
EMP00713,Customer Support,India,Senior IC,Female,27,2023-11-24,584,36600.0,EMP01945,False,Active
EMP00714,Operations,USA,Individual Contributor,Female,30,2022-03-31,1187,64600.0,EMP02354,False,Active
EMP00715,Customer Support,India,Individual Contributor,,27,2022-10-31,973,26000.0,EMP01490,True,Active
EMP00716,Sales,USA,Individual Contributor,Female,27,2023-07-04,727,55200.0,EMP00285,False,Active
EMP00717,Engineering,Brazil,Senior IC,Male,27,2021-05-20,1502,40300.0,EMP00249,False,Active
EMP00718,Sales,USA,Manager,Female,23,2020-10-26,1708,113700.0,EMP01318,True,Active
EMP00719,Customer Support,Canada,Team Lead,Male,27,2024-01-21,526,75500.0,EMP00148,True,Active
EMP00720,Operations,Brazil,Senior IC,Male,29,2022-09-19,1015,35900.0,EMP03060,False,Active
EMP00721,Engineering,USA,Individual Contributor,Female,28,2020-12-25,1648,58100.0,EMP00602,False,Active
EMP00722,Engineering,USA,Manager,Male,29,2025-05-05,56,92600.0,EMP00111,False,Active
EMP00723,Sales,Germany,Individual Contributor,Female,25,2021-12-09,1299,53800.0,EMP00515,True,Active
EMP00724,Operations,USA,Individual Contributor,Male,22,2020-12-02,1671,53500.0,EMP02415,False,Active
EMP00725,Sales,USA,Manager,Female,25,2021-10-29,1340,109300.0,EMP02049,False,Terminated
EMP00726,Sales,UAE,Individual Contributor,Female,22,2021-09-14,1385,43700.0,EMP02357,False,Active
EMP00727,Sales,India,Individual Contributor,Female,28,2022-12-21,922,29400.0,EMP01222,False,Active
EMP00728,Sales,USA,Individual Contributor,Male,26,2021-02-16,1595,56300.0,EMP01120,True,Active
EMP00729,Engineering,India,Senior IC,Male,29,2024-07-18,347,34800.0,EMP02348,True,Active
EMP00730,Engineering,USA,Individual Contributor,Male,30,2024-02-20,496,53700.0,EMP00416,False,Active
EMP00731,Engineering,Canada,Senior IC,Female,25,2021-10-01,1368,64200.0,EMP01377,True,Active
EMP00732,Sales,USA,Senior IC,Non-binary,26,2021-02-12,1599,89100.0,EMP00374,True,Active
EMP00733,Sales,Brazil,Individual Contributor,Female,32,2019-10-03,2097,25800.0,EMP01461,True,Active
EMP00734,Engineering,Brazil,Individual Contributor,Male,36,2018-02-16,2691,31300.0,EMP03381,False,Active
EMP00735,Sales,USA,Manager,Male,21,2023-12-20,558,114200.0,EMP02977,True,Active
EMP00736,Customer Support,USA,Individual Contributor,Male,27,2024-05-25,401,62000.0,EMP02365,False,Active
EMP00737,Sales,Germany,Team Lead,Female,21,2020-07-22,1804,86000.0,EMP02280,False,Active
EMP00738,Engineering,UAE,Senior IC,Male,24,2023-07-28,703,61800.0,EMP01310,False,Active
EMP00739,Engineering,India,Individual Contributor,Male,31,2022-11-23,950,28600.0,EMP02451,False,Active
EMP00740,Engineering,India,Senior IC,Female,41,2020-11-19,1684,36400.0,EMP02913,False,Active
EMP00741,Sales,UAE,Senior IC,Male,27,2022-05-21,1136,65500.0,EMP01945,True,Active
EMP00742,Sales,UAE,Senior IC,Female,24,2021-03-21,1562,68800.0,EMP00378,True,Active
EMP00743,Operations,India,Manager,Male,24,2024-01-31,516,52600.0,EMP02409,True,Active
EMP00744,Sales,India,Senior Manager,Male,28,2022-02-16,1230,62700.0,EMP00472,False,Active
EMP00745,Engineering,Brazil,Team Lead,Male,25,2022-03-06,1212,44400.0,EMP01128,False,Active
EMP00746,Engineering,USA,Senior IC,Male,26,2019-10-28,2072,77400.0,EMP00686,False,Active
EMP00747,Engineering,UAE,Senior IC,Female,29,2018-12-26,2378,57400.0,EMP00165,False,Active
EMP00748,Engineering,USA,Senior IC,Male,28,2023-08-09,691,72700.0,EMP02656,False,Active
EMP00749,Customer Support,USA,Individual Contributor,Female,25,2024-04-13,443,50900.0,EMP02250,True,Active
EMP00750,Operations,UAE,Manager,Male,25,2021-01-18,1624,93900.0,EMP01418,False,Active
EMP00751,Sales,Germany,Manager,Male,22,2024-11-15,227,93700.0,EMP01327,False,Active
EMP00752,Engineering,USA,Individual Contributor,Male,28,2020-11-02,1701,49500.0,EMP02238,True,Active
EMP00753,Sales,USA,Manager,Female,25,2020-08-06,1789,99500.0,EMP01838,False,Active
EMP00754,Engineering,India,Manager,Female,23,2023-09-20,649,49900.0,EMP00827,False,Active
EMP00755,Customer Support,UAE,Senior IC,Male,27,2025-04-16,75,59400.0,EMP01676,False,Active
EMP00756,Sales,USA,Manager,Female,29,2020-04-01,1916,111400.0,EMP02703,False,Active
EMP00757,Engineering,USA,Individual Contributor,Female,24,2018-09-08,2487,54500.0,EMP01920,True,Active
EMP00758,Operations,India,Individual Contributor,Female,35,2018-12-26,2378,27200.0,EMP02783,False,Active
EMP00759,Sales,Canada,Individual Contributor,Male,33,2018-11-06,2428,49700.0,EMP01774,False,Active
EMP00760,Engineering,USA,Senior IC,Female,21,2024-08-10,324,79200.0,EMP01433,False,Active
EMP00761,Customer Support,Canada,Individual Contributor,Male,26,2022-08-28,1037,40700.0,EMP02593,True,Active
EMP00762,Sales,Canada,Senior Manager,Male,25,2022-03-11,1207,107400.0,EMP00750,False,Active
EMP00763,Sales,Germany,Individual Contributor,Male,30,2022-07-14,1082,52600.0,EMP02187,False,Active
EMP00764,Sales,UAE,Individual Contributor,Female,27,2021-03-10,1573,46400.0,EMP02206,False,Active
EMP00765,Operations,Brazil,Senior IC,Female,25,2024-05-07,419,42000.0,EMP00984,False,Active
EMP00766,Sales,India,Individual Contributor,Female,24,2024-11-21,221,23100.0,EMP00916,False,Active
EMP00767,Sales,Germany,Team Lead,Male,21,2025-01-25,156,78800.0,EMP00296,False,Active
EMP00768,Sales,UAE,Individual Contributor,Male,35,2020-03-05,1943,44500.0,EMP00552,False,Active
EMP00769,Sales,UAE,Director,Female,28,2024-08-13,321,144400.0,,False,Terminated
EMP00770,Customer Support,Brazil,Team Lead,,24,2022-07-19,1077,46900.0,EMP02142,False,Terminated
EMP00771,Sales,Canada,Individual Contributor,Female,27,2023-10-14,625,49800.0,EMP00455,False,Active
EMP00772,Engineering,India,Individual Contributor,Female,30,2023-09-21,648,26200.0,EMP01785,True,Terminated
EMP00773,Customer Support,UAE,Individual Contributor,Male,27,2023-02-25,856,50600.0,EMP00412,True,Active
EMP00774,Operations,UAE,Senior Manager,Female,33,2023-08-29,671,127300.0,EMP02721,False,Active
EMP00775,Sales,USA,Team Lead,Female,37,2024-11-21,221,81700.0,EMP02367,True,Active
EMP00776,Operations,USA,Senior IC,Female,26,2023-02-24,857,75000.0,EMP01023,False,Active
EMP00777,Customer Support,Germany,Individual Contributor,Female,24,2024-01-22,525,53600.0,EMP02568,False,Active
EMP00778,Sales,UAE,Manager,Female,22,2024-02-12,504,94500.0,EMP00798,False,Active
EMP00779,Customer Support,Germany,Individual Contributor,Female,24,2017-06-01,2951,48800.0,EMP02221,True,Active
EMP00780,Operations,Brazil,Team Lead,Female,30,2024-09-28,275,47800.0,EMP02232,False,Active
EMP00781,Sales,USA,Team Lead,Female,25,2023-03-27,826,78300.0,EMP01505,True,Active
EMP00782,Operations,Germany,Individual Contributor,Male,31,2022-05-12,1145,50300.0,EMP02435,False,Active
EMP00783,Engineering,India,Senior IC,,37,2017-05-30,2953,31600.0,EMP03309,True,Active
EMP00784,Customer Support,USA,Individual Contributor,Female,21,2024-06-14,381,57400.0,EMP01433,False,Active
EMP00785,Operations,Canada,Individual Contributor,Male,27,2019-03-16,2298,43700.0,EMP01000,False,Active
EMP00786,Engineering,USA,Senior Manager,Female,34,2023-03-01,852,137500.0,EMP01527,False,Active
EMP00787,Customer Support,Canada,Team Lead,Male,27,2023-02-05,876,80000.0,EMP01979,False,Active
EMP00788,Engineering,USA,Manager,Male,26,2021-05-12,1510,109900.0,EMP00458,False,Active
EMP00789,Customer Support,Canada,Senior IC,Female,27,2018-07-23,2534,61700.0,EMP03350,False,Active
EMP00790,Customer Support,India,Individual Contributor,Female,26,2023-09-03,666,26000.0,EMP01620,True,Active
EMP00791,Sales,USA,Team Lead,Male,34,2022-03-12,1206,98200.0,EMP03360,True,Active
EMP00792,Engineering,USA,Senior IC,Female,30,2022-07-04,1092,72200.0,EMP03354,False,Terminated
EMP00793,Engineering,USA,Individual Contributor,Female,28,2022-08-11,1054,55300.0,EMP00236,False,Active
EMP00794,Sales,India,Individual Contributor,Male,35,2020-11-14,1689,25200.0,EMP00418,False,Terminated
EMP00795,Sales,UAE,Senior IC,Male,32,2023-12-22,556,66800.0,EMP00638,False,Active
EMP00796,Engineering,Germany,Team Lead,Male,28,2023-06-21,740,82400.0,EMP01979,True,Active
EMP00797,Sales,India,Individual Contributor,Male,36,2024-11-14,228,24800.0,EMP01242,True,Active
EMP00798,Sales,India,Manager,Male,27,2021-07-31,1430,52300.0,EMP00070,False,Active
EMP00799,Customer Support,India,Individual Contributor,Male,32,2022-09-15,1019,25900.0,EMP01969,False,Active
EMP00800,Customer Support,Brazil,Individual Contributor,Male,30,2018-09-01,2494,32000.0,EMP01133,False,Active
EMP00801,Customer Support,India,Individual Contributor,Male,29,2024-06-22,373,26300.0,EMP02947,False,Active
EMP00802,Engineering,Brazil,Manager,Non-binary,32,2016-10-03,3192,50700.0,EMP02652,True,Active
EMP00803,Operations,Canada,Individual Contributor,Male,31,2021-02-15,1596,49900.0,EMP02953,True,Active
EMP00804,Customer Support,Germany,Senior IC,Male,38,2021-04-02,1550,78000.0,EMP01978,False,Active
EMP00805,Sales,USA,Individual Contributor,Male,30,2023-10-26,613,60500.0,EMP02415,False,Active
EMP00806,Sales,USA,Team Lead,Male,29,2023-04-23,799,81800.0,EMP00286,False,Active
EMP00807,Customer Support,India,Team Lead,Female,23,2023-07-31,700,42000.0,EMP02645,False,Active
EMP00808,Sales,Germany,Individual Contributor,Male,31,2019-06-16,2206,50300.0,EMP01554,False,Active
EMP00809,Engineering,Canada,Senior Manager,Female,21,2024-12-19,193,117800.0,EMP00014,False,Active
EMP00810,Operations,India,Individual Contributor,Female,30,2023-01-23,889,27200.0,EMP00281,True,Active
EMP00811,Sales,India,Individual Contributor,Female,31,2022-11-28,945,25700.0,EMP01075,False,Active
EMP00812,Sales,UAE,Senior IC,Male,26,2023-08-19,681,57200.0,EMP01305,True,Active
EMP00813,Operations,USA,Team Lead,Male,32,2024-03-27,460,96500.0,EMP00745,True,Active
EMP00814,Customer Support,UAE,Individual Contributor,,31,2025-03-23,99,41500.0,EMP02668,False,Active
EMP00815,Sales,USA,Senior IC,Female,28,2023-01-13,899,70000.0,EMP01544,False,Active
EMP00816,Operations,India,Individual Contributor,Female,31,2021-08-02,1428,24000.0,EMP00919,True,Active
EMP00817,Operations,Canada,Senior IC,Female,25,2022-09-14,1020,68200.0,EMP02354,False,Active
EMP00818,Engineering,UAE,Senior IC,Female,25,2024-03-27,460,62300.0,EMP01557,False,Active
EMP00819,Customer Support,UAE,Director,Male,23,2022-11-21,952,152600.0,,True,Active
EMP00820,Sales,Germany,Senior IC,Female,29,2018-08-13,2513,64000.0,EMP01748,False,Active
EMP00821,Sales,UAE,Senior IC,Female,26,2023-12-02,576,55600.0,EMP02622,True,Active
EMP00822,Customer Support,India,Senior IC,Female,21,2022-05-28,1129,34500.0,EMP02987,False,Active
EMP00823,Sales,India,Individual Contributor,,30,2022-02-02,1244,26000.0,EMP00281,False,Active
EMP00824,Customer Support,USA,Individual Contributor,Male,29,2024-09-07,296,56100.0,EMP00455,False,Active
EMP00825,Operations,USA,Director,Female,27,2023-05-22,770,149300.0,,False,Active
EMP00826,Sales,India,Individual Contributor,Female,21,2023-05-15,777,27400.0,EMP01908,False,Active
EMP00827,Customer Support,USA,Team Lead,Male,26,2022-10-13,991,83300.0,EMP00856,True,Active
EMP00828,Sales,Brazil,Individual Contributor,Female,25,2019-08-03,2158,27300.0,EMP00115,False,Active
EMP00829,Operations,UAE,Manager,Male,23,2024-07-04,361,98700.0,EMP03338,False,Terminated
EMP00830,Sales,Canada,Individual Contributor,Male,36,2019-05-07,2246,39600.0,EMP00340,True,Active
EMP00831,Customer Support,USA,Senior Manager,Male,21,2021-05-20,1502,139200.0,EMP01593,False,Active
EMP00832,Engineering,Canada,Team Lead,Male,30,2016-08-08,3248,80000.0,EMP00781,True,Active
EMP00833,Engineering,USA,Individual Contributor,Female,28,2025-02-12,138,51600.0,EMP01378,False,Active
EMP00834,Customer Support,India,Team Lead,Female,22,2025-04-24,67,41400.0,EMP02501,False,Active
EMP00835,Customer Support,UAE,Senior IC,Female,33,2013-06-14,4399,67800.0,EMP01775,False,Active
EMP00836,Engineering,USA,Individual Contributor,Female,33,2024-09-19,284,63900.0,EMP00146,False,Active
EMP00837,Customer Support,USA,Individual Contributor,Female,27,2024-02-27,489,59900.0,EMP00317,False,Active
EMP00838,Operations,USA,Team Lead,Male,30,2024-02-24,492,103200.0,EMP03297,False,Active
EMP00839,Engineering,India,Team Lead,Male,30,2021-07-08,1453,40500.0,EMP00905,False,Active
EMP00840,Engineering,UAE,Individual Contributor,Female,27,2023-04-01,821,39800.0,EMP01483,False,Active
EMP00841,Sales,USA,Manager,Male,31,2023-12-24,554,108800.0,EMP02726,False,Active
EMP00842,Customer Support,USA,Individual Contributor,Female,40,2017-08-17,2874,58800.0,EMP02935,False,Active
EMP00843,Engineering,India,Individual Contributor,Female,21,2025-03-09,113,22500.0,EMP01002,False,Active
EMP00844,Engineering,USA,Senior IC,Female,30,2020-04-24,1893,69200.0,EMP00787,False,Active
EMP00845,Sales,Brazil,Individual Contributor,Male,27,2022-12-14,929,26900.0,EMP01509,False,Active
EMP00846,Operations,Canada,Individual Contributor,Male,24,2024-01-01,546,49400.0,EMP01190,False,Active
EMP00847,Engineering,Brazil,Senior IC,Male,30,2023-11-06,602,39700.0,EMP02435,False,Active
EMP00848,Customer Support,UAE,Individual Contributor,Female,28,2023-06-02,759,42800.0,EMP02535,True,Active
EMP00849,Sales,India,Individual Contributor,Female,34,2024-02-18,498,26800.0,EMP00925,True,Active
EMP00850,Operations,UAE,Team Lead,Male,34,2020-11-06,1697,67300.0,EMP01324,False,Active
EMP00851,Sales,USA,Senior IC,Female,32,2023-07-20,711,72200.0,EMP02547,True,Active
EMP00852,Sales,USA,Manager,Female,24,2021-04-16,1536,98200.0,EMP01773,True,Active
EMP00853,Operations,India,Senior IC,Female,23,2023-10-30,609,35300.0,EMP01919,False,Active
EMP00854,Operations,USA,Senior IC,Female,25,2022-06-11,1115,70000.0,EMP02822,False,Active
EMP00855,Sales,Canada,Individual Contributor,Male,33,2022-06-11,1115,50700.0,EMP02266,True,Active
EMP00856,Engineering,Brazil,Team Lead,Female,23,2022-10-20,984,46700.0,EMP02266,False,Active
EMP00857,Customer Support,Canada,Individual Contributor,Male,27,2019-03-21,2293,47100.0,EMP01677,False,Terminated
EMP00858,Operations,Germany,Individual Contributor,Male,27,2018-10-21,2444,57500.0,EMP02926,False,Active
EMP00859,Engineering,India,Manager,Female,40,2021-01-05,1637,53900.0,EMP00082,False,Active
EMP00860,Engineering,Brazil,Team Lead,Female,29,2020-01-10,1998,45400.0,EMP00308,True,Active
EMP00861,Customer Support,USA,Senior IC,Male,31,2021-03-06,1577,71300.0,EMP02365,False,Active
EMP00862,Customer Support,India,Individual Contributor,Male,22,2023-08-28,672,23900.0,EMP02111,False,Active
EMP00863,Customer Support,India,Individual Contributor,Male,31,2023-02-08,873,26300.0,EMP00989,False,Active
EMP00864,Engineering,Canada,Senior IC,Female,21,2025-02-10,140,66600.0,EMP02078,True,Active
EMP00865,Sales,Brazil,Team Lead,Male,22,2024-04-24,432,39600.0,EMP00395,False,Active
EMP00866,Operations,USA,Senior IC,Male,22,2024-09-17,286,66600.0,EMP02109,False,Active
EMP00867,Operations,India,Individual Contributor,Female,27,2024-01-05,542,25300.0,EMP01264,False,Active
EMP00868,Customer Support,India,Individual Contributor,Male,25,2022-04-08,1179,24100.0,EMP02049,False,Active
EMP00869,Sales,USA,Senior IC,Male,32,2023-09-17,652,75000.0,EMP01195,False,Terminated
EMP00870,Sales,Germany,Team Lead,Male,31,2020-09-12,1752,83100.0,EMP02517,False,Active
EMP00871,Customer Support,Germany,Individual Contributor,Female,23,2024-04-09,447,49900.0,EMP00412,True,Active
EMP00872,Sales,USA,Individual Contributor,Female,33,2021-06-04,1487,57600.0,EMP02952,True,Terminated
EMP00873,Operations,India,Individual Contributor,Female,24,2024-05-13,413,25200.0,EMP01727,True,Terminated
EMP00874,Engineering,USA,Individual Contributor,Male,28,2019-07-05,2187,55000.0,EMP00813,True,Active
EMP00875,Customer Support,India,Senior IC,Female,29,2024-04-10,446,32900.0,EMP03356,True,Active
EMP00876,Operations,USA,Individual Contributor,Female,21,2021-10-29,1340,56500.0,EMP00383,False,Active
EMP00877,Engineering,Brazil,Senior IC,Male,29,2023-12-23,555,39200.0,EMP01857,False,Active
EMP00878,Engineering,USA,Team Lead,Female,29,2018-02-21,2686,81100.0,EMP00269,True,Terminated
EMP00879,Customer Support,Canada,Director,Male,29,2018-05-04,2614,148100.0,,False,Active
EMP00880,Customer Support,USA,Senior Manager,Female,36,2021-11-29,1309,135300.0,EMP00582,False,Active
EMP00881,Engineering,India,Individual Contributor,Male,26,2021-12-17,1291,27000.0,EMP00904,True,Active
EMP00882,Customer Support,Germany,Individual Contributor,Female,33,2020-12-07,1666,51700.0,EMP02273,True,Active
EMP00883,Operations,USA,Individual Contributor,Female,30,2021-06-21,1470,52000.0,EMP03096,False,Active
EMP00884,Engineering,India,Team Lead,Male,31,2020-07-07,1819,45500.0,EMP01439,False,Terminated
EMP00885,Sales,UAE,Individual Contributor,Female,25,2024-04-19,437,47500.0,EMP00930,False,Active
EMP00886,Engineering,Canada,Individual Contributor,Female,26,2022-10-20,984,45200.0,EMP01229,True,Active
EMP00887,Engineering,Germany,Individual Contributor,Female,32,2023-11-19,589,45800.0,EMP03221,False,Active
EMP00888,Sales,USA,Individual Contributor,Male,35,2018-05-30,2588,52300.0,EMP03191,False,Active
EMP00889,Sales,Brazil,Team Lead,Female,23,2024-08-03,331,41300.0,EMP00457,True,Active
EMP00890,Customer Support,India,Senior IC,Female,28,2017-08-04,2887,36300.0,EMP03152,False,Active
EMP00891,Engineering,USA,Senior IC,Female,25,2022-10-07,997,81800.0,EMP02940,False,Active
EMP00892,Operations,Brazil,Senior Manager,Female,33,2020-06-18,1838,78900.0,EMP01863,True,Active
EMP00893,Sales,India,Individual Contributor,,31,2023-09-21,648,24100.0,EMP00915,False,Terminated
EMP00894,Sales,India,Individual Contributor,Female,28,2024-08-28,306,28100.0,EMP01570,True,Active
EMP00895,Customer Support,Germany,Individual Contributor,Male,25,2018-08-05,2521,50700.0,EMP02688,False,Active
EMP00896,Operations,Germany,Senior IC,Male,31,2021-09-08,1391,55200.0,EMP00975,False,Active
EMP00897,Sales,USA,Senior IC,Male,31,2024-07-05,360,72800.0,EMP01212,True,Active
EMP00898,Sales,Brazil,Individual Contributor,Male,28,2023-01-10,902,27800.0,EMP01573,False,Active
EMP00899,Sales,USA,Senior Manager,Female,35,2023-03-01,852,148800.0,EMP00246,True,Active
EMP00900,Engineering,Brazil,Individual Contributor,Non-binary,23,2021-10-11,1358,26800.0,EMP01427,True,Active
EMP00901,Engineering,UAE,Individual Contributor,Male,28,2024-04-20,436,47700.0,EMP00496,True,Active
EMP00902,Sales,Brazil,Senior IC,Male,21,2024-07-13,352,38700.0,EMP00022,False,Active
EMP00903,Sales,USA,Senior Manager,Female,32,2022-07-12,1084,120000.0,EMP01351,False,Active
EMP00904,Engineering,USA,Team Lead,Female,28,2024-03-29,458,85700.0,EMP02643,True,Active
EMP00905,Operations,India,Senior Manager,Male,39,2018-06-14,2573,72900.0,EMP03443,False,Active
EMP00906,Customer Support,India,Individual Contributor,Female,31,2020-10-13,1721,26000.0,EMP01514,False,Active
EMP00907,Engineering,Canada,Senior IC,Male,28,2020-11-16,1687,69700.0,EMP02629,False,Active
EMP00908,Sales,Germany,Manager,Female,23,2025-02-14,136,106500.0,EMP00788,True,Active
EMP00909,Sales,UAE,Senior IC,Male,25,2023-08-31,669,59500.0,EMP02224,False,Active
EMP00910,Sales,USA,Individual Contributor,Female,25,2023-05-10,782,49500.0,EMP02317,False,Active
EMP00911,Customer Support,Germany,Director,Female,31,2024-05-29,397,143000.0,,True,Terminated
EMP00912,Operations,USA,Individual Contributor,Female,34,2021-06-17,1474,61600.0,EMP01544,False,Active
EMP00913,Operations,Brazil,Individual Contributor,Male,22,2021-10-29,1340,29100.0,EMP02336,False,Active
EMP00914,Operations,USA,Manager,Male,29,2021-01-01,1641,94100.0,EMP01096,False,Active
EMP00915,Operations,USA,Manager,Male,30,2020-02-05,1972,116500.0,EMP02100,False,Active
EMP00916,Operations,Brazil,Director,Male,27,2020-04-11,1906,77100.0,,False,Active
EMP00917,Sales,India,Manager,Male,39,2013-03-05,4500,48800.0,EMP01850,False,Active
EMP00918,Sales,USA,Individual Contributor,Male,33,2022-11-12,961,55600.0,EMP00204,False,Active
EMP00919,Engineering,USA,Senior Manager,Male,30,2023-03-11,842,163100.0,EMP01538,True,Active
EMP00920,Engineering,India,Senior IC,Male,34,2021-07-01,1460,38100.0,EMP01754,False,Active
EMP00921,Sales,Germany,Senior IC,Male,28,2019-06-14,2208,65600.0,EMP02896,False,Active
EMP00922,Operations,USA,Individual Contributor,Female,25,2024-11-19,223,55300.0,EMP01308,False,Active
EMP00923,Customer Support,India,Manager,Male,23,2024-02-02,514,56100.0,EMP00021,False,Active
EMP00924,Engineering,USA,Senior IC,Female,27,2023-10-21,618,83300.0,EMP00145,False,Active
EMP00925,Sales,India,Manager,Female,29,2022-08-31,1034,51200.0,EMP01872,False,Active
EMP00926,Sales,Germany,Individual Contributor,Male,30,2023-08-28,672,49500.0,EMP02833,False,Active
EMP00927,Sales,USA,Individual Contributor,Male,35,2020-01-16,1992,51500.0,EMP03109,False,Terminated
EMP00928,Operations,USA,Senior IC,Female,30,2022-05-16,1141,78700.0,EMP02820,False,Active
EMP00929,Customer Support,USA,Individual Contributor,Female,24,2023-01-17,895,59700.0,EMP01194,False,Active
EMP00930,Customer Support,USA,Team Lead,Male,23,2021-10-21,1348,75800.0,EMP01713,False,Active
EMP00931,Sales,Germany,Individual Contributor,Female,27,2025-01-21,160,48800.0,EMP03103,False,Active
EMP00932,Engineering,Canada,Senior IC,Female,34,2021-12-05,1303,58700.0,EMP02935,True,Active
EMP00933,Engineering,UAE,Individual Contributor,Male,26,2024-03-17,470,46200.0,EMP01558,False,Active
EMP00934,Customer Support,Germany,Individual Contributor,Male,23,2020-09-05,1759,45400.0,EMP01676,True,Active
EMP00935,Customer Support,India,Senior IC,Male,33,2024-12-21,191,32000.0,EMP00249,False,Active
EMP00936,Sales,India,Individual Contributor,Male,30,2021-08-19,1411,28800.0,EMP00607,False,Active
EMP00937,Operations,UAE,Individual Contributor,Female,27,2024-03-06,481,45000.0,EMP01827,True,Active
EMP00938,Sales,USA,Individual Contributor,Female,26,2019-05-16,2237,54900.0,EMP01808,True,Active
EMP00939,Operations,Germany,Individual Contributor,Male,25,2024-10-31,242,52100.0,EMP02006,True,Active
EMP00940,Sales,Germany,Senior IC,Male,30,2022-09-28,1006,73600.0,EMP01094,False,Terminated
EMP00941,Sales,USA,Individual Contributor,Female,31,2021-02-22,1589,53400.0,EMP00806,False,Active
EMP00942,Operations,Germany,Individual Contributor,Female,25,2022-01-27,1250,48800.0,EMP01555,False,Active
EMP00943,Sales,UAE,Team Lead,Female,28,2022-02-01,1245,71800.0,EMP03080,True,Active
EMP00944,Engineering,Canada,Senior IC,Female,23,2024-08-05,329,70600.0,EMP03384,True,Active
EMP00945,Engineering,USA,Senior IC,Female,32,2024-08-25,309,74300.0,EMP00178,True,Active
EMP00946,Sales,India,Individual Contributor,Female,31,2022-03-07,1211,25800.0,EMP01245,False,Active
EMP00947,Customer Support,Germany,Senior Manager,Male,25,2022-07-14,1082,127800.0,EMP01812,True,Active
EMP00948,Operations,India,Individual Contributor,Female,21,2024-05-12,414,30300.0,EMP00769,False,Active
EMP00949,Operations,India,Individual Contributor,Male,27,2024-06-02,393,26600.0,EMP01242,False,Active
EMP00950,Engineering,USA,Manager,Male,25,2023-01-07,905,106900.0,EMP00482,False,Active
EMP00951,Engineering,UAE,Senior IC,Male,25,2023-07-03,728,71300.0,EMP01597,False,Active
EMP00952,Sales,Canada,Senior IC,Male,29,2016-10-20,3175,71900.0,EMP03095,False,Active
EMP00953,Sales,India,Manager,Female,27,2019-02-17,2325,57200.0,EMP03252,True,Active
EMP00954,Sales,Brazil,Individual Contributor,Female,30,2020-10-18,1716,27600.0,EMP00057,False,Active
EMP00955,Operations,India,Manager,Male,30,2018-08-11,2515,49700.0,EMP02224,False,Active
EMP00956,Operations,Germany,Team Lead,Female,36,2023-11-26,582,69900.0,EMP03178,True,Active
EMP00957,Customer Support,USA,Individual Contributor,Female,29,2023-09-14,655,59500.0,EMP02667,False,Active
EMP00958,Engineering,India,Individual Contributor,Female,26,2019-09-23,2107,26600.0,EMP00217,True,Active
EMP00959,Engineering,USA,Individual Contributor,Male,21,2022-09-30,1004,47200.0,EMP01356,True,Active
EMP00960,Engineering,UAE,Senior Manager,Female,29,2022-08-16,1049,122900.0,EMP02626,False,Terminated
EMP00961,Engineering,Germany,Individual Contributor,Male,24,2024-06-25,370,49000.0,EMP03428,False,Active
EMP00962,Engineering,Germany,Individual Contributor,Female,35,2019-11-26,2043,49500.0,EMP01028,True,Active
EMP00963,Sales,Germany,Team Lead,Male,30,2021-07-03,1458,72000.0,EMP01000,False,Active
EMP00964,Sales,Canada,Team Lead,Female,21,2023-04-28,794,81100.0,EMP00899,True,Active
EMP00965,Operations,USA,Individual Contributor,Male,22,2023-09-11,658,57400.0,EMP03134,False,Active
EMP00966,Engineering,USA,Manager,Male,28,2019-04-20,2263,108800.0,EMP00633,True,Active
EMP00967,Operations,USA,Senior IC,Female,28,2023-11-20,588,72200.0,EMP01274,True,Active
EMP00968,Sales,India,Manager,Female,21,2024-10-02,271,63200.0,EMP00496,False,Active
EMP00969,Engineering,Canada,Individual Contributor,Male,32,2019-01-25,2348,43400.0,EMP03282,False,Active
EMP00970,Sales,USA,Individual Contributor,Male,26,2018-12-25,2379,52000.0,EMP00244,False,Active
EMP00971,Sales,Canada,Senior IC,Female,26,2023-11-22,586,68700.0,EMP01773,True,Active
EMP00972,Sales,USA,Individual Contributor,Female,36,2015-09-16,3575,50700.0,EMP00570,True,Active
EMP00973,Sales,India,Senior IC,Female,33,2022-12-21,922,32600.0,EMP01416,False,Active
EMP00974,Operations,USA,Individual Contributor,Female,27,2023-11-17,591,60200.0,EMP02049,True,Active
EMP00975,Engineering,India,Team Lead,Female,25,2021-08-04,1426,45000.0,EMP02426,False,Active
EMP00976,Customer Support,India,Manager,Female,31,2024-08-13,321,54300.0,EMP01986,True,Active
EMP00977,Engineering,India,Manager,,25,2024-03-31,456,53000.0,EMP01480,True,Active
EMP00978,Engineering,USA,Senior Manager,Male,31,2022-03-02,1216,128200.0,EMP00990,True,Active
EMP00979,Engineering,UAE,Manager,Male,25,2022-07-29,1067,88400.0,EMP02803,True,Active
EMP00980,Sales,Canada,Senior IC,Male,30,2020-06-24,1832,64600.0,EMP02370,False,Active
EMP00981,Operations,India,Individual Contributor,Male,22,2024-06-29,366,28200.0,EMP02349,False,Active
EMP00982,Customer Support,India,Manager,Male,35,2016-10-05,3190,54000.0,EMP02669,False,Active
EMP00983,Customer Support,UAE,Senior Manager,Female,30,2023-07-14,717,103800.0,EMP00781,True,Active
EMP00984,Engineering,USA,Director,Male,25,2022-08-26,1039,183400.0,,False,Active
EMP00985,Sales,UAE,Team Lead,Female,24,2023-08-09,691,64100.0,EMP03223,False,Active
EMP00986,Operations,Germany,Individual Contributor,Male,27,2024-08-16,318,49100.0,EMP01517,True,Terminated
EMP00987,Engineering,Brazil,Senior Manager,Male,24,2022-11-14,959,64300.0,EMP00722,True,Active
EMP00988,Sales,USA,Senior Manager,Male,23,2021-03-09,1574,126400.0,EMP01307,True,Active
EMP00989,Engineering,Germany,Team Lead,Female,28,2023-02-26,855,94500.0,EMP01353,True,Active
EMP00990,Customer Support,India,Manager,Male,25,2024-02-16,500,46100.0,EMP03392,False,Active
EMP00991,Customer Support,India,Senior IC,,29,2020-05-14,1873,33400.0,EMP01012,True,Active
EMP00992,Customer Support,UAE,Senior Manager,Female,32,2020-03-27,1921,116700.0,EMP03288,False,Active
EMP00993,Customer Support,Canada,Individual Contributor,Female,29,2023-04-01,821,46200.0,EMP00825,False,Active
EMP00994,Sales,USA,Manager,Female,27,2022-01-07,1270,110600.0,EMP03250,False,Active
EMP00995,Operations,USA,Individual Contributor,Male,25,2020-05-23,1864,61500.0,EMP03255,True,Active
EMP00996,Engineering,Germany,Individual Contributor,Female,26,2021-03-21,1562,53000.0,EMP02116,False,Active
EMP00997,Customer Support,India,Individual Contributor,Female,30,2022-02-01,1245,25400.0,EMP00396,False,Active
EMP00998,Sales,India,Senior IC,Non-binary,29,2021-05-03,1519,35400.0,EMP02154,False,Active
EMP00999,Operations,UAE,Individual Contributor,Male,26,2021-11-07,1331,47500.0,EMP03198,True,Active
EMP01000,Sales,Brazil,Senior Manager,Female,24,2022-10-05,999,74400.0,EMP03251,True,Active
EMP01001,Sales,USA,Senior IC,Male,28,2024-07-05,360,74900.0,EMP01569,False,Active
EMP01002,Engineering,India,Manager,Male,25,2024-04-16,440,53800.0,EMP01673,True,Active
EMP01003,Sales,India,Individual Contributor,Male,31,2021-09-27,1372,27200.0,EMP01340,True,Active
EMP01004,Sales,India,Individual Contributor,Male,30,2023-08-14,686,26200.0,EMP00762,False,Active
EMP01005,Customer Support,USA,Team Lead,Male,27,2021-10-31,1338,85400.0,EMP02270,False,Active
EMP01006,Engineering,Germany,Team Lead,Female,29,2024-07-14,351,86800.0,EMP03453,False,Active
EMP01007,Operations,Germany,Senior IC,Male,27,2024-01-08,539,69800.0,EMP00963,True,Active
EMP01008,Engineering,USA,Manager,Female,28,2023-02-26,855,91100.0,EMP02943,True,Active
EMP01009,Customer Support,Brazil,Manager,Male,21,2025-03-15,107,53200.0,EMP00357,True,Active
EMP01010,Engineering,Germany,Senior IC,Female,22,2024-03-05,482,65600.0,EMP00196,False,Active
EMP01011,Customer Support,India,Senior Manager,Female,22,2023-11-11,597,63900.0,EMP03158,False,Active
EMP01012,Customer Support,India,Team Lead,Non-binary,26,2022-06-03,1123,47000.0,EMP00416,False,Active
EMP01013,Engineering,UAE,Team Lead,Male,27,2023-04-06,816,93100.0,EMP01435,False,Active
EMP01014,Operations,USA,Individual Contributor,Female,28,2022-04-21,1166,44300.0,EMP03088,False,Active
EMP01015,Engineering,USA,Individual Contributor,Female,28,2022-09-09,1025,56500.0,EMP01227,True,Active
EMP01016,Sales,Germany,Individual Contributor,Female,24,2023-05-01,791,50700.0,EMP01052,False,Active
EMP01017,Customer Support,Germany,Team Lead,Non-binary,29,2023-11-07,601,80700.0,EMP00145,False,Active
EMP01018,Operations,Germany,Team Lead,Female,35,2022-08-15,1050,85500.0,EMP02418,False,Active
EMP01019,Sales,Brazil,Individual Contributor,Female,29,2019-06-12,2210,29100.0,EMP01116,False,Active
EMP01020,Engineering,USA,Senior IC,Male,23,2023-11-10,598,72600.0,EMP00433,False,Active
EMP01021,Operations,USA,Individual Contributor,Female,30,2016-12-27,3107,55300.0,EMP01652,False,Active
EMP01022,Customer Support,Germany,Individual Contributor,Female,28,2022-08-01,1064,52600.0,EMP00611,True,Active
EMP01023,Operations,Brazil,Senior Manager,Male,27,2020-08-24,1771,73400.0,EMP02973,False,Active
EMP01024,Engineering,UAE,Individual Contributor,Female,21,2021-12-28,1280,46300.0,EMP02612,False,Terminated
EMP01025,Customer Support,Brazil,Individual Contributor,Male,23,2021-08-18,1412,27500.0,EMP03428,False,Active
EMP01026,Engineering,India,Senior IC,Male,30,2024-03-08,479,43800.0,EMP03428,False,Active
EMP01027,Operations,Brazil,Individual Contributor,,31,2023-08-19,681,29600.0,EMP02929,False,Active
EMP01028,Engineering,Brazil,Team Lead,Male,31,2024-11-24,218,49700.0,EMP01753,False,Terminated
EMP01029,Customer Support,USA,Senior Manager,Male,28,2023-03-13,840,130200.0,EMP00611,False,Active
EMP01030,Engineering,India,Senior IC,Male,25,2021-05-19,1503,36300.0,EMP00149,True,Active
EMP01031,Engineering,Brazil,Senior IC,Male,25,2023-03-08,845,39600.0,EMP00332,False,Active
EMP01032,Customer Support,Germany,Individual Contributor,Female,24,2020-06-20,1836,42700.0,EMP00832,False,Active
EMP01033,Engineering,India,Senior IC,Female,21,2023-06-28,733,33700.0,EMP03091,False,Active
EMP01034,Operations,India,Individual Contributor,Male,27,2023-12-10,568,24800.0,EMP00756,False,Active
EMP01035,Engineering,India,Individual Contributor,Female,28,2023-09-10,659,25100.0,EMP00336,False,Active
EMP01036,Customer Support,USA,Manager,Female,37,2021-02-09,1602,99900.0,EMP03271,False,Active
EMP01037,Engineering,Brazil,Senior IC,Male,32,2018-02-25,2682,39100.0,EMP01502,True,Active
EMP01038,Engineering,UAE,Senior IC,Female,28,2016-06-07,3310,68700.0,EMP01448,False,Active
EMP01039,Engineering,USA,Individual Contributor,Male,28,2021-05-31,1491,55800.0,EMP01053,False,Active
EMP01040,Sales,Germany,Manager,Male,28,2020-08-15,1780,90300.0,EMP03309,False,Active
EMP01041,Sales,USA,Individual Contributor,Male,23,2024-10-03,270,50600.0,EMP01227,True,Active
EMP01042,Customer Support,USA,Individual Contributor,Female,27,2024-07-21,344,53500.0,EMP03020,True,Active
EMP01043,Customer Support,Canada,Manager,,21,2024-02-19,497,84200.0,EMP03480,True,Active
EMP01044,Customer Support,India,Senior IC,,31,2019-03-16,2298,36600.0,EMP01553,True,Active
EMP01045,Sales,Germany,Senior Manager,Female,33,2019-04-07,2276,137300.0,EMP02435,True,Active
EMP01046,Engineering,USA,Individual Contributor,Male,41,2015-02-17,3786,52700.0,EMP00086,False,Active
EMP01047,Sales,Canada,Team Lead,Male,27,2024-02-29,487,78500.0,EMP02714,False,Active
EMP01048,Customer Support,USA,Director,Female,31,2022-12-27,916,166600.0,,False,Active
EMP01049,Operations,Brazil,Senior IC,Female,23,2024-11-25,217,37000.0,EMP00681,False,Active
EMP01050,Sales,Germany,Team Lead,Male,24,2024-09-06,297,83100.0,EMP00040,False,Active
EMP01051,Customer Support,USA,Individual Contributor,Female,32,2023-05-03,789,52300.0,EMP00152,False,Active
EMP01052,Sales,Brazil,Team Lead,Male,21,2024-02-11,505,43800.0,EMP03008,True,Active
EMP01053,Sales,USA,Manager,Male,24,2024-02-06,510,95100.0,EMP00870,False,Active
EMP01054,Sales,Brazil,Team Lead,Female,31,2023-10-19,620,47000.0,EMP01433,False,Terminated
EMP01055,Sales,USA,Senior Manager,Male,30,2018-09-26,2469,147300.0,EMP01182,False,Active
EMP01056,Customer Support,Brazil,Senior IC,Female,29,2020-01-01,2007,41200.0,EMP01053,False,Active
EMP01057,Operations,Brazil,Senior IC,Female,25,2024-04-21,435,43700.0,EMP00601,False,Active
EMP01058,Sales,Brazil,Individual Contributor,Male,30,2020-02-07,1970,27200.0,EMP01417,False,Active
EMP01059,Engineering,USA,Team Lead,Male,30,2024-01-08,539,95800.0,EMP03235,True,Active
EMP01060,Customer Support,Brazil,Manager,Male,29,2024-10-06,267,52000.0,EMP01254,True,Active
EMP01061,Operations,Canada,Senior IC,Male,26,2023-11-06,602,68700.0,EMP02783,False,Active
EMP01062,Customer Support,USA,Individual Contributor,Male,32,2022-03-18,1200,62500.0,EMP02398,True,Active
EMP01063,Sales,USA,Senior IC,Female,27,2024-03-09,478,77700.0,EMP02772,True,Active
EMP01064,Customer Support,UAE,Team Lead,Female,32,2021-06-19,1472,84000.0,EMP01997,True,Active
EMP01065,Engineering,USA,Senior Manager,Female,22,2023-10-03,636,129200.0,EMP01295,False,Active
EMP01066,Operations,Brazil,Individual Contributor,Female,35,2022-01-16,1261,28500.0,EMP00917,False,Active
EMP01067,Engineering,Brazil,Individual Contributor,Female,27,2024-04-25,431,26700.0,EMP00989,False,Active
EMP01068,Customer Support,USA,Individual Contributor,,21,2022-10-22,982,55400.0,EMP01825,False,Active
EMP01069,Sales,India,Individual Contributor,Female,32,2024-02-26,490,27000.0,EMP01408,False,Active
EMP01070,Engineering,India,Director,Male,27,2023-04-16,806,82700.0,,False,Active
EMP01071,Operations,Germany,Senior IC,Male,32,2016-11-28,3136,65700.0,EMP01288,False,Active
EMP01072,Customer Support,UAE,Senior IC,Non-binary,24,2023-07-28,703,59300.0,EMP03225,False,Active
EMP01073,Engineering,USA,Individual Contributor,Female,27,2024-07-27,338,56700.0,EMP02239,True,Active
EMP01074,Operations,Germany,Senior IC,Male,24,2022-09-07,1027,67400.0,EMP03117,False,Active
EMP01075,Operations,UAE,Director,Male,25,2022-08-25,1040,129400.0,,False,Active
EMP01076,Engineering,USA,Senior IC,Female,25,2022-08-30,1035,63400.0,EMP02146,False,Active
EMP01077,Engineering,UAE,Individual Contributor,Female,27,2021-08-15,1415,43400.0,EMP00332,True,Active
EMP01078,Engineering,USA,Individual Contributor,Female,24,2023-08-22,678,49100.0,EMP03364,True,Active
EMP01079,Customer Support,India,Director,Male,32,2021-05-12,1510,77000.0,,False,Active
EMP01080,Engineering,USA,Director,Male,28,2022-11-20,953,166700.0,,True,Active
EMP01081,Sales,Brazil,Individual Contributor,Male,27,2024-08-13,321,28500.0,EMP01435,False,Active
EMP01082,Operations,UAE,Senior IC,Male,31,2020-12-18,1655,58500.0,EMP00318,False,Active
EMP01083,Operations,UAE,Individual Contributor,Female,27,2022-06-28,1098,53600.0,EMP02307,False,Active
EMP01084,Operations,Canada,Senior IC,Female,24,2021-07-04,1457,58400.0,EMP00157,False,Active
EMP01085,Operations,Brazil,Individual Contributor,Male,33,2024-07-10,355,31600.0,EMP02509,False,Active
EMP01086,Customer Support,Brazil,Manager,Non-binary,33,2020-10-13,1721,56300.0,EMP02910,True,Active
EMP01087,Customer Support,India,Senior Manager,Male,41,2015-06-16,3667,61500.0,EMP01457,False,Active
EMP01088,Customer Support,Canada,Individual Contributor,Female,30,2024-08-02,332,50300.0,EMP01337,True,Terminated
EMP01089,Engineering,India,Senior IC,Female,28,2020-05-05,1882,34500.0,EMP02351,False,Active
EMP01090,Engineering,Canada,Individual Contributor,Female,21,2022-06-25,1101,44900.0,EMP03024,False,Active
EMP01091,Sales,USA,Individual Contributor,Female,22,2022-11-12,961,63100.0,EMP00357,True,Active
EMP01092,Customer Support,India,Individual Contributor,Female,32,2020-09-30,1734,21800.0,EMP01572,False,Active
EMP01093,Sales,Brazil,Individual Contributor,Male,29,2021-02-01,1610,28200.0,EMP01125,False,Active
EMP01094,Sales,USA,Director,Male,29,2019-06-28,2194,175100.0,,False,Active
EMP01095,Customer Support,USA,Individual Contributor,Female,21,2024-06-27,368,61400.0,EMP00038,False,Active
EMP01096,Engineering,Canada,Manager,Female,31,2019-05-03,2250,92000.0,EMP01826,False,Active
EMP01097,Sales,Germany,Individual Contributor,Female,24,2022-01-25,1252,61100.0,EMP02656,False,Active
EMP01098,Customer Support,USA,Senior IC,Male,22,2024-11-19,223,79300.0,EMP02061,False,Active
EMP01099,Operations,Germany,Senior IC,Male,30,2023-07-23,708,55300.0,EMP00892,True,Active
EMP01100,Sales,Germany,Senior Manager,Female,23,2022-06-07,1119,109500.0,EMP01554,False,Active
EMP01101,Sales,India,Individual Contributor,Male,23,2023-08-04,696,26900.0,EMP03367,False,Active
EMP01102,Engineering,Canada,Individual Contributor,Female,28,2023-02-05,876,43600.0,EMP02932,False,Active
EMP01103,Customer Support,Canada,Team Lead,Female,30,2023-10-16,623,81400.0,EMP00442,False,Active
EMP01104,Operations,India,Team Lead,Non-binary,35,2013-03-05,4500,41300.0,EMP02240,True,Active
EMP01105,Sales,Brazil,Team Lead,Female,35,2021-04-25,1527,42300.0,EMP02184,False,Active
EMP01106,Customer Support,Germany,Individual Contributor,Female,22,2022-09-10,1024,46500.0,EMP01269,False,Active
EMP01107,Sales,UAE,Individual Contributor,Male,21,2024-05-04,422,48700.0,EMP01269,False,Active
EMP01108,Engineering,USA,Manager,Female,24,2019-06-24,2198,91600.0,EMP02499,False,Active
EMP01109,Operations,USA,Senior IC,Female,22,2021-09-04,1395,81000.0,EMP03271,True,Active
EMP01110,Sales,Canada,Senior IC,Female,27,2024-03-27,460,70600.0,EMP01114,False,Active
EMP01111,Sales,UAE,Individual Contributor,Female,22,2024-03-24,463,44400.0,EMP03250,False,Active
EMP01112,Engineering,Germany,Individual Contributor,Male,21,2023-01-20,892,44700.0,EMP02935,False,Active
EMP01113,Customer Support,Brazil,Senior Manager,Female,29,2022-09-03,1031,73900.0,EMP00178,False,Active
EMP01114,Operations,India,Team Lead,Male,32,2021-05-20,1502,41200.0,EMP00989,False,Active
EMP01115,Operations,Germany,Individual Contributor,Male,31,2022-12-07,936,44300.0,EMP01523,True,Active
EMP01116,Sales,Germany,Senior Manager,Female,32,2021-02-21,1590,142800.0,EMP02317,False,Active
EMP01117,Sales,USA,Senior IC,Female,23,2023-08-03,697,69500.0,EMP00802,False,Active
EMP01118,Customer Support,India,Individual Contributor,Female,28,2022-12-05,938,23300.0,EMP01438,False,Active
EMP01119,Sales,India,Individual Contributor,Female,33,2019-05-01,2252,27000.0,EMP00336,True,Active
EMP01120,Operations,India,Team Lead,Female,27,2021-01-04,1638,42700.0,EMP00370,False,Active
EMP01121,Customer Support,USA,Individual Contributor,Male,28,2022-10-25,979,61800.0,EMP01498,False,Active
EMP01122,Sales,Canada,Senior IC,Female,23,2022-02-25,1221,63000.0,EMP02206,True,Active
EMP01123,Operations,India,Team Lead,Male,25,2022-12-02,941,41600.0,EMP01555,True,Active
EMP01124,Sales,Canada,Individual Contributor,Male,27,2024-09-03,300,49300.0,EMP01336,False,Active
EMP01125,Engineering,USA,Senior Manager,Male,38,2017-12-11,2758,137900.0,EMP01742,False,Terminated
EMP01126,Engineering,India,Individual Contributor,Female,30,2024-03-01,486,26900.0,EMP02218,False,Active
EMP01127,Engineering,UAE,Individual Contributor,Female,29,2023-06-23,738,46600.0,EMP02483,False,Active
EMP01128,Customer Support,Germany,Team Lead,Non-binary,37,2013-07-12,4371,83000.0,EMP01874,False,Terminated
EMP01129,Customer Support,USA,Senior IC,Female,25,2024-05-18,408,72300.0,EMP00332,False,Active
EMP01130,Operations,USA,Senior IC,Male,21,2023-01-11,901,79700.0,EMP00146,False,Active
EMP01131,Operations,USA,Senior IC,Male,28,2019-01-25,2348,72600.0,EMP01210,True,Active
EMP01132,Engineering,India,Manager,Male,30,2016-11-18,3146,55600.0,EMP00725,True,Active
EMP01133,Sales,Germany,Manager,Female,31,2021-09-18,1381,110800.0,EMP01857,False,Active
EMP01134,Customer Support,USA,Manager,Female,34,2019-06-10,2212,103300.0,EMP02435,True,Active
EMP01135,Operations,India,Individual Contributor,Male,30,2023-03-18,835,31500.0,EMP00905,True,Active
EMP01136,Engineering,USA,Individual Contributor,Male,29,2025-04-28,63,52100.0,EMP01612,True,Active
EMP01137,Engineering,Germany,Senior IC,Male,30,2019-10-16,2084,64400.0,EMP00778,True,Active
EMP01138,Engineering,Brazil,Individual Contributor,Male,23,2022-11-10,963,30000.0,EMP01608,True,Active
EMP01139,Sales,USA,Team Lead,Male,26,2023-05-28,764,92900.0,EMP01317,False,Active
EMP01140,Customer Support,USA,Individual Contributor,Non-binary,24,2023-07-18,713,55500.0,EMP00005,False,Active
EMP01141,Engineering,USA,Individual Contributor,Male,31,2021-03-15,1568,58800.0,EMP02308,False,Active
EMP01142,Customer Support,USA,Individual Contributor,Female,27,2021-03-27,1556,56300.0,EMP01054,False,Terminated
EMP01143,Operations,India,Individual Contributor,Female,27,2022-10-21,983,30800.0,EMP02612,True,Active
EMP01144,Operations,USA,Individual Contributor,Male,31,2021-11-02,1336,55000.0,EMP02336,True,Active
EMP01145,Engineering,USA,Senior IC,Male,23,2024-05-25,401,69600.0,EMP00681,False,Active
EMP01146,Engineering,Canada,Senior IC,Female,31,2023-03-09,844,62100.0,EMP03101,False,Active
EMP01147,Customer Support,Canada,Individual Contributor,Male,21,2024-05-09,417,49800.0,EMP00081,False,Terminated
EMP01148,Customer Support,USA,Individual Contributor,Female,27,2024-05-21,405,57300.0,EMP01999,False,Active
EMP01149,Engineering,Germany,Manager,Female,28,2022-01-28,1249,101400.0,EMP02803,False,Active
EMP01150,Operations,India,Individual Contributor,Male,31,2022-09-12,1022,24600.0,EMP01877,False,Active
EMP01151,Sales,UAE,Senior IC,Female,21,2023-08-02,698,67200.0,EMP01940,True,Active
EMP01152,Operations,UAE,Senior IC,Male,21,2023-04-09,813,71300.0,EMP01624,False,Active
EMP01153,Sales,USA,Senior IC,Male,31,2021-11-16,1322,74900.0,EMP00212,True,Active
EMP01154,Sales,USA,Manager,Male,27,2021-02-21,1590,125100.0,EMP02368,False,Active
EMP01155,Engineering,Germany,Senior IC,Female,28,2021-08-10,1420,73000.0,EMP03330,True,Active
EMP01156,Sales,UAE,Director,Male,22,2024-11-29,213,167800.0,,False,Active
EMP01157,Sales,Canada,Manager,Female,28,2025-03-22,100,98600.0,EMP00204,False,Active
EMP01158,Sales,USA,Individual Contributor,Male,27,2024-01-22,525,55800.0,EMP00781,False,Active
EMP01159,Engineering,India,Individual Contributor,Female,26,2025-03-21,101,28200.0,EMP02910,False,Active
EMP01160,Customer Support,USA,Individual Contributor,Non-binary,27,2018-07-05,2552,53300.0,EMP02483,True,Active
EMP01161,Sales,Brazil,Individual Contributor,Male,29,2023-04-29,793,29700.0,EMP01278,False,Active
EMP01162,Customer Support,Canada,Senior IC,Female,21,2024-08-15,319,71900.0,EMP00870,False,Active
EMP01163,Operations,India,Individual Contributor,Female,24,2023-05-06,786,28100.0,EMP01593,False,Active
EMP01164,Sales,USA,Individual Contributor,Female,21,2025-01-16,165,55100.0,EMP00116,False,Active
EMP01165,Sales,India,Individual Contributor,Male,25,2024-08-09,325,26800.0,EMP00325,False,Active
EMP01166,Operations,Germany,Team Lead,Male,31,2023-06-19,742,86900.0,EMP00271,False,Active
EMP01167,Operations,UAE,Team Lead,Male,27,2023-09-19,650,78400.0,EMP02888,False,Active
EMP01168,Engineering,Germany,Director,Male,25,2023-06-24,737,167000.0,,False,Active
EMP01169,Customer Support,UAE,Individual Contributor,Female,29,2021-10-17,1352,46800.0,EMP01922,False,Active
EMP01170,Sales,USA,Individual Contributor,Male,30,2020-05-27,1860,51600.0,EMP00989,False,Active
EMP01171,Engineering,USA,Senior Manager,Female,28,2022-07-27,1069,128500.0,EMP02638,False,Active
EMP01172,Customer Support,Germany,Team Lead,Male,30,2020-03-22,1926,84900.0,EMP00472,True,Active
EMP01173,Sales,USA,Senior IC,Male,22,2023-09-07,662,79700.0,EMP03191,True,Active
EMP01174,Customer Support,Germany,Senior IC,Male,31,2019-09-30,2100,72100.0,EMP00299,False,Active
EMP01175,Engineering,Brazil,Individual Contributor,Female,21,2022-07-15,1081,27200.0,EMP02957,False,Active
EMP01176,Customer Support,USA,Manager,Female,32,2020-09-10,1754,107900.0,EMP00551,False,Active
EMP01177,Engineering,USA,Senior IC,Female,22,2023-08-27,673,67700.0,EMP00113,False,Active
EMP01178,Engineering,USA,Senior IC,Male,32,2022-08-19,1046,66400.0,EMP00139,False,Active
EMP01179,Sales,USA,Senior IC,Male,24,2016-02-22,3416,75200.0,EMP02713,True,Active
EMP01180,Sales,UAE,Individual Contributor,Female,34,2022-08-24,1041,50600.0,EMP01212,True,Active
EMP01181,Customer Support,Canada,Individual Contributor,Female,23,2020-06-07,1849,48400.0,EMP01439,True,Active
EMP01182,Sales,USA,Team Lead,Female,25,2020-01-06,2002,103400.0,EMP02886,False,Active
EMP01183,Sales,Brazil,Senior IC,Male,30,2021-05-26,1496,38500.0,EMP00943,False,Active
EMP01184,Sales,Brazil,Individual Contributor,Male,32,2020-11-24,1679,28900.0,EMP01927,False,Active
EMP01185,Sales,Canada,Individual Contributor,Male,25,2023-08-26,674,44200.0,EMP01047,True,Active
EMP01186,Operations,Germany,Senior Manager,Male,29,2024-02-05,511,120500.0,EMP00240,False,Active
EMP01187,Engineering,Germany,Individual Contributor,Female,22,2024-05-03,423,45600.0,EMP03483,False,Active
EMP01188,Operations,India,Individual Contributor,Female,26,2021-11-30,1308,23100.0,EMP01308,True,Active
EMP01189,Sales,UAE,Senior IC,Male,26,2022-09-15,1019,56000.0,EMP02964,False,Active
EMP01190,Customer Support,Brazil,Manager,,26,2022-01-31,1246,57400.0,EMP01486,False,Active
EMP01191,Engineering,India,Team Lead,Female,21,2024-07-02,363,40400.0,EMP03049,False,Active
EMP01192,Engineering,USA,Manager,Male,26,2023-11-30,578,104900.0,EMP00616,False,Active
EMP01193,Operations,Brazil,Individual Contributor,Female,29,2020-07-11,1815,29700.0,EMP01874,True,Active
EMP01194,Operations,UAE,Senior Manager,Female,32,2022-05-22,1135,98200.0,EMP01301,True,Active
EMP01195,Operations,Germany,Manager,Female,22,2022-07-09,1087,100400.0,EMP03481,True,Active
EMP01196,Sales,Brazil,Senior IC,Male,24,2023-03-13,840,41600.0,EMP01186,True,Active
EMP01197,Sales,Germany,Senior IC,Male,31,2024-01-10,537,73400.0,EMP02672,False,Active
EMP01198,Customer Support,India,Individual Contributor,Male,32,2019-08-15,2146,27500.0,EMP01726,True,Active
EMP01199,Sales,India,Senior IC,Male,33,2018-12-22,2382,35600.0,EMP01400,False,Active
EMP01200,Customer Support,Brazil,Individual Contributor,Male,29,2022-08-15,1050,27400.0,EMP02420,False,Active
EMP01201,Engineering,Canada,Individual Contributor,Female,29,2023-01-07,905,47700.0,EMP02250,False,Active
EMP01202,Engineering,India,Director,Male,39,2018-08-31,2495,93400.0,,True,Active
EMP01203,Operations,Germany,Individual Contributor,Female,26,2023-11-16,592,51500.0,EMP00196,True,Active
EMP01204,Customer Support,Germany,Senior IC,Male,22,2023-07-23,708,67700.0,EMP00269,False,Active
EMP01205,Sales,USA,Individual Contributor,Female,32,2020-09-05,1759,57700.0,EMP02074,True,Active
EMP01206,Sales,Germany,Individual Contributor,Female,24,2023-08-01,699,50600.0,EMP00195,False,Active
EMP01207,Customer Support,USA,Individual Contributor,Male,27,2022-09-27,1007,56200.0,EMP02105,False,Active
EMP01208,Engineering,Germany,Individual Contributor,Female,26,2025-02-20,130,49400.0,EMP03103,False,Active
EMP01209,Sales,USA,Senior IC,Male,28,2018-11-15,2419,72300.0,EMP02747,True,Active
EMP01210,Engineering,Germany,Senior Manager,Male,27,2020-12-12,1661,133800.0,EMP02414,True,Active
EMP01211,Customer Support,UAE,Senior IC,Male,32,2019-11-19,2050,52100.0,EMP00978,False,Active
EMP01212,Operations,USA,Director,Female,24,2024-03-14,473,179100.0,,False,Active
EMP01213,Engineering,India,Team Lead,Female,36,2017-12-08,2761,41300.0,EMP00645,False,Active
EMP01214,Engineering,Canada,Senior IC,Female,23,2022-12-02,941,55100.0,EMP03202,False,Terminated
EMP01215,Sales,India,Individual Contributor,Male,26,2019-07-25,2167,24300.0,EMP00325,False,Active
EMP01216,Engineering,USA,Individual Contributor,Male,36,2021-12-24,1284,55000.0,EMP01878,True,Active
EMP01217,Engineering,Germany,Manager,Female,23,2020-10-21,1713,100600.0,EMP01687,False,Active
EMP01218,Engineering,India,Senior IC,Male,28,2021-10-17,1352,37900.0,EMP00269,True,Active
EMP01219,Customer Support,India,Individual Contributor,Male,34,2023-08-05,695,28100.0,EMP00656,False,Active
EMP01220,Sales,USA,Manager,Non-binary,25,2024-10-28,245,95700.0,EMP02483,True,Active
EMP01221,Sales,India,Individual Contributor,Female,36,2019-04-06,2277,27200.0,EMP02062,False,Active
EMP01222,Sales,India,Team Lead,Male,27,2025-04-20,71,45400.0,EMP00593,False,Active
EMP01223,Operations,USA,Individual Contributor,Male,30,2020-06-16,1840,56200.0,EMP00515,False,Active
EMP01224,Customer Support,India,Senior Manager,Female,30,2019-04-08,2275,67500.0,EMP02317,False,Active
EMP01225,Sales,USA,Individual Contributor,Female,21,2024-08-27,307,46700.0,EMP02292,False,Active
EMP01226,Operations,Germany,Individual Contributor,,25,2023-07-06,725,46400.0,EMP01400,False,Active
EMP01227,Engineering,UAE,Team Lead,Female,26,2024-09-28,275,82200.0,EMP00078,False,Active
EMP01228,Engineering,USA,Individual Contributor,Male,27,2023-10-23,616,54000.0,EMP00095,False,Active
EMP01229,Operations,India,Senior Manager,Male,40,2019-12-11,2028,76400.0,EMP00559,False,Active
EMP01230,Sales,Germany,Senior IC,Female,30,2020-11-03,1700,61300.0,EMP00196,False,Active
EMP01231,Sales,Germany,Individual Contributor,Male,31,2021-04-03,1549,56700.0,EMP01936,True,Active
EMP01232,Customer Support,Canada,Individual Contributor,Female,31,2023-07-02,729,45700.0,EMP01366,False,Active
EMP01233,Sales,Germany,Senior Manager,Male,27,2025-04-09,82,132400.0,EMP00774,True,Active
EMP01234,Customer Support,USA,Senior IC,Female,25,2024-07-16,349,73000.0,EMP02061,False,Terminated
EMP01235,Sales,Canada,Manager,Male,26,2023-03-13,840,95900.0,EMP02445,False,Active
EMP01236,Sales,Brazil,Individual Contributor,Male,24,2024-05-06,420,30200.0,EMP00612,False,Active
EMP01237,Sales,Brazil,Senior Manager,Male,31,2020-06-03,1853,67300.0,EMP02184,True,Active
EMP01238,Engineering,USA,Senior IC,Male,32,2017-10-13,2817,79500.0,EMP00395,False,Active
EMP01239,Sales,USA,Team Lead,Female,30,2021-12-31,1277,87800.0,EMP02075,True,Active
EMP01240,Sales,India,Individual Contributor,Male,21,2024-08-31,303,26800.0,EMP01310,False,Active
EMP01241,Operations,USA,Individual Contributor,Male,31,2019-02-11,2331,43500.0,EMP00407,True,Active
EMP01242,Engineering,USA,Senior Manager,Female,34,2022-07-08,1088,132000.0,EMP02804,False,Active
EMP01243,Engineering,Brazil,Director,Non-binary,26,2022-10-20,984,99100.0,,True,Active
EMP01244,Sales,Germany,Individual Contributor,Female,36,2021-06-29,1462,53200.0,EMP02721,False,Terminated
EMP01245,Engineering,USA,Senior Manager,Female,26,2024-07-02,363,145300.0,EMP01273,True,Active
EMP01246,Sales,USA,Individual Contributor,Male,26,2023-06-23,738,55400.0,EMP02384,False,Active
EMP01247,Customer Support,India,Individual Contributor,Female,28,2022-12-08,935,29900.0,EMP02460,True,Active
EMP01248,Sales,India,Individual Contributor,Female,27,2022-03-17,1201,27000.0,EMP01472,False,Active
EMP01249,Operations,UAE,Individual Contributor,Female,21,2021-12-20,1288,43200.0,EMP02317,True,Active
EMP01250,Operations,USA,Individual Contributor,Male,32,2021-07-01,1460,59000.0,EMP01527,False,Active
EMP01251,Sales,USA,Individual Contributor,Male,35,2023-10-10,629,59300.0,EMP02106,True,Active
EMP01252,Sales,India,Individual Contributor,Female,27,2024-12-13,199,27700.0,EMP00802,False,Active
EMP01253,Sales,Germany,Team Lead,,29,2023-03-20,833,79300.0,EMP01472,False,Active
EMP01254,Customer Support,India,Manager,Male,26,2022-12-30,913,53400.0,EMP00506,False,Active
EMP01255,Sales,Canada,Team Lead,Male,30,2024-12-22,190,86700.0,EMP01438,True,Active
EMP01256,Operations,India,Individual Contributor,Male,26,2023-11-06,602,27400.0,EMP00066,True,Active
EMP01257,Customer Support,Germany,Team Lead,Male,29,2022-06-02,1124,72200.0,EMP01422,False,Active
EMP01258,Customer Support,Canada,Individual Contributor,Female,21,2023-08-21,679,45600.0,EMP03020,False,Active
EMP01259,Engineering,USA,Team Lead,Female,25,2022-07-04,1092,84900.0,EMP01264,False,Active
EMP01260,Operations,Canada,Senior IC,Male,28,2023-09-13,656,61100.0,EMP01735,False,Active
EMP01261,Sales,India,Individual Contributor,Female,32,2021-04-17,1535,21900.0,EMP03008,True,Active
EMP01262,Engineering,India,Individual Contributor,Male,29,2024-04-07,449,30400.0,EMP00007,False,Active
EMP01263,Engineering,Canada,Manager,Female,21,2022-10-11,993,88300.0,EMP02343,False,Active
EMP01264,Operations,India,Senior Manager,Female,21,2022-09-05,1029,60700.0,EMP01827,False,Active
EMP01265,Engineering,Germany,Team Lead,Male,32,2020-07-20,1806,69200.0,EMP01212,False,Active
EMP01266,Customer Support,USA,Senior Manager,Female,24,2023-05-23,769,145100.0,EMP00919,True,Active
EMP01267,Sales,India,Senior Manager,Male,36,2017-11-08,2791,64400.0,EMP02058,False,Active
EMP01268,Operations,India,Individual Contributor,Male,25,2018-01-15,2723,25700.0,EMP01480,False,Active
EMP01269,Engineering,USA,Team Lead,Female,25,2024-03-12,475,87600.0,EMP01378,True,Active
EMP01270,Engineering,Brazil,Individual Contributor,Female,27,2022-11-01,972,30200.0,EMP02349,False,Active
EMP01271,Operations,India,Senior IC,Female,27,2024-08-01,333,34400.0,EMP01399,False,Active
EMP01272,Engineering,Germany,Individual Contributor,Male,24,2021-09-16,1383,42400.0,EMP02822,True,Active
EMP01273,Engineering,USA,Director,Female,21,2023-08-28,672,154700.0,,True,Active
EMP01274,Customer Support,India,Team Lead,Male,28,2022-07-19,1077,38300.0,EMP02435,False,Active
EMP01275,Sales,USA,Individual Contributor,Female,29,2023-04-05,817,56400.0,EMP01963,False,Active
EMP01276,Engineering,USA,Individual Contributor,Female,41,2013-03-05,4500,59300.0,EMP03138,False,Active
EMP01277,Sales,Germany,Senior IC,Female,26,2023-01-23,889,76300.0,EMP01400,False,Active
EMP01278,Sales,USA,Team Lead,Female,30,2023-03-21,832,78000.0,EMP00832,True,Active
EMP01279,Operations,USA,Senior Manager,Female,32,2020-05-02,1885,142400.0,EMP01398,True,Active
EMP01280,Customer Support,India,Individual Contributor,Male,35,2019-11-02,2067,25100.0,EMP02293,True,Active
EMP01281,Engineering,Germany,Senior IC,Female,28,2022-03-27,1191,84200.0,EMP01486,False,Active
EMP01282,Engineering,Canada,Senior IC,Male,23,2019-09-25,2105,72200.0,EMP03108,False,Active
EMP01283,Engineering,Canada,Individual Contributor,Male,36,2013-10-11,4280,54500.0,EMP00572,True,Active
EMP01284,Customer Support,India,Senior IC,Male,27,2023-05-08,784,38000.0,EMP01075,False,Active
EMP01285,Operations,Canada,Individual Contributor,Male,28,2024-06-26,369,49500.0,EMP03447,False,Active
EMP01286,Operations,UAE,Individual Contributor,Female,22,2021-11-28,1310,44100.0,EMP02779,False,Active
EMP01287,Engineering,Germany,Individual Contributor,Male,29,2020-02-01,1976,48000.0,EMP00275,False,Active
EMP01288,Engineering,Brazil,Senior Manager,Female,35,2018-04-02,2646,66300.0,EMP03284,False,Active
EMP01289,Engineering,USA,Individual Contributor,Male,28,2021-06-14,1477,57900.0,EMP01472,False,Active
EMP01290,Engineering,Brazil,Individual Contributor,Female,26,2022-09-23,1011,32400.0,EMP02240,False,Active
EMP01291,Engineering,India,Team Lead,Male,34,2024-01-12,535,41700.0,EMP00067,False,Active
EMP01292,Customer Support,USA,Senior Manager,Male,26,2019-03-31,2283,127900.0,EMP00598,False,Terminated
EMP01293,Engineering,USA,Senior IC,Male,33,2022-02-11,1235,65900.0,EMP02426,False,Active
EMP01294,Engineering,Canada,Individual Contributor,Female,29,2024-12-08,204,48900.0,EMP00930,True,Active
EMP01295,Engineering,Germany,Team Lead,Male,33,2016-02-27,3411,90000.0,EMP00433,False,Active
EMP01296,Engineering,USA,Individual Contributor,Male,25,2024-06-05,390,60800.0,EMP02370,False,Active
EMP01297,Sales,USA,Team Lead,Male,30,2020-01-07,2001,99600.0,EMP00774,True,Terminated
EMP01298,Sales,India,Individual Contributor,Female,28,2022-04-23,1164,27300.0,EMP03037,False,Active
EMP01299,Customer Support,UAE,Individual Contributor,Female,23,2024-11-21,221,45900.0,EMP00630,True,Active
EMP01300,Engineering,Brazil,Individual Contributor,Female,25,2022-12-16,927,31800.0,EMP00083,False,Active
EMP01301,Sales,Germany,Team Lead,Male,25,2023-05-06,786,74600.0,EMP01357,False,Active
EMP01302,Engineering,USA,Individual Contributor,Female,24,2024-09-28,275,53300.0,EMP01134,False,Active
EMP01303,Customer Support,USA,Individual Contributor,Male,27,2021-09-18,1381,62800.0,EMP02228,False,Active
EMP01304,Sales,India,Senior IC,Male,21,2020-07-09,1817,32700.0,EMP00831,False,Active
EMP01305,Operations,UAE,Team Lead,Male,28,2022-10-29,975,73900.0,EMP03438,False,Active
EMP01306,Operations,Brazil,Individual Contributor,Male,24,2023-05-22,770,30300.0,EMP01457,True,Active
EMP01307,Customer Support,Germany,Team Lead,Male,21,2021-07-07,1454,82400.0,EMP02465,False,Active
EMP01308,Customer Support,India,Team Lead,Male,23,2025-05-12,49,46800.0,EMP02668,True,Active
EMP01309,Sales,Germany,Individual Contributor,Female,25,2023-07-27,704,56600.0,EMP03095,False,Active
EMP01310,Operations,India,Director,Male,32,2023-06-15,746,85700.0,,True,Active
EMP01311,Engineering,India,Manager,Male,25,2022-10-06,998,58100.0,EMP00806,True,Active
EMP01312,Operations,Brazil,Individual Contributor,Male,28,2024-10-14,259,26700.0,EMP01809,True,Active
EMP01313,Engineering,India,Individual Contributor,Male,30,2025-01-31,150,26100.0,EMP01472,False,Active
EMP01314,Sales,Canada,Individual Contributor,Non-binary,23,2024-05-02,424,57200.0,EMP02116,False,Active
EMP01315,Sales,Germany,Individual Contributor,Male,28,2021-10-03,1366,58200.0,EMP00838,False,Active
EMP01316,Customer Support,USA,Senior IC,Male,33,2023-06-25,736,67100.0,EMP01794,False,Active
EMP01317,Engineering,USA,Senior Manager,Male,27,2024-05-05,421,135600.0,EMP03342,True,Active
EMP01318,Sales,India,Manager,Female,34,2017-01-27,3076,52800.0,EMP02396,False,Active
EMP01319,Customer Support,India,Individual Contributor,Female,25,2023-05-22,770,27300.0,EMP03342,False,Active
EMP01320,Operations,India,Senior IC,Female,30,2022-10-01,1003,39400.0,EMP00395,False,Active
EMP01321,Engineering,Brazil,Individual Contributor,Male,31,2019-04-23,2260,33000.0,EMP02270,False,Active
EMP01322,Engineering,USA,Senior IC,Female,21,2022-06-15,1111,75000.0,EMP00082,False,Active
EMP01323,Sales,Brazil,Individual Contributor,Male,27,2021-07-17,1444,31400.0,EMP00719,False,Active
EMP01324,Customer Support,Brazil,Senior Manager,Male,21,2024-02-02,514,74500.0,EMP02896,False,Active
EMP01325,Engineering,Germany,Manager,Male,28,2022-08-22,1043,99600.0,EMP00370,False,Active
EMP01326,Operations,Germany,Individual Contributor,Female,29,2017-10-04,2826,43600.0,EMP01670,False,Active
EMP01327,Engineering,USA,Team Lead,Male,30,2021-11-18,1320,97000.0,EMP00253,False,Active
EMP01328,Engineering,Germany,Senior IC,Female,28,2022-03-28,1190,71600.0,EMP01047,False,Active
EMP01329,Sales,UAE,Manager,Female,22,2023-03-24,829,93100.0,EMP00458,True,Active
EMP01330,Sales,Canada,Senior IC,Female,23,2024-08-06,328,59900.0,EMP01558,False,Active
EMP01331,Customer Support,India,Individual Contributor,Female,33,2019-09-28,2102,30500.0,EMP02239,False,Active
EMP01332,Engineering,Germany,Senior IC,Female,32,2022-11-27,946,69100.0,EMP02263,True,Active
EMP01333,Engineering,Brazil,Individual Contributor,Male,22,2023-12-02,576,26200.0,EMP03261,False,Active
EMP01334,Operations,Brazil,Senior IC,Female,21,2024-09-07,296,34900.0,EMP00455,True,Active
EMP01335,Operations,Germany,Individual Contributor,Female,36,2022-02-13,1233,53100.0,EMP01400,False,Active
EMP01336,Operations,UAE,Team Lead,Male,25,2024-06-17,378,78300.0,EMP01817,False,Active
EMP01337,Sales,USA,Manager,Male,31,2019-09-16,2114,105200.0,EMP00303,False,Active
EMP01338,Customer Support,USA,Individual Contributor,Male,23,2023-11-04,604,57200.0,EMP00411,False,Active
EMP01339,Operations,USA,Individual Contributor,Male,28,2022-08-06,1059,58100.0,EMP01080,False,Active
EMP01340,Engineering,USA,Team Lead,Female,35,2021-12-06,1302,90700.0,EMP03020,True,Active
EMP01341,Sales,UAE,Individual Contributor,Male,29,2022-03-19,1199,43000.0,EMP02032,False,Active
EMP01342,Customer Support,Germany,Senior IC,Male,34,2020-07-05,1821,73500.0,EMP01957,False,Active
EMP01343,Engineering,USA,Team Lead,Male,26,2023-09-19,650,95700.0,EMP01919,False,Active
EMP01344,Engineering,Germany,Individual Contributor,Male,23,2022-09-26,1008,52700.0,EMP02827,False,Active
EMP01345,Operations,Germany,Manager,Female,26,2021-05-23,1499,93100.0,EMP01891,False,Active
EMP01346,Customer Support,Germany,Senior IC,Male,27,2018-03-27,2652,61000.0,EMP02509,True,Active
EMP01347,Engineering,USA,Senior IC,Male,30,2020-09-29,1735,75200.0,EMP01079,True,Active
EMP01348,Engineering,India,Individual Contributor,Male,35,2020-02-21,1956,28400.0,EMP02840,False,Active
EMP01349,Engineering,USA,Individual Contributor,Female,27,2023-05-07,785,59800.0,EMP00118,True,Active
EMP01350,Sales,Brazil,Individual Contributor,Female,27,2021-11-19,1319,30100.0,EMP01202,True,Active
EMP01351,Customer Support,USA,Manager,Female,28,2018-11-28,2406,105300.0,EMP00899,True,Active
EMP01352,Operations,Brazil,Manager,Female,29,2022-11-02,971,53300.0,EMP00514,False,Active
EMP01353,Sales,UAE,Manager,Female,23,2021-11-13,1325,90100.0,EMP01857,False,Active
EMP01354,Engineering,USA,Individual Contributor,Male,21,2024-11-08,234,55200.0,EMP03114,False,Active
EMP01355,Operations,USA,Senior IC,Female,32,2021-02-12,1599,81400.0,EMP00594,False,Active
EMP01356,Sales,Canada,Team Lead,Female,27,2022-04-06,1181,75000.0,EMP03096,False,Active
EMP01357,Engineering,India,Team Lead,Female,27,2021-04-25,1527,41500.0,EMP03011,False,Active
EMP01358,Engineering,India,Individual Contributor,Male,26,2023-04-23,799,30700.0,EMP03091,False,Active
EMP01359,Customer Support,USA,Manager,Male,28,2024-12-31,181,122800.0,EMP00021,False,Active
EMP01360,Sales,USA,Individual Contributor,Male,30,2020-12-23,1650,51300.0,EMP03466,False,Active
EMP01361,Customer Support,India,Individual Contributor,Male,23,2023-12-06,572,29500.0,EMP01480,False,Active
EMP01362,Engineering,Canada,Manager,Non-binary,22,2024-10-13,260,86500.0,EMP02064,False,Active
EMP01363,Customer Support,USA,Senior IC,Male,27,2022-06-02,1124,72200.0,EMP01060,False,Active
EMP01364,Sales,Brazil,Individual Contributor,Male,34,2017-08-16,2875,28100.0,EMP01785,True,Active
EMP01365,Engineering,Brazil,Senior IC,Female,26,2024-02-13,503,38800.0,EMP01908,False,Active
EMP01366,Engineering,USA,Director,Male,26,2023-11-17,591,181100.0,,False,Active
EMP01367,Sales,Germany,Individual Contributor,Female,29,2020-10-28,1706,50800.0,EMP01202,True,Active
EMP01368,Sales,USA,Team Lead,Male,27,2023-02-24,857,94100.0,EMP00407,False,Active
EMP01369,Sales,India,Individual Contributor,Female,26,2020-12-27,1646,25600.0,EMP02032,False,Active
EMP01370,Engineering,India,Individual Contributor,Female,31,2023-03-31,822,27200.0,EMP02719,True,Active
EMP01371,Sales,Germany,Senior IC,Female,25,2023-07-06,725,68700.0,EMP00066,True,Active
EMP01372,Operations,USA,Senior IC,Male,26,2024-01-23,524,66400.0,EMP02833,False,Active
EMP01373,Engineering,Brazil,Individual Contributor,Male,21,2022-01-22,1255,29900.0,EMP02804,False,Active
EMP01374,Customer Support,India,Individual Contributor,Female,25,2024-01-26,521,26600.0,EMP02012,True,Active
EMP01375,Operations,India,Senior IC,Male,22,2023-08-08,692,33700.0,EMP03314,True,Active
EMP01376,Sales,India,Senior IC,Female,26,2019-10-08,2092,34500.0,EMP01352,False,Active
EMP01377,Customer Support,USA,Team Lead,Male,44,2015-06-04,3679,86800.0,EMP00495,False,Active
EMP01378,Operations,Brazil,Manager,Female,29,2021-10-01,1368,55900.0,EMP02277,False,Active
EMP01379,Customer Support,Germany,Individual Contributor,Female,35,2019-08-15,2146,57500.0,EMP02120,False,Active
EMP01380,Engineering,Germany,Senior IC,Male,30,2023-06-03,758,79700.0,EMP03215,True,Active
EMP01381,Engineering,USA,Senior IC,Male,31,2023-03-16,837,58400.0,EMP00796,True,Active
EMP01382,Sales,India,Senior IC,Male,27,2022-04-25,1162,37100.0,EMP00577,True,Active
EMP01383,Engineering,India,Individual Contributor,Male,33,2023-11-29,579,28400.0,EMP02369,False,Active
EMP01384,Operations,Germany,Individual Contributor,Male,30,2023-07-14,717,49500.0,EMP01086,True,Active
EMP01385,Operations,UAE,Individual Contributor,Female,29,2021-02-02,1609,49000.0,EMP00650,False,Terminated
EMP01386,Sales,UAE,Individual Contributor,Female,28,2022-09-09,1025,51600.0,EMP02348,False,Active
EMP01387,Customer Support,USA,Director,Non-binary,26,2023-01-07,905,153600.0,,True,Active
EMP01388,Engineering,Brazil,Senior IC,Female,27,2023-02-09,872,39400.0,EMP02910,False,Active
EMP01389,Operations,Germany,Senior IC,Male,25,2024-04-29,427,78900.0,EMP01086,False,Active
EMP01390,Sales,Canada,Senior IC,Female,29,2022-05-26,1131,58600.0,EMP02268,False,Active
EMP01391,Operations,USA,Team Lead,Male,33,2023-11-29,579,88900.0,EMP02012,False,Active
EMP01392,Operations,Germany,Senior IC,Female,21,2024-11-11,231,65800.0,EMP02055,False,Active
EMP01393,Sales,India,Senior IC,Male,30,2024-06-20,375,38800.0,EMP01059,False,Active
EMP01394,Sales,USA,Team Lead,Male,25,2023-01-27,885,98200.0,EMP00303,False,Active
EMP01395,Operations,Brazil,Individual Contributor,Female,34,2021-05-01,1521,29200.0,EMP02229,True,Active
EMP01396,Sales,India,Senior IC,Female,28,2020-07-29,1797,35800.0,EMP01494,False,Active
EMP01397,Engineering,USA,Senior IC,Female,27,2024-09-04,299,64500.0,EMP03408,False,Active
EMP01398,Operations,India,Team Lead,Female,28,2021-08-11,1419,47800.0,EMP03108,False,Active
EMP01399,Engineering,Canada,Director,Female,26,2017-04-25,2988,145800.0,,False,Active
EMP01400,Engineering,UAE,Team Lead,Male,37,2020-05-29,1858,73300.0,EMP01265,False,Active
EMP01401,Engineering,India,Senior IC,Female,24,2022-06-26,1100,38500.0,EMP01438,False,Active
EMP01402,Sales,Germany,Individual Contributor,Female,28,2022-04-22,1165,51200.0,EMP01327,True,Active
EMP01403,Operations,USA,Senior IC,Female,23,2022-07-18,1078,80800.0,EMP02517,True,Active
EMP01404,Engineering,UAE,Manager,Female,21,2023-08-23,677,94600.0,EMP01255,True,Active
EMP01405,Sales,Brazil,Senior Manager,,29,2020-03-30,1918,72000.0,EMP00561,False,Active
EMP01406,Sales,India,Manager,Male,23,2024-03-28,459,53500.0,EMP01266,False,Active
EMP01407,Operations,UAE,Individual Contributor,Male,23,2022-05-15,1142,41500.0,EMP02733,True,Active
EMP01408,Sales,USA,Team Lead,Male,25,2024-11-15,227,88600.0,EMP01409,False,Active
EMP01409,Operations,Brazil,Manager,Female,24,2019-12-05,2034,61900.0,EMP01006,False,Terminated
EMP01410,Customer Support,USA,Team Lead,Male,28,2022-06-17,1109,83300.0,EMP02683,True,Active
EMP01411,Operations,USA,Team Lead,Male,25,2024-09-24,279,84600.0,EMP00243,False,Active
EMP01412,Operations,India,Senior IC,Male,21,2018-09-05,2490,33200.0,EMP01560,False,Active
EMP01413,Operations,Germany,Senior IC,Male,25,2022-12-08,935,69100.0,EMP00378,True,Active
EMP01414,Operations,Canada,Individual Contributor,Female,27,2024-07-24,341,53400.0,EMP02109,False,Active
EMP01415,Sales,Germany,Individual Contributor,Non-binary,29,2016-11-04,3160,52600.0,EMP03152,True,Active
EMP01416,Customer Support,UAE,Manager,Male,29,2023-03-29,824,74500.0,EMP01527,True,Active
EMP01417,Engineering,Brazil,Senior Manager,Male,28,2024-01-16,531,74500.0,EMP03439,False,Active
EMP01418,Engineering,Brazil,Manager,Male,24,2022-04-05,1182,55000.0,EMP03066,True,Active
EMP01419,Operations,Canada,Individual Contributor,Non-binary,25,2024-06-17,378,50000.0,EMP02537,False,Active
EMP01420,Operations,Germany,Individual Contributor,Female,30,2023-08-23,677,49800.0,EMP00630,True,Active
EMP01421,Customer Support,Germany,Individual Contributor,Male,27,2019-03-11,2303,46900.0,EMP00123,True,Active
EMP01422,Engineering,USA,Manager,Male,26,2023-03-14,839,108600.0,EMP00457,False,Active
EMP01423,Engineering,USA,Senior IC,Male,33,2021-10-07,1362,72100.0,EMP01227,True,Active
EMP01424,Engineering,UAE,Senior Manager,Male,28,2019-01-03,2370,114900.0,EMP01417,False,Active
EMP01425,Engineering,India,Individual Contributor,Female,29,2023-04-02,820,24500.0,EMP00751,True,Active
EMP01426,Engineering,Germany,Senior IC,Female,22,2024-02-03,513,62100.0,EMP03400,False,Active
EMP01427,Sales,USA,Team Lead,Female,28,2021-04-12,1540,95000.0,EMP02593,True,Active
EMP01428,Sales,India,Individual Contributor,Male,27,2024-08-06,328,28700.0,EMP02430,True,Active
EMP01429,Customer Support,Brazil,Senior Manager,Male,21,2024-03-20,467,74100.0,EMP02266,False,Active
EMP01430,Engineering,Germany,Senior IC,Male,23,2024-10-02,271,64700.0,EMP02144,True,Active
EMP01431,Operations,Brazil,Individual Contributor,Male,32,2019-04-23,2260,27100.0,EMP03087,False,Active
EMP01432,Customer Support,India,Individual Contributor,Male,28,2022-08-15,1050,25000.0,EMP01357,False,Active
EMP01433,Sales,UAE,Manager,Female,27,2021-03-03,1580,96700.0,EMP00515,False,Active
EMP01434,Sales,USA,Senior IC,Male,21,2024-02-23,493,69800.0,EMP01036,True,Active
EMP01435,Sales,India,Team Lead,Male,31,2021-11-13,1325,45900.0,EMP00809,False,Active
EMP01436,Operations,USA,Team Lead,Male,27,2021-10-12,1357,94300.0,EMP03341,True,Active
EMP01437,Sales,Germany,Senior IC,Male,35,2016-11-15,3149,75000.0,EMP01978,True,Terminated
EMP01438,Engineering,Brazil,Team Lead,Non-binary,30,2021-06-02,1489,50800.0,EMP01480,False,Active
EMP01439,Operations,India,Senior Manager,Female,28,2020-07-31,1795,67700.0,EMP00087,True,Active
EMP01440,Operations,USA,Individual Contributor,,32,2022-06-16,1110,48700.0,EMP02476,False,Active
EMP01441,Sales,UAE,Team Lead,Male,22,2025-05-01,60,77700.0,EMP02254,False,Active
EMP01442,Sales,USA,Individual Contributor,Female,33,2022-02-02,1244,55700.0,EMP02827,True,Active
EMP01443,Sales,India,Individual Contributor,Female,32,2023-02-01,880,25600.0,EMP00491,True,Active
EMP01444,Sales,Canada,Individual Contributor,Female,31,2023-03-05,848,53200.0,EMP02280,False,Active
EMP01445,Sales,India,Manager,Female,26,2023-07-29,702,51600.0,EMP01265,False,Active
EMP01446,Engineering,UAE,Individual Contributor,Male,37,2023-03-05,848,43700.0,EMP00827,False,Active
EMP01447,Operations,India,Senior IC,Female,27,2023-11-07,601,39000.0,EMP00791,False,Active
EMP01448,Engineering,UAE,Team Lead,Female,30,2020-11-21,1682,71700.0,EMP01011,False,Terminated
EMP01449,Customer Support,India,Individual Contributor,Male,26,2024-04-24,432,25200.0,EMP02551,False,Active
EMP01450,Sales,Brazil,Team Lead,Female,28,2017-08-05,2886,42600.0,EMP00082,True,Active
EMP01451,Customer Support,USA,Senior Manager,Male,34,2021-02-24,1587,126800.0,EMP03309,True,Active
EMP01452,Customer Support,Brazil,Individual Contributor,Female,28,2020-01-22,1986,27100.0,EMP03381,True,Active
EMP01453,Operations,USA,Individual Contributor,Female,29,2024-03-28,459,57900.0,EMP03375,False,Active
EMP01454,Operations,Canada,Director,Non-binary,31,2023-09-05,664,137800.0,,True,Active
EMP01455,Engineering,USA,Individual Contributor,Male,30,2022-07-17,1079,47000.0,EMP01128,False,Active
EMP01456,Sales,USA,Individual Contributor,Male,24,2022-09-29,1005,56500.0,EMP01408,True,Active
EMP01457,Sales,UAE,Senior Manager,Male,27,2021-02-21,1590,106400.0,EMP00472,True,Active
EMP01458,Engineering,USA,Manager,,21,2022-09-26,1008,109100.0,EMP03117,True,Terminated
EMP01459,Operations,Germany,Senior IC,Male,32,2017-04-27,2986,75300.0,EMP02670,False,Active
EMP01460,Engineering,Brazil,Senior IC,Female,29,2024-03-19,468,39200.0,EMP00566,False,Active
EMP01461,Customer Support,USA,Senior Manager,Male,25,2024-06-06,389,152100.0,EMP03473,False,Active
EMP01462,Engineering,USA,Senior IC,,24,2023-09-30,639,74300.0,EMP00148,False,Active
EMP01463,Sales,India,Senior IC,Male,26,2023-03-04,849,38600.0,EMP02667,False,Active
EMP01464,Engineering,USA,Manager,Female,35,2019-09-29,2101,104500.0,EMP00499,True,Terminated
EMP01465,Customer Support,USA,Senior IC,Female,28,2021-12-08,1300,75400.0,EMP02622,False,Active
EMP01466,Customer Support,USA,Senior IC,Female,32,2025-04-13,78,69200.0,EMP03091,False,Active
EMP01467,Engineering,Germany,Individual Contributor,Male,22,2025-04-02,89,47100.0,EMP03316,True,Active
EMP01468,Sales,Germany,Senior IC,Female,28,2023-01-03,909,67000.0,EMP00588,True,Active
EMP01469,Customer Support,USA,Senior IC,Male,25,2023-07-08,723,66800.0,EMP00598,False,Active
EMP01470,Sales,India,Individual Contributor,Female,35,2022-12-14,929,26700.0,EMP00247,False,Active
EMP01471,Operations,India,Senior IC,Male,28,2023-03-03,850,34900.0,EMP02878,False,Active
EMP01472,Sales,USA,Manager,Female,40,2018-01-29,2709,111300.0,EMP00651,True,Active
EMP01473,Sales,Germany,Individual Contributor,Male,28,2020-04-21,1896,45100.0,EMP01357,False,Active
EMP01474,Engineering,UAE,Individual Contributor,Female,32,2023-09-03,666,48200.0,EMP01436,False,Active
EMP01475,Engineering,India,Individual Contributor,Female,28,2022-10-09,995,30000.0,EMP01235,False,Active
EMP01476,Engineering,Germany,Individual Contributor,Female,30,2023-04-24,798,56400.0,EMP01739,True,Terminated
EMP01477,Engineering,India,Team Lead,Female,21,2025-02-09,141,49400.0,EMP01227,False,Terminated
EMP01478,Operations,USA,Senior IC,Male,28,2023-08-10,690,75000.0,EMP00834,False,Active
EMP01479,Engineering,UAE,Individual Contributor,Female,22,2023-08-02,698,44300.0,EMP01352,True,Active
EMP01480,Engineering,Canada,Manager,Male,27,2023-11-26,582,98700.0,EMP02807,False,Active
EMP01481,Engineering,Canada,Individual Contributor,Male,21,2023-08-26,674,47100.0,EMP00433,True,Active
EMP01482,Sales,USA,Individual Contributor,Female,26,2023-04-12,810,47500.0,EMP03350,False,Active
EMP01483,Customer Support,Germany,Manager,Female,33,2021-09-25,1374,106300.0,EMP01422,False,Active
EMP01484,Sales,USA,Senior IC,Female,28,2023-10-19,620,73300.0,EMP01017,False,Active
EMP01485,Customer Support,Germany,Team Lead,Female,26,2019-03-05,2309,72300.0,EMP01534,False,Active
EMP01486,Sales,Germany,Manager,Female,21,2024-03-24,463,95700.0,EMP03257,True,Active
EMP01487,Operations,India,Senior Manager,Female,32,2019-11-13,2056,63800.0,EMP02821,False,Active
EMP01488,Engineering,USA,Individual Contributor,Female,34,2022-02-20,1226,55300.0,EMP02864,False,Active
EMP01489,Operations,Canada,Team Lead,Male,22,2024-07-06,359,78100.0,EMP00781,True,Terminated
EMP01490,Engineering,USA,Team Lead,Male,35,2023-04-28,794,99500.0,EMP03098,False,Active
EMP01491,Sales,USA,Individual Contributor,Male,32,2017-11-24,2775,49500.0,EMP02453,True,Active
EMP01492,Operations,UAE,Senior Manager,Female,21,2024-03-17,470,110700.0,EMP00212,True,Active
EMP01493,Customer Support,Brazil,Individual Contributor,Male,26,2017-10-04,2826,26800.0,EMP01480,False,Active
EMP01494,Customer Support,Germany,Manager,Female,31,2021-08-29,1401,109800.0,EMP02913,True,Active
EMP01495,Engineering,India,Senior IC,Female,28,2022-02-05,1241,34100.0,EMP01840,True,Active
EMP01496,Customer Support,USA,Senior IC,Male,34,2021-10-24,1345,72700.0,EMP02032,True,Active
EMP01497,Operations,USA,Individual Contributor,Female,22,2023-05-13,779,59800.0,EMP01307,False,Active
EMP01498,Customer Support,India,Senior Manager,Female,26,2024-02-28,488,71800.0,EMP00139,True,Active
EMP01499,Engineering,Germany,Senior IC,Male,27,2022-09-07,1027,76300.0,EMP03098,False,Active
EMP01500,Customer Support,India,Individual Contributor,Male,27,2022-01-04,1273,22900.0,EMP02629,True,Active
EMP01501,Customer Support,USA,Individual Contributor,Male,27,2021-07-16,1445,57300.0,EMP00976,False,Active
EMP01502,Operations,Brazil,Team Lead,Female,27,2021-08-23,1407,47800.0,EMP00859,True,Active
EMP01503,Engineering,Brazil,Individual Contributor,Female,30,2020-12-14,1659,28700.0,EMP01809,False,Active
EMP01504,Engineering,USA,Senior IC,Non-binary,35,2015-10-29,3532,75100.0,EMP02772,False,Active
EMP01505,Customer Support,USA,Team Lead,Female,29,2022-03-20,1198,98900.0,EMP00308,False,Active
EMP01506,Engineering,Germany,Individual Contributor,Female,35,2019-05-22,2231,54600.0,EMP02186,False,Active
EMP01507,Customer Support,Brazil,Senior IC,Female,24,2021-06-09,1482,41800.0,EMP02964,True,Active
EMP01508,Engineering,India,Individual Contributor,Male,28,2015-03-03,3772,26800.0,EMP01723,True,Active
EMP01509,Sales,Brazil,Senior Manager,Male,32,2022-07-17,1079,83700.0,EMP00179,False,Active
EMP01510,Customer Support,Germany,Manager,Female,23,2022-10-08,996,96600.0,EMP00082,False,Active
EMP01511,Sales,USA,Individual Contributor,Male,29,2019-08-21,2140,48100.0,EMP00593,False,Active
EMP01512,Sales,India,Senior IC,Female,28,2019-08-20,2141,35000.0,EMP03108,True,Active
EMP01513,Customer Support,USA,Senior IC,Male,24,2023-03-24,829,75100.0,EMP01570,False,Terminated
EMP01514,Customer Support,Brazil,Senior Manager,Female,23,2021-07-16,1445,78200.0,EMP00551,True,Active
EMP01515,Operations,USA,Individual Contributor,Female,27,2020-12-03,1670,52900.0,EMP03169,False,Active
EMP01516,Sales,Germany,Senior IC,Female,32,2021-02-03,1608,70900.0,EMP02900,False,Active
EMP01517,Sales,India,Senior Manager,Non-binary,28,2021-10-22,1347,57200.0,EMP00544,True,Active
EMP01518,Operations,India,Individual Contributor,Male,27,2024-12-02,210,28700.0,EMP02396,True,Active
EMP01519,Sales,India,Senior IC,Male,27,2021-01-19,1623,35900.0,EMP01166,True,Active
EMP01520,Sales,Germany,Individual Contributor,Female,33,2020-11-29,1674,49300.0,EMP00253,False,Active
EMP01521,Sales,Canada,Senior IC,Female,26,2021-09-15,1384,76100.0,EMP00218,False,Active
EMP01522,Engineering,UAE,Individual Contributor,Female,21,2023-05-31,761,49500.0,EMP01878,False,Active
EMP01523,Operations,UAE,Senior Manager,Female,33,2018-05-20,2598,102800.0,EMP02947,False,Active
EMP01524,Customer Support,India,Individual Contributor,Female,29,2024-03-07,480,26200.0,EMP03356,False,Active
EMP01525,Customer Support,India,Individual Contributor,Male,28,2019-07-25,2167,32200.0,EMP02451,False,Active
EMP01526,Sales,India,Manager,Male,31,2024-03-12,475,60500.0,EMP03227,True,Active
EMP01527,Engineering,Germany,Manager,Male,27,2020-01-13,1995,107100.0,EMP00834,False,Active
EMP01528,Engineering,Germany,Team Lead,Male,29,2024-02-22,494,69800.0,EMP00541,False,Active
EMP01529,Sales,India,Team Lead,Female,37,2020-03-29,1919,47500.0,EMP00411,True,Active
EMP01530,Sales,USA,Individual Contributor,Male,33,2017-05-08,2975,52400.0,EMP00616,False,Active
EMP01531,Engineering,USA,Senior IC,Female,32,2017-05-01,2982,82700.0,EMP02629,False,Active
EMP01532,Sales,UAE,Individual Contributor,Male,31,2018-06-18,2569,43000.0,EMP00566,True,Active
EMP01533,Engineering,USA,Individual Contributor,Male,34,2022-07-22,1074,57400.0,EMP01490,False,Active
EMP01534,Customer Support,India,Senior Manager,Female,28,2023-09-03,666,61600.0,EMP02632,True,Active
EMP01535,Sales,India,Team Lead,Female,36,2022-11-19,954,41700.0,EMP03250,True,Active
EMP01536,Engineering,USA,Individual Contributor,Male,31,2019-11-08,2061,57900.0,EMP00592,True,Active
EMP01537,Customer Support,Canada,Individual Contributor,Male,26,2021-02-05,1606,42900.0,EMP00656,False,Active
EMP01538,Customer Support,USA,Senior Manager,Male,33,2014-07-28,3990,161500.0,EMP00240,True,Active
EMP01539,Customer Support,Canada,Individual Contributor,Male,27,2023-07-13,718,44100.0,EMP00416,True,Active
EMP01540,Engineering,Brazil,Individual Contributor,Male,25,2016-12-29,3105,26300.0,EMP01357,False,Active
EMP01541,Operations,USA,Individual Contributor,Female,25,2022-09-24,1010,58000.0,EMP01100,True,Active
EMP01542,Sales,USA,Individual Contributor,Male,24,2024-03-14,473,60900.0,EMP03370,False,Active
EMP01543,Engineering,Germany,Individual Contributor,Male,29,2021-11-22,1316,49100.0,EMP01529,False,Active
EMP01544,Sales,Germany,Director,Female,37,2021-03-04,1579,144000.0,,True,Active
EMP01545,Engineering,USA,Individual Contributor,Female,31,2018-11-17,2417,51100.0,EMP01620,True,Active
EMP01546,Engineering,Canada,Senior IC,Male,21,2023-07-15,716,59600.0,EMP02521,True,Active
EMP01547,Sales,USA,Team Lead,Male,24,2021-11-23,1315,91900.0,EMP01190,False,Active
EMP01548,Customer Support,UAE,Senior IC,Female,29,2022-07-08,1088,61400.0,EMP00536,False,Active
EMP01549,Engineering,USA,Team Lead,Male,27,2023-03-27,826,92800.0,EMP01451,True,Active
EMP01550,Sales,Canada,Team Lead,Male,39,2017-07-18,2904,80300.0,EMP02172,True,Active
EMP01551,Sales,USA,Senior IC,Male,33,2021-02-17,1594,79700.0,EMP01105,True,Active
EMP01552,Engineering,Germany,Senior IC,Female,29,2025-02-25,125,66000.0,EMP02020,False,Active
EMP01553,Engineering,India,Team Lead,Female,27,2021-11-08,1330,40400.0,EMP01132,True,Active
EMP01554,Engineering,USA,Team Lead,Female,30,2024-10-11,262,90800.0,EMP03168,False,Active
EMP01555,Sales,UAE,Team Lead,Male,24,2022-02-06,1240,73800.0,EMP03102,False,Active
EMP01556,Customer Support,USA,Individual Contributor,Male,29,2024-08-26,308,56300.0,EMP02490,True,Active
EMP01557,Operations,India,Team Lead,Female,28,2021-02-12,1599,40500.0,EMP02929,False,Active
EMP01558,Engineering,India,Team Lead,Male,21,2024-10-15,258,45100.0,EMP00443,False,Terminated
EMP01559,Customer Support,India,Individual Contributor,Female,28,2024-02-20,496,23900.0,EMP02269,True,Active
EMP01560,Operations,USA,Manager,Male,35,2020-06-09,1847,105400.0,EMP01409,False,Active
EMP01561,Operations,USA,Individual Contributor,Female,26,2022-07-22,1074,60200.0,EMP02707,False,Active
EMP01562,Customer Support,USA,Individual Contributor,Male,32,2024-07-30,335,50200.0,EMP00001,True,Active
EMP01563,Operations,Germany,Manager,Male,26,2017-11-12,2787,108100.0,EMP00658,False,Active
EMP01564,Operations,USA,Individual Contributor,Male,22,2023-05-03,789,49000.0,EMP00856,True,Active
EMP01565,Customer Support,Canada,Individual Contributor,Female,26,2023-01-19,893,41900.0,EMP01936,True,Active
EMP01566,Engineering,India,Individual Contributor,Female,26,2022-11-19,954,23200.0,EMP03385,False,Active
EMP01567,Sales,India,Manager,Female,26,2020-11-14,1689,52700.0,EMP03138,False,Active
EMP01568,Sales,Germany,Senior IC,Male,27,2023-03-17,836,72200.0,EMP01563,True,Active
EMP01569,Engineering,USA,Team Lead,Female,25,2022-10-22,982,99000.0,EMP00002,False,Active
EMP01570,Engineering,India,Team Lead,Male,29,2019-04-18,2265,47100.0,EMP03049,True,Active
EMP01571,Engineering,Germany,Senior IC,Male,31,2019-10-16,2084,73000.0,EMP01997,False,Active
EMP01572,Engineering,Germany,Senior Manager,Female,24,2022-12-05,938,115700.0,EMP00083,False,Active
EMP01573,Engineering,India,Manager,Female,27,2022-11-11,962,48700.0,EMP02250,False,Active
EMP01574,Operations,India,Individual Contributor,Female,22,2025-04-17,74,28100.0,EMP03084,False,Active
EMP01575,Sales,Canada,Senior Manager,Male,23,2022-02-22,1224,131400.0,EMP03059,False,Active
EMP01576,Sales,USA,Senior IC,Non-binary,33,2020-04-23,1894,68600.0,EMP03104,True,Active
EMP01577,Customer Support,India,Individual Contributor,Female,34,2023-04-19,803,29100.0,EMP03401,False,Active
EMP01578,Operations,USA,Individual Contributor,Non-binary,36,2018-08-03,2523,46700.0,EMP02269,True,Active
EMP01579,Operations,Germany,Senior IC,Female,26,2024-11-12,230,70400.0,EMP02125,False,Active
EMP01580,Operations,Brazil,Individual Contributor,Female,23,2024-01-21,526,28600.0,EMP00430,False,Active
EMP01581,Operations,USA,Senior IC,Male,30,2018-12-09,2395,73500.0,EMP02216,False,Active
EMP01582,Engineering,India,Individual Contributor,Male,34,2020-06-12,1844,26500.0,EMP03072,False,Active
EMP01583,Engineering,Germany,Senior IC,Female,21,2024-11-26,216,63600.0,EMP02834,False,Active
EMP01584,Sales,USA,Individual Contributor,,24,2024-10-12,261,57200.0,EMP03152,False,Active
EMP01585,Customer Support,Canada,Manager,Male,32,2021-01-26,1616,95500.0,EMP00611,False,Active
EMP01586,Operations,Germany,Individual Contributor,Male,24,2021-09-04,1395,54200.0,EMP00712,False,Active
EMP01587,Engineering,UAE,Individual Contributor,Male,29,2023-01-31,881,51400.0,EMP03015,True,Active
EMP01588,Engineering,Germany,Senior IC,Female,33,2018-09-28,2467,68900.0,EMP03284,True,Active
EMP01589,Sales,Canada,Senior IC,Female,21,2023-10-01,638,60700.0,EMP01820,False,Active
EMP01590,Sales,Germany,Senior IC,Male,25,2025-02-17,133,62000.0,EMP03086,True,Active
EMP01591,Sales,Germany,Senior IC,Male,27,2020-11-15,1688,77500.0,EMP02374,False,Active
EMP01592,Sales,Brazil,Individual Contributor,Female,31,2020-03-02,1946,32400.0,EMP00725,True,Active
EMP01593,Operations,Germany,Manager,Female,29,2023-09-01,668,106800.0,EMP01772,False,Active
EMP01594,Engineering,Germany,Senior IC,Female,27,2024-05-19,407,68600.0,EMP01368,False,Active
EMP01595,Operations,Canada,Individual Contributor,Male,25,2025-02-09,141,51100.0,EMP02748,False,Active
EMP01596,Customer Support,India,Team Lead,Female,29,2022-08-06,1059,47400.0,EMP01186,False,Active
EMP01597,Sales,Brazil,Team Lead,Female,23,2021-10-21,1348,44500.0,EMP00620,True,Active
EMP01598,Sales,India,Senior IC,,30,2019-11-29,2040,35800.0,EMP01744,True,Active
EMP01599,Customer Support,UAE,Senior IC,Male,25,2021-08-25,1405,56300.0,EMP01727,False,Active
EMP01600,Sales,UAE,Individual Contributor,Male,31,2023-07-20,711,45100.0,EMP03104,False,Active
EMP01601,Operations,India,Senior IC,Female,31,2022-02-22,1224,40200.0,EMP00030,False,Active
EMP01602,Sales,Germany,Individual Contributor,Female,33,2019-09-22,2108,54700.0,EMP03066,False,Active
EMP01603,Customer Support,USA,Individual Contributor,Female,35,2021-11-03,1335,55800.0,EMP00753,False,Active
EMP01604,Customer Support,India,Director,Male,28,2020-04-06,1911,64700.0,,False,Active
EMP01605,Sales,UAE,Team Lead,Male,23,2024-05-01,425,70200.0,EMP01445,False,Active
EMP01606,Sales,India,Individual Contributor,Male,28,2020-12-28,1645,26600.0,EMP01919,True,Active
EMP01607,Operations,USA,Individual Contributor,Male,22,2021-08-23,1407,54200.0,EMP03253,True,Active
EMP01608,Sales,Germany,Team Lead,Female,21,2023-03-23,830,82100.0,EMP01847,False,Active
EMP01609,Engineering,India,Individual Contributor,Female,33,2019-08-27,2134,26900.0,EMP00538,False,Active
EMP01610,Engineering,UAE,Individual Contributor,Female,29,2015-11-26,3504,43700.0,EMP01553,True,Active
EMP01611,Sales,USA,Individual Contributor,Female,21,2024-12-04,208,55200.0,EMP03225,False,Active
EMP01612,Customer Support,India,Team Lead,Female,26,2023-02-19,862,42400.0,EMP02485,True,Active
EMP01613,Customer Support,Brazil,Senior IC,Male,26,2022-09-29,1005,36800.0,EMP00775,False,Active
EMP01614,Engineering,Canada,Individual Contributor,Female,31,2022-08-05,1060,55100.0,EMP02253,False,Active
EMP01615,Operations,USA,Individual Contributor,Male,27,2023-09-19,650,53100.0,EMP02560,False,Active
EMP01616,Sales,Canada,Senior IC,Female,22,2024-10-21,252,53300.0,EMP00982,False,Active
EMP01617,Sales,India,Senior IC,Female,31,2023-01-16,896,40900.0,EMP01825,False,Active
EMP01618,Engineering,Brazil,Team Lead,,30,2022-09-23,1011,43600.0,EMP01227,False,Active
EMP01619,Operations,USA,Individual Contributor,Female,21,2023-03-14,839,59200.0,EMP00638,False,Active
EMP01620,Sales,India,Team Lead,Female,28,2022-09-06,1028,40600.0,EMP03103,False,Active
EMP01621,Sales,India,Senior Manager,Female,25,2022-02-01,1245,67900.0,EMP01120,False,Active
EMP01622,Engineering,Germany,Senior IC,Male,24,2022-12-22,921,68000.0,EMP01134,False,Active
EMP01623,Customer Support,Germany,Individual Contributor,Female,34,2023-09-25,644,54400.0,EMP00372,True,Active
EMP01624,Sales,India,Team Lead,Male,28,2022-09-02,1032,42200.0,EMP01529,False,Active
EMP01625,Engineering,India,Individual Contributor,Non-binary,27,2021-11-26,1312,25000.0,EMP02240,True,Active
EMP01626,Customer Support,USA,Individual Contributor,Male,28,2022-06-27,1099,56300.0,EMP03392,False,Active
EMP01627,Engineering,Germany,Individual Contributor,Female,38,2015-06-30,3653,48900.0,EMP02688,False,Active
EMP01628,Sales,USA,Manager,Male,25,2021-09-21,1378,92400.0,EMP03011,True,Active
EMP01629,Sales,Canada,Individual Contributor,Female,25,2022-08-01,1064,45700.0,EMP03461,False,Active
EMP01630,Engineering,Canada,Manager,Male,29,2023-12-06,572,116800.0,EMP02429,False,Active
EMP01631,Engineering,Germany,Senior IC,Male,21,2023-11-25,583,58300.0,EMP03011,False,Active
EMP01632,Operations,USA,Senior IC,Female,31,2023-03-13,840,76200.0,EMP01059,True,Active
EMP01633,Customer Support,USA,Individual Contributor,Female,21,2023-02-21,860,54100.0,EMP02485,True,Active
EMP01634,Customer Support,India,Senior IC,Male,26,2023-03-18,835,41000.0,EMP02202,False,Active
EMP01635,Operations,UAE,Individual Contributor,Male,22,2021-08-11,1419,41500.0,EMP01554,False,Active
EMP01636,Engineering,India,Senior IC,Male,26,2019-10-11,2089,36000.0,EMP02238,True,Active
EMP01637,Engineering,USA,Individual Contributor,Male,34,2020-11-11,1692,58200.0,EMP02509,False,Active
EMP01638,Operations,USA,Individual Contributor,Male,33,2021-03-21,1562,54400.0,EMP01427,False,Active
EMP01639,Sales,USA,Senior IC,Male,31,2024-01-26,521,70200.0,EMP02943,True,Active
EMP01640,Customer Support,UAE,Individual Contributor,Male,25,2019-03-21,2293,45500.0,EMP00132,False,Active
EMP01641,Customer Support,India,Individual Contributor,Female,22,2023-12-16,562,25700.0,EMP01132,True,Active
EMP01642,Sales,India,Director,Male,29,2021-12-18,1290,80400.0,,False,Active
EMP01643,Engineering,Germany,Individual Contributor,Male,31,2021-05-23,1499,54200.0,EMP02903,False,Active
EMP01644,Sales,Canada,Individual Contributor,Female,28,2019-02-05,2337,49500.0,EMP01774,False,Active
EMP01645,Sales,Germany,Individual Contributor,Female,31,2016-08-17,3239,52600.0,EMP03261,False,Active
EMP01646,Engineering,UAE,Individual Contributor,Female,22,2023-04-08,814,46800.0,EMP03316,True,Active
EMP01647,Sales,Canada,Team Lead,Female,34,2022-03-02,1216,84000.0,EMP01570,False,Active
EMP01648,Customer Support,India,Individual Contributor,Male,29,2019-06-22,2200,29200.0,EMP02537,False,Active
EMP01649,Operations,Canada,Senior IC,Female,34,2016-02-21,3417,63500.0,EMP00880,False,Active
EMP01650,Customer Support,USA,Senior IC,Male,27,2023-01-31,881,79700.0,EMP00396,False,Active
EMP01651,Sales,India,Individual Contributor,Female,30,2024-01-04,543,23700.0,EMP01714,True,Active
EMP01652,Sales,USA,Senior Manager,Male,22,2024-07-30,335,111200.0,EMP01053,True,Active
EMP01653,Sales,India,Director,Male,30,2024-11-23,219,94600.0,,True,Terminated
EMP01654,Sales,USA,Individual Contributor,Male,21,2023-10-20,619,53700.0,EMP01814,False,Active
EMP01655,Operations,USA,Individual Contributor,Male,34,2020-03-24,1924,56300.0,EMP00502,False,Active
EMP01656,Engineering,USA,Individual Contributor,Female,23,2020-01-10,1998,49800.0,EMP01554,False,Active
EMP01657,Sales,Germany,Individual Contributor,Male,28,2021-09-22,1377,45300.0,EMP01405,True,Active
EMP01658,Operations,India,Senior IC,Male,33,2023-03-01,852,33700.0,EMP00016,False,Active
EMP01659,Engineering,India,Senior IC,Female,31,2021-08-08,1422,37600.0,EMP01891,False,Active
EMP01660,Sales,Germany,Senior IC,Non-binary,29,2022-06-15,1111,65400.0,EMP03271,False,Active
EMP01661,Sales,Canada,Individual Contributor,Female,23,2023-01-30,882,46700.0,EMP03138,False,Active
EMP01662,Customer Support,Canada,Individual Contributor,Male,25,2021-11-04,1334,45100.0,EMP03168,True,Active
EMP01663,Customer Support,USA,Director,Female,32,2023-03-29,824,188600.0,,True,Active
EMP01664,Sales,Germany,Senior Manager,Male,30,2021-11-08,1330,132500.0,EMP03232,False,Active
EMP01665,Operations,India,Individual Contributor,Female,32,2021-06-15,1476,25400.0,EMP00363,False,Active
EMP01666,Operations,Brazil,Senior IC,Female,30,2020-10-09,1725,41100.0,EMP01485,False,Active
EMP01667,Operations,Germany,Senior IC,Male,24,2024-10-11,262,66900.0,EMP01891,False,Active
EMP01668,Sales,Brazil,Team Lead,Non-binary,34,2019-02-28,2314,45500.0,EMP02910,False,Active
EMP01669,Sales,USA,Senior IC,Female,28,2022-09-24,1010,74500.0,EMP01301,False,Active
EMP01670,Operations,Germany,Manager,Male,33,2016-07-25,3262,104900.0,EMP02461,False,Active
EMP01671,Engineering,Brazil,Individual Contributor,Male,24,2020-03-16,1932,26700.0,EMP02713,True,Active
EMP01672,Customer Support,India,Individual Contributor,Male,30,2023-12-22,556,27500.0,EMP01783,True,Active
EMP01673,Customer Support,UAE,Director,Female,31,2021-03-03,1580,171000.0,,False,Active
EMP01674,Sales,USA,Individual Contributor,Male,28,2019-06-17,2205,56000.0,EMP00276,False,Active
EMP01675,Customer Support,USA,Individual Contributor,Male,32,2022-12-28,915,55400.0,EMP01534,True,Active
EMP01676,Operations,USA,Team Lead,Female,27,2024-01-25,522,89100.0,EMP00606,False,Active
EMP01677,Customer Support,USA,Team Lead,Female,27,2024-04-03,453,93100.0,EMP02240,True,Terminated
EMP01678,Engineering,USA,Team Lead,Male,29,2024-08-08,326,78100.0,EMP00841,False,Active
EMP01679,Operations,India,Team Lead,Female,28,2025-01-31,150,48700.0,EMP03074,False,Active
EMP01680,Engineering,India,Team Lead,Female,28,2022-09-10,1024,46300.0,EMP03137,True,Active
EMP01681,Customer Support,India,Individual Contributor,Female,25,2024-03-14,473,25000.0,EMP02927,True,Active
EMP01682,Operations,Germany,Senior IC,Male,34,2023-08-31,669,68400.0,EMP02316,False,Active
EMP01683,Customer Support,USA,Team Lead,Male,31,2016-06-06,3311,85700.0,EMP00430,False,Active
EMP01684,Sales,Brazil,Manager,Male,32,2021-06-10,1481,58400.0,EMP03443,False,Active
EMP01685,Sales,USA,Individual Contributor,Male,26,2024-01-05,542,55500.0,EMP00243,False,Active
EMP01686,Sales,UAE,Individual Contributor,Female,38,2013-09-30,4291,46400.0,EMP01973,True,Active
EMP01687,Engineering,USA,Team Lead,Female,33,2021-11-16,1322,82300.0,EMP02806,True,Active
EMP01688,Engineering,India,Individual Contributor,Female,34,2014-05-24,4055,25400.0,EMP00299,False,Active
EMP01689,Customer Support,Canada,Individual Contributor,Female,35,2017-10-11,2819,52400.0,EMP01739,False,Active
EMP01690,Engineering,India,Manager,Female,29,2021-10-15,1354,50000.0,EMP01664,True,Active
EMP01691,Customer Support,India,Senior IC,Male,25,2022-09-16,1018,28200.0,EMP00684,True,Active
EMP01692,Operations,Brazil,Individual Contributor,Female,35,2020-04-10,1907,28500.0,EMP00412,True,Active
EMP01693,Sales,USA,Individual Contributor,Female,31,2022-01-02,1275,65800.0,EMP03191,False,Active
EMP01694,Customer Support,Brazil,Individual Contributor,Female,25,2023-05-19,773,30800.0,EMP03160,False,Active
EMP01695,Customer Support,Canada,Team Lead,Female,31,2023-06-24,737,74400.0,EMP00343,False,Active
EMP01696,Engineering,Canada,Senior IC,Female,27,2019-09-20,2110,64700.0,EMP00987,True,Active
EMP01697,Sales,India,Individual Contributor,Female,26,2024-01-06,541,27800.0,EMP01362,False,Active
EMP01698,Customer Support,Germany,Individual Contributor,Female,29,2019-10-10,2090,43300.0,EMP00684,False,Active
EMP01699,Operations,Brazil,Individual Contributor,Male,31,2022-05-24,1133,26800.0,EMP00244,False,Active
EMP01700,Customer Support,India,Individual Contributor,Male,23,2024-10-01,272,27200.0,EMP01783,True,Active
EMP01701,Operations,USA,Individual Contributor,Male,34,2019-06-22,2200,62200.0,EMP01527,True,Active
EMP01702,Operations,USA,Senior IC,Male,28,2023-12-25,553,72100.0,EMP02815,True,Active
EMP01703,Engineering,USA,Individual Contributor,Male,25,2023-10-24,615,62100.0,EMP01043,False,Active
EMP01704,Customer Support,India,Individual Contributor,Male,34,2022-11-27,946,24800.0,EMP01778,False,Active
EMP01705,Engineering,USA,Senior IC,Male,24,2022-08-05,1060,54500.0,EMP01100,False,Active
EMP01706,Operations,USA,Senior IC,Male,23,2021-10-08,1361,79200.0,EMP00139,False,Active
EMP01707,Sales,USA,Individual Contributor,Female,34,2019-09-04,2126,57600.0,EMP02537,False,Active
EMP01708,Engineering,Canada,Individual Contributor,Female,22,2019-10-20,2080,50800.0,EMP02593,True,Active
EMP01709,Operations,USA,Individual Contributor,Female,32,2023-07-11,720,58300.0,EMP02307,True,Active
EMP01710,Sales,USA,Individual Contributor,Female,27,2023-06-23,738,56000.0,EMP00124,True,Active
EMP01711,Customer Support,India,Team Lead,Male,24,2020-01-30,1978,42000.0,EMP02418,True,Terminated
EMP01712,Engineering,USA,Individual Contributor,Female,22,2024-03-12,475,54200.0,EMP02104,False,Active
EMP01713,Operations,Canada,Team Lead,Male,21,2022-05-25,1132,75100.0,EMP01523,False,Active
EMP01714,Operations,Canada,Team Lead,Male,33,2018-02-21,2686,75500.0,EMP02146,False,Active
EMP01715,Engineering,Germany,Individual Contributor,Male,21,2023-04-17,805,43100.0,EMP00411,False,Active
EMP01716,Customer Support,India,Individual Contributor,Female,27,2024-08-13,321,23800.0,EMP00745,False,Active
EMP01717,Engineering,Germany,Individual Contributor,Female,25,2023-12-25,553,49700.0,EMP00484,False,Active
EMP01718,Customer Support,USA,Individual Contributor,Female,24,2023-11-25,583,45300.0,EMP01538,False,Active
EMP01719,Customer Support,Germany,Senior IC,Non-binary,28,2024-01-31,516,57300.0,EMP03134,True,Active
EMP01720,Operations,USA,Individual Contributor,Male,29,2022-12-29,914,53700.0,EMP00021,False,Active
EMP01721,Sales,USA,Manager,Male,40,2014-07-13,4005,108100.0,EMP01538,False,Active
EMP01722,Sales,India,Senior IC,Male,26,2021-04-01,1551,34900.0,EMP01000,True,Active
EMP01723,Customer Support,USA,Team Lead,Male,27,2022-10-24,980,72600.0,EMP03280,False,Active
EMP01724,Engineering,USA,Team Lead,Male,25,2022-08-23,1042,100800.0,EMP02162,False,Active
EMP01725,Engineering,India,Senior IC,Female,27,2023-09-24,645,31600.0,EMP00787,False,Active
EMP01726,Sales,India,Senior Manager,Female,24,2022-08-26,1039,60700.0,EMP01002,False,Active
EMP01727,Engineering,USA,Director,Female,30,2018-05-07,2611,155100.0,,False,Active
EMP01728,Operations,USA,Individual Contributor,Male,26,2022-04-27,1160,60900.0,EMP00157,True,Active
EMP01729,Sales,USA,Individual Contributor,,31,2019-10-28,2072,57100.0,EMP00246,False,Active
EMP01730,Engineering,USA,Individual Contributor,Male,30,2020-04-23,1894,53100.0,EMP02354,True,Active
EMP01731,Operations,UAE,Individual Contributor,,37,2014-11-06,3889,43600.0,EMP02790,True,Active
EMP01732,Sales,Canada,Senior IC,Male,29,2020-05-16,1871,65900.0,EMP02593,False,Active
EMP01733,Customer Support,Germany,Individual Contributor,,32,2015-04-24,3720,45400.0,EMP00613,False,Active
EMP01734,Sales,Germany,Senior IC,Female,31,2019-07-18,2174,70300.0,EMP03032,False,Active
EMP01735,Operations,Brazil,Team Lead,Male,25,2021-10-08,1361,44700.0,EMP00796,False,Active
EMP01736,Customer Support,India,Individual Contributor,Male,28,2023-11-06,602,27500.0,EMP03072,True,Active
EMP01737,Operations,USA,Senior IC,Male,29,2019-11-05,2064,77700.0,EMP01040,False,Active
EMP01738,Sales,USA,Individual Contributor,Female,31,2019-07-12,2180,52600.0,EMP01739,False,Active
EMP01739,Engineering,Germany,Team Lead,Male,31,2019-06-04,2218,68500.0,EMP03341,False,Active
EMP01740,Customer Support,India,Senior IC,Male,31,2025-04-26,65,35000.0,EMP01416,False,Active
EMP01741,Sales,USA,Individual Contributor,Male,28,2023-05-03,789,48800.0,EMP02319,True,Active
EMP01742,Sales,Germany,Team Lead,Female,29,2021-04-14,1538,82400.0,EMP02032,True,Active
EMP01743,Sales,Germany,Individual Contributor,Male,24,2023-03-18,835,49400.0,EMP00271,False,Active
EMP01744,Operations,USA,Team Lead,Male,30,2023-06-27,734,85500.0,EMP02752,True,Active
EMP01745,Customer Support,India,Senior IC,Male,25,2023-09-26,643,32000.0,EMP01257,False,Active
EMP01746,Customer Support,India,Individual Contributor,Male,21,2024-09-23,280,28900.0,EMP01653,True,Active
EMP01747,Customer Support,India,Team Lead,Male,28,2021-06-09,1482,41300.0,EMP01059,False,Active
EMP01748,Engineering,USA,Manager,Male,27,2023-08-05,695,129800.0,EMP03493,False,Active
EMP01749,Engineering,USA,Team Lead,Male,23,2023-04-16,806,90000.0,EMP01919,False,Active
EMP01750,Engineering,UAE,Senior IC,Female,27,2022-10-24,980,63500.0,EMP02226,False,Active
EMP01751,Customer Support,India,Team Lead,Female,29,2020-12-25,1648,43000.0,EMP01815,True,Active
EMP01752,Sales,USA,Individual Contributor,Female,28,2021-11-02,1336,56700.0,EMP01075,True,Active
EMP01753,Operations,USA,Team Lead,Male,33,2021-12-15,1293,97500.0,EMP02032,False,Active
EMP01754,Customer Support,UAE,Manager,Female,21,2025-02-25,125,98200.0,EMP02757,False,Active
EMP01755,Engineering,Brazil,Individual Contributor,Female,38,2019-10-02,2098,24700.0,EMP00353,False,Active
EMP01756,Engineering,UAE,Individual Contributor,Male,33,2016-11-28,3136,48700.0,EMP00559,False,Active
EMP01757,Sales,India,Individual Contributor,Male,30,2022-01-09,1268,27400.0,EMP00598,True,Active
EMP01758,Operations,Germany,Individual Contributor,Female,26,2024-03-26,461,50500.0,EMP03272,False,Active
EMP01759,Operations,Germany,Individual Contributor,Female,21,2023-06-12,749,57300.0,EMP02012,True,Active
EMP01760,Operations,USA,Individual Contributor,Male,22,2024-03-08,479,62900.0,EMP01194,False,Active
EMP01761,Engineering,India,Senior IC,Female,30,2017-07-20,2902,38300.0,EMP00688,True,Terminated
EMP01762,Sales,India,Individual Contributor,Male,31,2023-04-20,802,25300.0,EMP02387,False,Terminated
EMP01763,Sales,USA,Individual Contributor,Female,23,2021-11-29,1309,49900.0,EMP01819,False,Active
EMP01764,Sales,Canada,Team Lead,Female,24,2022-11-22,951,82700.0,EMP02185,True,Active
EMP01765,Sales,Germany,Individual Contributor,Male,30,2021-02-14,1597,55900.0,EMP02485,False,Active
EMP01766,Sales,USA,Senior IC,Female,28,2023-12-08,570,62600.0,EMP00357,True,Active
EMP01767,Operations,Germany,Team Lead,Male,30,2022-01-03,1274,89000.0,EMP02369,False,Terminated
EMP01768,Sales,UAE,Director,Female,23,2023-04-14,808,139600.0,,True,Active
EMP01769,Sales,Canada,Senior IC,Female,24,2019-04-01,2282,55600.0,EMP00985,False,Active
EMP01770,Operations,India,Individual Contributor,Female,27,2025-02-10,140,27400.0,EMP01087,False,Active
EMP01771,Customer Support,Canada,Individual Contributor,Male,33,2023-02-04,877,51500.0,EMP02056,False,Active
EMP01772,Customer Support,UAE,Senior Manager,Female,29,2019-08-20,2141,108900.0,EMP01327,False,Active
EMP01773,Customer Support,UAE,Team Lead,Female,25,2020-01-29,1979,67800.0,EMP03257,False,Active
EMP01774,Operations,UAE,Team Lead,Female,24,2024-09-02,301,84200.0,EMP00362,False,Active
EMP01775,Customer Support,Germany,Team Lead,Male,31,2020-06-18,1838,77500.0,EMP00607,False,Active
EMP01776,Engineering,Brazil,Individual Contributor,Female,25,2024-01-19,528,31500.0,EMP02827,True,Active
EMP01777,Customer Support,India,Senior IC,Male,32,2023-09-07,662,31400.0,EMP02371,False,Active
EMP01778,Engineering,Brazil,Team Lead,Male,34,2019-11-05,2064,48400.0,EMP03024,True,Active
EMP01779,Engineering,USA,Manager,Male,28,2023-02-18,863,112600.0,EMP00083,True,Active
EMP01780,Engineering,Brazil,Individual Contributor,Male,21,2024-09-22,281,30800.0,EMP00496,False,Active
EMP01781,Sales,Canada,Senior IC,Female,23,2024-05-04,422,72800.0,EMP02929,False,Active
EMP01782,Customer Support,Germany,Individual Contributor,Male,25,2022-05-15,1142,47100.0,EMP02834,False,Active
EMP01783,Sales,Canada,Senior Manager,Male,24,2023-03-11,842,122900.0,EMP02890,False,Active
EMP01784,Sales,Germany,Individual Contributor,Female,28,2023-03-23,830,44900.0,EMP03146,False,Active
EMP01785,Sales,USA,Team Lead,Male,30,2021-03-05,1578,79800.0,EMP00819,False,Active
EMP01786,Operations,USA,Individual Contributor,Female,22,2021-09-10,1389,52600.0,EMP00363,True,Active
EMP01787,Engineering,UAE,Senior IC,Male,30,2023-01-24,888,63800.0,EMP01043,False,Active
EMP01788,Customer Support,India,Senior IC,Male,30,2020-01-07,2001,40500.0,EMP03496,True,Active
EMP01789,Operations,Germany,Individual Contributor,Male,30,2021-02-23,1588,57900.0,EMP01805,True,Active
EMP01790,Sales,India,Manager,Female,31,2021-11-06,1332,50800.0,EMP00014,False,Active
EMP01791,Customer Support,Germany,Manager,Male,23,2023-06-17,744,102200.0,EMP02599,True,Active
EMP01792,Engineering,India,Manager,Male,36,2019-06-10,2212,56200.0,EMP02943,True,Active
EMP01793,Sales,UAE,Individual Contributor,Female,26,2023-03-30,823,48400.0,EMP00457,False,Active
EMP01794,Customer Support,Brazil,Team Lead,Male,33,2023-02-01,880,46200.0,EMP01944,True,Active
EMP01795,Operations,Brazil,Senior IC,Male,29,2017-06-08,2944,39200.0,EMP02606,False,Active
EMP01796,Sales,India,Senior IC,Male,32,2023-12-27,551,35400.0,EMP03341,False,Active
EMP01797,Engineering,Canada,Senior IC,Non-binary,22,2024-01-02,545,63900.0,EMP02109,False,Active
EMP01798,Sales,USA,Senior IC,Female,37,2023-01-06,906,72700.0,EMP01191,False,Active
EMP01799,Engineering,USA,Individual Contributor,Female,22,2024-03-29,458,54700.0,EMP03191,False,Active
EMP01800,Customer Support,USA,Individual Contributor,Female,30,2024-03-19,468,53400.0,EMP01264,False,Active
EMP01801,Customer Support,India,Individual Contributor,Female,31,2017-08-02,2889,24000.0,EMP02217,True,Active
EMP01802,Customer Support,India,Individual Contributor,Female,30,2023-01-17,895,28200.0,EMP02940,False,Active
EMP01803,Sales,Brazil,Individual Contributor,Male,28,2021-10-06,1363,30000.0,EMP01828,False,Active
EMP01804,Customer Support,Germany,Individual Contributor,Female,21,2024-08-06,328,58000.0,EMP02476,False,Active
EMP01805,Customer Support,USA,Team Lead,Male,21,2024-02-03,513,92400.0,EMP02941,True,Active
EMP01806,Customer Support,India,Senior IC,Female,43,2016-11-17,3147,34600.0,EMP02077,False,Active
EMP01807,Sales,Canada,Individual Contributor,Female,26,2024-03-26,461,45600.0,EMP01451,False,Active
EMP01808,Engineering,Germany,Team Lead,Male,21,2021-09-06,1393,82200.0,EMP02250,False,Active
EMP01809,Engineering,USA,Manager,Male,26,2025-05-04,57,114100.0,EMP01404,True,Active
EMP01810,Sales,Germany,Manager,Female,28,2024-08-29,305,97800.0,EMP02374,True,Active
EMP01811,Sales,Germany,Manager,Male,24,2023-01-27,885,88000.0,EMP00287,False,Active
EMP01812,Engineering,USA,Director,Male,27,2020-02-16,1961,162300.0,,False,Active
EMP01813,Customer Support,Germany,Senior IC,Female,27,2022-06-29,1097,68300.0,EMP01652,False,Active
EMP01814,Sales,India,Senior Manager,Male,32,2022-11-29,944,68700.0,EMP00433,False,Active
EMP01815,Operations,Germany,Senior Manager,Male,29,2020-11-29,1674,109200.0,EMP02547,True,Active
EMP01816,Engineering,Germany,Individual Contributor,Female,34,2022-01-16,1261,51500.0,EMP00638,False,Active
EMP01817,Customer Support,USA,Manager,Male,30,2024-11-09,233,111200.0,EMP01747,False,Active
EMP01818,Engineering,Canada,Team Lead,Male,26,2022-08-19,1046,75200.0,EMP00627,False,Active
EMP01819,Engineering,Germany,Team Lead,Male,21,2023-06-05,756,78100.0,EMP03226,False,Active
EMP01820,Customer Support,Germany,Manager,Male,26,2022-12-25,918,93900.0,EMP02947,True,Active
EMP01821,Operations,USA,Individual Contributor,Male,29,2023-06-21,740,55800.0,EMP00002,True,Active
EMP01822,Engineering,India,Individual Contributor,Female,28,2022-08-09,1056,28800.0,EMP01377,True,Active
EMP01823,Engineering,UAE,Senior IC,Female,31,2021-08-05,1425,67700.0,EMP03288,True,Active
EMP01824,Customer Support,USA,Team Lead,Female,29,2024-06-30,365,81600.0,EMP01711,False,Active
EMP01825,Customer Support,USA,Manager,Female,28,2023-10-13,626,107600.0,EMP02952,True,Active
EMP01826,Sales,USA,Manager,Female,28,2021-01-04,1638,90100.0,EMP00324,False,Active
EMP01827,Engineering,India,Team Lead,Male,31,2020-08-17,1778,43300.0,EMP01485,True,Active
EMP01828,Engineering,Canada,Senior Manager,Female,41,2018-04-20,2628,123600.0,EMP03059,False,Active
EMP01829,Operations,Germany,Individual Contributor,,22,2022-06-13,1113,56700.0,EMP00680,False,Active
EMP01830,Engineering,Germany,Senior Manager,Male,28,2023-11-11,597,106200.0,EMP00040,True,Active
EMP01831,Engineering,Brazil,Individual Contributor,Female,34,2023-10-05,634,26300.0,EMP02561,False,Active
EMP01832,Operations,Brazil,Senior IC,Male,23,2022-07-08,1088,39400.0,EMP00296,False,Active
EMP01833,Engineering,USA,Individual Contributor,Male,30,2024-02-04,512,48100.0,EMP01052,False,Active
EMP01834,Sales,USA,Senior IC,Female,36,2018-08-14,2512,75800.0,EMP02833,True,Active
EMP01835,Sales,Germany,Individual Contributor,Female,21,2023-06-25,736,52900.0,EMP03114,False,Active
EMP01836,Sales,Brazil,Individual Contributor,Male,34,2019-03-27,2287,25800.0,EMP00491,True,Active
EMP01837,Sales,Brazil,Senior IC,Female,25,2024-03-30,457,39400.0,EMP01739,False,Active
EMP01838,Engineering,Brazil,Team Lead,Male,27,2022-12-22,921,42300.0,EMP02757,True,Active
EMP01839,Customer Support,UAE,Individual Contributor,Male,25,2023-04-01,821,50600.0,EMP01359,False,Active
EMP01840,Customer Support,USA,Team Lead,Male,31,2024-08-15,319,91200.0,EMP01233,False,Active
EMP01841,Sales,Germany,Individual Contributor,Female,26,2023-02-12,869,47800.0,EMP01882,True,Active
EMP01842,Engineering,USA,Individual Contributor,Male,26,2022-01-20,1257,49700.0,EMP02693,False,Active
EMP01843,Sales,UAE,Individual Contributor,Female,23,2025-02-22,128,47000.0,EMP00145,False,Active
EMP01844,Operations,India,Senior IC,,27,2021-05-06,1516,39600.0,EMP00167,True,Active
EMP01845,Sales,Germany,Team Lead,Male,24,2021-11-05,1333,76800.0,EMP00395,False,Active
EMP01846,Customer Support,USA,Senior IC,Female,25,2022-08-26,1039,72100.0,EMP01195,False,Active
EMP01847,Engineering,Brazil,Manager,Female,30,2020-10-09,1725,53600.0,EMP00987,False,Active
EMP01848,Customer Support,Brazil,Senior IC,Female,31,2020-07-21,1805,43900.0,EMP01677,True,Active
EMP01849,Engineering,Brazil,Team Lead,Male,42,2013-03-05,4500,39700.0,EMP01052,True,Active
EMP01850,Customer Support,USA,Director,Female,26,2024-08-30,304,190200.0,,True,Active
EMP01851,Sales,Canada,Individual Contributor,Male,30,2017-12-16,2753,46600.0,EMP01123,False,Active
EMP01852,Operations,Brazil,Individual Contributor,Male,26,2019-12-13,2026,28600.0,EMP02927,True,Active
EMP01853,Engineering,India,Individual Contributor,Male,29,2021-11-06,1332,25700.0,EMP01080,False,Active
EMP01854,Customer Support,India,Senior IC,Male,25,2024-03-22,465,36400.0,EMP00878,False,Active
EMP01855,Operations,Canada,Senior IC,Female,26,2023-05-15,777,61200.0,EMP03024,False,Active
EMP01856,Operations,Canada,Individual Contributor,Female,27,2023-08-05,695,52100.0,EMP02282,False,Active
EMP01857,Sales,India,Manager,Male,29,2022-11-10,963,56800.0,EMP00158,False,Active
EMP01858,Sales,Germany,Senior Manager,Female,30,2020-11-23,1680,114200.0,EMP00560,False,Terminated
EMP01859,Sales,Germany,Individual Contributor,Male,30,2018-11-10,2424,53100.0,EMP00164,False,Active
EMP01860,Sales,UAE,Individual Contributor,Non-binary,30,2016-07-24,3263,44300.0,EMP02763,False,Active
EMP01861,Customer Support,India,Individual Contributor,Female,24,2023-05-11,781,26500.0,EMP02187,True,Active
EMP01862,Operations,USA,Individual Contributor,Male,31,2022-03-29,1189,61900.0,EMP03262,True,Active
EMP01863,Operations,USA,Manager,Female,24,2024-01-06,541,103400.0,EMP01154,False,Active
EMP01864,Engineering,Canada,Senior IC,Male,25,2019-10-12,2088,69800.0,EMP00157,True,Terminated
EMP01865,Customer Support,Canada,Individual Contributor,Non-binary,33,2021-09-08,1391,49800.0,EMP01572,True,Active
EMP01866,Operations,Canada,Senior IC,Male,23,2023-01-13,899,64000.0,EMP00285,True,Active
EMP01867,Operations,Germany,Individual Contributor,Male,25,2024-09-16,287,51900.0,EMP00536,False,Active
EMP01868,Sales,UAE,Individual Contributor,Female,30,2022-03-17,1201,46500.0,EMP02745,False,Active
EMP01869,Engineering,UAE,Individual Contributor,Male,28,2021-12-17,1291,41400.0,EMP01318,True,Active
EMP01870,Operations,Germany,Senior IC,Female,21,2024-12-02,210,64900.0,EMP03084,False,Active
EMP01871,Engineering,USA,Senior IC,Male,27,2024-06-24,371,68500.0,EMP01790,True,Active
EMP01872,Engineering,Canada,Manager,Female,33,2022-04-06,1181,92900.0,EMP02258,False,Active
EMP01873,Operations,USA,Individual Contributor,Female,36,2017-01-20,3083,61100.0,EMP02913,True,Active
EMP01874,Operations,India,Team Lead,Female,22,2019-05-21,2232,44900.0,EMP01585,False,Active
EMP01875,Operations,India,Individual Contributor,Female,36,2022-12-26,917,23400.0,EMP01116,False,Active
EMP01876,Customer Support,Brazil,Individual Contributor,Female,21,2023-04-04,818,28200.0,EMP02669,True,Active
EMP01877,Sales,USA,Manager,Female,22,2023-10-28,611,111300.0,EMP02903,False,Active
EMP01878,Engineering,Brazil,Team Lead,,29,2023-12-17,561,49600.0,EMP01050,False,Active
EMP01879,Engineering,USA,Individual Contributor,Male,29,2023-02-18,863,52300.0,EMP02886,False,Active
EMP01880,Engineering,UAE,Senior IC,Female,35,2015-06-06,3677,55600.0,EMP03480,False,Active
EMP01881,Engineering,USA,Team Lead,Male,24,2023-04-08,814,89300.0,EMP00679,False,Active
EMP01882,Customer Support,Brazil,Senior Manager,Female,33,2022-08-08,1057,74000.0,EMP02971,True,Active
EMP01883,Engineering,UAE,Senior IC,Male,25,2024-06-01,394,62900.0,EMP00308,True,Active
EMP01884,Customer Support,USA,Individual Contributor,Female,22,2021-03-27,1556,51300.0,EMP03102,True,Active
EMP01885,Engineering,USA,Senior IC,Male,32,2022-08-21,1044,85200.0,EMP03109,False,Active
EMP01886,Engineering,Brazil,Individual Contributor,Female,28,2023-05-14,778,28600.0,EMP03001,False,Active
EMP01887,Sales,USA,Individual Contributor,Female,30,2024-03-08,479,56100.0,EMP01227,True,Active
EMP01888,Sales,USA,Senior IC,Male,28,2023-11-24,584,70800.0,EMP03261,False,Active
EMP01889,Operations,India,Team Lead,Male,36,2023-06-22,739,46700.0,EMP01927,False,Active
EMP01890,Engineering,Canada,Individual Contributor,Male,25,2023-05-17,775,50200.0,EMP00240,True,Active
EMP01891,Sales,India,Team Lead,Female,26,2024-03-12,475,44000.0,EMP02977,True,Active
EMP01892,Customer Support,Germany,Team Lead,,30,2022-10-28,976,74400.0,EMP03180,True,Active
EMP01893,Engineering,Canada,Team Lead,Male,27,2022-02-25,1221,84800.0,EMP01055,True,Active
EMP01894,Sales,India,Individual Contributor,Female,32,2020-09-19,1745,28000.0,EMP00892,False,Active
EMP01895,Engineering,Germany,Individual Contributor,Female,21,2017-05-09,2974,54500.0,EMP01986,False,Active
EMP01896,Sales,Germany,Individual Contributor,Female,25,2024-12-08,204,50500.0,EMP01259,False,Active
EMP01897,Customer Support,Germany,Individual Contributor,Female,28,2021-10-19,1350,50100.0,EMP02228,True,Active
EMP01898,Sales,Germany,Individual Contributor,Female,26,2023-03-10,843,49700.0,EMP01292,False,Active
EMP01899,Sales,Brazil,Individual Contributor,Female,21,2025-02-02,148,34100.0,EMP00775,True,Active
EMP01900,Sales,USA,Individual Contributor,Male,30,2023-09-23,646,52800.0,EMP00827,False,Active
EMP01901,Customer Support,Brazil,Individual Contributor,Male,27,2021-01-17,1625,26100.0,EMP02280,True,Active
EMP01902,Sales,USA,Manager,Male,29,2021-06-05,1486,106000.0,EMP01510,False,Active
EMP01903,Operations,Germany,Team Lead,Male,27,2022-05-15,1142,78400.0,EMP00066,False,Active
EMP01904,Sales,USA,Individual Contributor,Female,28,2023-11-13,595,60800.0,EMP01768,True,Active
EMP01905,Customer Support,India,Senior Manager,Male,37,2018-09-13,2482,57900.0,EMP02745,False,Active
EMP01906,Engineering,Brazil,Individual Contributor,Male,26,2024-04-29,427,27500.0,EMP00552,False,Active
EMP01907,Engineering,Germany,Individual Contributor,Male,30,2023-05-06,786,51200.0,EMP00870,False,Active
EMP01908,Sales,USA,Manager,Female,28,2023-01-16,896,120300.0,EMP01259,False,Active
EMP01909,Customer Support,USA,Senior IC,Male,25,2022-10-14,990,79000.0,EMP03250,True,Active
EMP01910,Operations,UAE,Individual Contributor,Male,35,2014-03-24,4116,51500.0,EMP01227,False,Active
EMP01911,Sales,USA,Individual Contributor,Male,31,2017-10-13,2817,56700.0,EMP02932,True,Active
EMP01912,Sales,Brazil,Senior IC,Male,31,2021-07-08,1453,38400.0,EMP02355,False,Active
EMP01913,Operations,Germany,Senior IC,Male,28,2022-08-15,1050,72900.0,EMP03480,True,Active
EMP01914,Engineering,USA,Individual Contributor,Male,24,2022-08-24,1041,49200.0,EMP02020,False,Active
EMP01915,Sales,Brazil,Senior IC,Male,28,2020-10-28,1706,33700.0,EMP01105,False,Active
EMP01916,Sales,India,Individual Contributor,Male,24,2019-07-12,2180,28500.0,EMP02489,False,Active
EMP01917,Customer Support,USA,Senior IC,Male,25,2024-05-08,418,76000.0,EMP00325,False,Active
EMP01918,Customer Support,Canada,Individual Contributor,Female,33,2017-04-21,2992,51700.0,EMP02721,True,Active
EMP01919,Customer Support,USA,Manager,Male,36,2021-08-25,1405,101800.0,EMP00831,False,Active
EMP01920,Operations,Germany,Team Lead,,32,2023-08-08,692,90300.0,EMP02319,False,Active
EMP01921,Engineering,Germany,Individual Contributor,Female,23,2022-11-24,949,53100.0,EMP02019,False,Active
EMP01922,Engineering,India,Team Lead,Female,29,2021-07-04,1457,42800.0,EMP00859,True,Active
EMP01923,Engineering,UAE,Individual Contributor,Male,30,2021-05-17,1505,46400.0,EMP01677,False,Active
EMP01924,Engineering,USA,Individual Contributor,Female,25,2024-03-06,481,56700.0,EMP01753,False,Active
EMP01925,Sales,Canada,Senior IC,Female,27,2022-09-22,1012,60500.0,EMP02666,True,Active
EMP01926,Sales,India,Senior IC,Female,26,2022-02-28,1218,34600.0,EMP01608,False,Active
EMP01927,Engineering,Canada,Team Lead,Male,38,2019-06-20,2202,80100.0,EMP00200,False,Active
EMP01928,Customer Support,UAE,Senior Manager,Male,29,2019-01-16,2357,108300.0,EMP00269,False,Active
EMP01929,Sales,Canada,Individual Contributor,Non-binary,27,2024-06-18,377,42400.0,EMP02308,True,Active
EMP01930,Engineering,India,Individual Contributor,Female,21,2022-07-08,1088,27000.0,EMP03131,False,Active
EMP01931,Customer Support,Germany,Senior IC,Female,30,2023-09-05,664,72800.0,EMP01502,True,Terminated
EMP01932,Customer Support,India,Individual Contributor,Male,33,2021-07-27,1434,28700.0,EMP00332,True,Active
EMP01933,Customer Support,India,Individual Contributor,Female,31,2014-08-01,3986,27500.0,EMP00612,True,Active
EMP01934,Customer Support,Germany,Senior Manager,Non-binary,28,2019-12-03,2036,132000.0,EMP03407,True,Active
EMP01935,Customer Support,Brazil,Manager,Male,30,2021-05-01,1521,61500.0,EMP02443,False,Active
EMP01936,Sales,USA,Senior Manager,Male,30,2020-07-12,1814,136600.0,EMP00116,True,Active
EMP01937,Engineering,UAE,Individual Contributor,Female,34,2018-02-18,2689,37900.0,EMP00925,True,Active
EMP01938,Customer Support,USA,Individual Contributor,Female,29,2020-03-30,1918,60300.0,EMP02541,False,Active
EMP01939,Sales,Canada,Senior IC,Male,33,2024-04-21,435,60400.0,EMP02211,False,Active
EMP01940,Sales,USA,Senior Manager,Female,30,2016-11-28,3136,123400.0,EMP01009,False,Active
EMP01941,Sales,USA,Individual Contributor,Male,38,2022-04-22,1165,50300.0,EMP02415,False,Active
EMP01942,Engineering,UAE,Individual Contributor,Male,33,2021-09-04,1395,54700.0,EMP03169,True,Active
EMP01943,Engineering,UAE,Individual Contributor,Female,34,2019-01-17,2356,47200.0,EMP03152,False,Active
EMP01944,Sales,Brazil,Team Lead,Female,31,2014-12-01,3864,42900.0,EMP02887,False,Active
EMP01945,Operations,Canada,Team Lead,Male,30,2023-05-08,784,73700.0,EMP01243,True,Active
EMP01946,Operations,USA,Team Lead,Female,33,2019-04-10,2273,89700.0,EMP00086,True,Active
EMP01947,Sales,UAE,Individual Contributor,Male,21,2023-06-13,748,47600.0,EMP01357,False,Active
EMP01948,Operations,Germany,Team Lead,Male,22,2021-11-21,1317,83700.0,EMP00081,True,Active
EMP01949,Sales,India,Senior IC,Male,27,2024-08-14,320,33100.0,EMP01988,True,Active
EMP01950,Operations,India,Individual Contributor,Female,26,2023-06-10,751,27100.0,EMP02091,True,Active
EMP01951,Operations,USA,Individual Contributor,Female,26,2022-01-05,1272,52500.0,EMP01202,False,Active
EMP01952,Sales,India,Senior IC,Male,33,2021-03-06,1577,38700.0,EMP00555,False,Active
EMP01953,Customer Support,Brazil,Individual Contributor,Male,25,2021-05-05,1517,28900.0,EMP01819,False,Active
EMP01954,Operations,USA,Senior Manager,Male,28,2019-10-14,2086,127500.0,EMP00051,False,Terminated
EMP01955,Operations,Canada,Senior IC,Male,24,2023-03-17,836,68600.0,EMP00984,False,Active
EMP01956,Operations,India,Individual Contributor,Male,29,2022-09-12,1022,27200.0,EMP03375,True,Active
EMP01957,Engineering,USA,Team Lead,Female,21,2022-08-07,1058,86300.0,EMP03205,False,Active
EMP01958,Sales,India,Senior IC,Female,25,2023-01-29,883,37800.0,EMP02217,False,Active
EMP01959,Operations,USA,Individual Contributor,Male,21,2023-12-26,552,58000.0,EMP01305,False,Active
EMP01960,Customer Support,USA,Senior IC,Female,26,2022-04-17,1170,81900.0,EMP00040,False,Active
EMP01961,Customer Support,Brazil,Individual Contributor,Male,33,2020-05-19,1868,30400.0,EMP02263,False,Active
EMP01962,Engineering,USA,Individual Contributor,Female,31,2021-09-23,1376,54300.0,EMP01714,False,Active
EMP01963,Engineering,USA,Team Lead,Female,24,2023-04-18,804,77600.0,EMP02481,False,Active
EMP01964,Sales,Brazil,Senior IC,Female,30,2022-04-01,1186,39600.0,EMP00577,False,Active
EMP01965,Customer Support,USA,Individual Contributor,,26,2023-05-25,767,56700.0,EMP02903,False,Active
EMP01966,Sales,UAE,Individual Contributor,Male,34,2021-02-07,1604,45800.0,EMP02807,True,Active
EMP01967,Customer Support,UAE,Senior IC,Female,29,2020-04-08,1909,46900.0,EMP01483,True,Active
EMP01968,Operations,USA,Individual Contributor,Female,21,2020-03-09,1939,58200.0,EMP00111,True,Active
EMP01969,Engineering,India,Senior Manager,Female,31,2022-11-26,947,60200.0,EMP01608,True,Active
EMP01970,Engineering,USA,Senior IC,Female,25,2023-05-12,780,78900.0,EMP01295,True,Active
EMP01971,Engineering,India,Manager,Male,29,2019-10-14,2086,59400.0,EMP02652,False,Active
EMP01972,Operations,USA,Individual Contributor,Female,28,2023-01-16,896,54100.0,EMP00841,False,Active
EMP01973,Customer Support,Canada,Manager,Female,22,2022-04-14,1173,98300.0,EMP00070,False,Active
EMP01974,Engineering,USA,Individual Contributor,Female,29,2021-10-03,1366,55300.0,EMP03438,False,Active
EMP01975,Sales,Brazil,Individual Contributor,Male,30,2022-06-19,1107,30000.0,EMP00859,False,Active
EMP01976,Sales,USA,Individual Contributor,Male,31,2020-09-07,1757,55700.0,EMP00280,False,Active
EMP01977,Engineering,USA,Individual Contributor,Male,23,2024-07-11,354,52900.0,EMP03011,False,Active
EMP01978,Operations,India,Senior Manager,Male,33,2021-05-16,1506,60200.0,EMP02501,True,Active
EMP01979,Customer Support,India,Team Lead,Male,22,2023-10-25,614,48400.0,EMP00966,False,Active
EMP01980,Sales,Canada,Senior IC,Male,24,2023-03-27,826,67300.0,EMP01668,False,Active
EMP01981,Operations,USA,Senior IC,Male,27,2022-01-25,1252,79700.0,EMP02396,True,Active
EMP01982,Engineering,USA,Senior IC,Male,26,2024-09-24,279,77100.0,EMP02847,False,Active
EMP01983,Operations,Germany,Senior IC,Female,26,2022-10-20,984,73600.0,EMP01301,True,Terminated
EMP01984,Sales,Germany,Manager,Male,32,2023-02-12,869,92600.0,EMP00767,False,Active
EMP01985,Customer Support,Canada,Senior IC,Male,28,2022-09-11,1023,65400.0,EMP00057,False,Active
EMP01986,Operations,Canada,Team Lead,Male,27,2023-03-19,834,81200.0,EMP03002,False,Active
EMP01987,Sales,Canada,Individual Contributor,Female,29,2022-04-08,1179,53000.0,EMP02835,False,Active
EMP01988,Customer Support,USA,Director,Female,29,2023-06-14,747,209400.0,,False,Active
EMP01989,Operations,Germany,Individual Contributor,Male,28,2022-07-18,1078,52000.0,EMP02612,True,Active
EMP01990,Sales,Brazil,Individual Contributor,Female,21,2022-01-27,1250,27300.0,EMP00756,False,Active
EMP01991,Sales,Germany,Manager,Female,35,2019-08-26,2135,90200.0,EMP00856,False,Active
EMP01992,Customer Support,Brazil,Individual Contributor,Female,32,2018-10-29,2436,26700.0,EMP00865,True,Active
EMP01993,Engineering,USA,Individual Contributor,Male,28,2024-06-14,381,51800.0,EMP01570,True,Active
EMP01994,Sales,Germany,Individual Contributor,Male,29,2019-05-12,2241,38700.0,EMP03360,False,Active
EMP01995,Engineering,UAE,Senior IC,Male,21,2023-12-29,549,58400.0,EMP02400,True,Active
EMP01996,Customer Support,USA,Senior Manager,Male,21,2022-07-12,1084,143500.0,EMP01494,False,Active
EMP01997,Sales,Canada,Manager,Female,22,2024-09-06,297,95600.0,EMP02581,True,Active
EMP01998,Engineering,Germany,Senior IC,Female,27,2025-01-03,178,66800.0,EMP02926,False,Active
EMP01999,Operations,USA,Director,Female,40,2014-12-25,3840,150100.0,,False,Active
EMP02000,Engineering,USA,Senior IC,Female,29,2022-06-22,1104,81000.0,EMP02943,False,Active
EMP02001,Operations,USA,Manager,Male,23,2022-12-02,941,113700.0,EMP00070,False,Active
EMP02002,Engineering,India,Individual Contributor,Female,25,2021-10-19,1350,26400.0,EMP01086,False,Active
EMP02003,Operations,USA,Senior IC,,33,2022-11-16,957,61600.0,EMP00610,False,Active
EMP02004,Customer Support,India,Individual Contributor,Male,24,2020-04-23,1894,25400.0,EMP00630,False,Active
EMP02005,Sales,UAE,Individual Contributor,Male,36,2021-12-09,1299,47200.0,EMP00719,False,Active
EMP02006,Operations,Germany,Team Lead,Female,37,2020-11-04,1699,81700.0,EMP01278,False,Active
EMP02007,Engineering,USA,Individual Contributor,Male,35,2023-10-20,619,56000.0,EMP02529,False,Active
EMP02008,Sales,Germany,Senior IC,Male,27,2024-07-30,335,72000.0,EMP02056,True,Active
EMP02009,Sales,UAE,Team Lead,Male,29,2019-12-06,2033,75000.0,EMP01526,True,Active
EMP02010,Customer Support,India,Individual Contributor,Male,30,2021-09-10,1389,27800.0,EMP01742,True,Active
EMP02011,Sales,USA,Senior IC,Female,29,2024-04-20,436,69700.0,EMP00644,False,Active
EMP02012,Sales,India,Team Lead,Female,23,2024-04-14,442,38700.0,EMP02578,False,Active
EMP02013,Sales,India,Manager,Female,23,2022-03-22,1196,54200.0,EMP02631,True,Active
EMP02014,Engineering,Germany,Individual Contributor,Male,28,2021-01-28,1614,53200.0,EMP01903,True,Active
EMP02015,Engineering,USA,Director,Male,23,2024-01-01,546,179700.0,,False,Terminated
EMP02016,Engineering,Canada,Manager,Male,37,2017-11-27,2772,96000.0,EMP02807,False,Terminated
EMP02017,Sales,USA,Senior IC,Male,27,2020-09-12,1752,72800.0,EMP02806,False,Active
EMP02018,Sales,USA,Individual Contributor,Female,31,2019-09-04,2126,56100.0,EMP00383,False,Active
EMP02019,Customer Support,USA,Team Lead,Female,32,2022-04-12,1175,92400.0,EMP00303,False,Active
EMP02020,Engineering,India,Manager,Female,33,2022-06-18,1108,54100.0,EMP01514,False,Active
EMP02021,Customer Support,India,Individual Contributor,Female,26,2024-05-22,404,31900.0,EMP00199,False,Active
EMP02022,Sales,USA,Director,Male,28,2023-10-16,623,159800.0,,False,Active
EMP02023,Sales,Germany,Manager,Male,23,2022-09-20,1014,125500.0,EMP00491,False,Active
EMP02024,Sales,Brazil,Senior IC,Female,32,2021-08-17,1413,35100.0,EMP00443,True,Active
EMP02025,Engineering,Germany,Team Lead,Male,33,2022-01-28,1249,84400.0,EMP01134,True,Active
EMP02026,Engineering,Canada,Senior IC,Female,21,2024-12-02,210,58800.0,EMP01167,False,Active
EMP02027,Customer Support,Germany,Team Lead,Male,33,2024-01-25,522,83900.0,EMP02870,False,Active
EMP02028,Engineering,USA,Manager,Female,25,2021-12-04,1304,117800.0,EMP03160,False,Active
EMP02029,Engineering,Canada,Individual Contributor,Male,31,2021-07-24,1437,48100.0,EMP00611,True,Active
EMP02030,Customer Support,UAE,Individual Contributor,Female,27,2023-03-29,824,49100.0,EMP01325,False,Active
EMP02031,Sales,Germany,Individual Contributor,Female,29,2020-12-18,1655,48700.0,EMP01774,True,Active
EMP02032,Engineering,UAE,Senior Manager,Male,28,2021-01-03,1639,93700.0,EMP00978,False,Active
EMP02033,Engineering,India,Individual Contributor,Female,31,2015-06-02,3681,27700.0,EMP01166,False,Active
EMP02034,Engineering,Germany,Manager,Male,30,2022-06-12,1114,100000.0,EMP02343,False,Active
EMP02035,Sales,UAE,Senior IC,Female,26,2023-04-21,801,59400.0,EMP01472,False,Active
EMP02036,Customer Support,Brazil,Individual Contributor,Male,21,2023-12-29,549,27900.0,EMP02443,False,Active
EMP02037,Operations,Germany,Manager,Female,21,2024-07-04,361,103000.0,EMP00271,False,Terminated
EMP02038,Sales,India,Senior IC,Male,24,2021-02-16,1595,33400.0,EMP01677,True,Terminated
EMP02039,Customer Support,Germany,Individual Contributor,Male,26,2021-06-10,1481,51900.0,EMP01086,True,Active
EMP02040,Customer Support,USA,Individual Contributor,Male,28,2024-05-25,401,60400.0,EMP01011,False,Active
EMP02041,Sales,Canada,Individual Contributor,Female,26,2021-02-09,1602,55900.0,EMP01618,True,Active
EMP02042,Customer Support,India,Individual Contributor,Male,32,2022-02-27,1219,29400.0,EMP01053,True,Active
EMP02043,Customer Support,India,Individual Contributor,Female,26,2023-01-22,890,26700.0,EMP02643,True,Active
EMP02044,Operations,India,Senior IC,Male,24,2024-12-19,193,36500.0,EMP00651,True,Active
EMP02045,Operations,India,Individual Contributor,Female,29,2021-06-20,1471,25600.0,EMP03128,False,Active
EMP02046,Sales,Germany,Individual Contributor,Male,38,2017-04-01,3012,48500.0,EMP01266,False,Active
EMP02047,Engineering,Canada,Individual Contributor,Male,21,2023-11-03,605,51300.0,EMP01824,False,Active
EMP02048,Engineering,India,Individual Contributor,Female,34,2022-02-26,1220,25800.0,EMP00607,False,Active
EMP02049,Sales,Brazil,Director,Female,33,2021-04-03,1549,92600.0,,True,Active
EMP02050,Engineering,India,Individual Contributor,Female,25,2025-03-07,115,24400.0,EMP02239,False,Active
EMP02051,Operations,Germany,Individual Contributor,Male,31,2024-01-16,531,55900.0,EMP02669,False,Active
EMP02052,Sales,USA,Senior IC,Female,24,2024-08-21,313,72800.0,EMP03134,False,Active
EMP02053,Engineering,Germany,Senior Manager,Male,34,2017-04-12,3001,134700.0,EMP03493,False,Active
EMP02054,Operations,USA,Team Lead,Male,23,2025-03-14,108,84600.0,EMP00911,False,Active
EMP02055,Engineering,Brazil,Manager,Male,31,2023-01-25,887,53500.0,EMP01156,True,Active
EMP02056,Engineering,UAE,Senior Manager,Female,25,2021-11-23,1315,124000.0,EMP00860,False,Terminated
EMP02057,Operations,Germany,Senior IC,Female,26,2023-11-07,601,64800.0,EMP01751,False,Active
EMP02058,Engineering,Germany,Director,,28,2025-02-15,135,137700.0,,False,Active
EMP02059,Sales,Brazil,Individual Contributor,Male,31,2022-12-29,914,26400.0,EMP02584,False,Active
EMP02060,Sales,USA,Manager,Female,23,2023-11-14,594,116700.0,EMP01979,True,Active
EMP02061,Operations,Canada,Manager,Female,31,2021-08-15,1415,100800.0,EMP01642,True,Active
EMP02062,Sales,Germany,Senior Manager,Female,25,2020-08-25,1770,116300.0,EMP02542,False,Active
EMP02063,Engineering,USA,Senior IC,Male,21,2024-05-22,404,71000.0,EMP01612,False,Terminated
EMP02064,Sales,USA,Team Lead,Male,23,2023-09-26,643,94500.0,EMP03104,True,Active
EMP02065,Engineering,Canada,Individual Contributor,Female,30,2023-09-01,668,53100.0,EMP01945,True,Active
EMP02066,Operations,USA,Senior IC,Female,29,2020-09-11,1753,74300.0,EMP02308,True,Active
EMP02067,Engineering,Brazil,Individual Contributor,Female,25,2022-05-29,1128,30100.0,EMP02369,True,Active
EMP02068,Operations,USA,Senior IC,Female,26,2024-05-08,418,80000.0,EMP02593,False,Active
EMP02069,Sales,USA,Team Lead,Non-binary,30,2019-09-06,2124,105100.0,EMP01668,True,Active
EMP02070,Engineering,UAE,Individual Contributor,Male,29,2023-11-08,600,41400.0,EMP01351,False,Active
EMP02071,Operations,USA,Individual Contributor,Male,21,2023-06-30,731,52200.0,EMP01436,False,Active
EMP02072,Engineering,USA,Individual Contributor,Male,25,2024-02-12,504,53000.0,EMP03281,False,Active
EMP02073,Sales,India,Team Lead,Male,28,2022-03-29,1189,45700.0,EMP00407,False,Active
EMP02074,Operations,UAE,Team Lead,Female,21,2023-03-30,823,72600.0,EMP02445,True,Active
EMP02075,Engineering,Germany,Team Lead,Male,26,2018-07-25,2532,83900.0,EMP03350,True,Active
EMP02076,Engineering,USA,Individual Contributor,Female,26,2022-05-18,1139,55700.0,EMP00259,True,Active
EMP02077,Operations,Canada,Manager,Female,26,2024-01-18,529,95000.0,EMP02154,True,Active
EMP02078,Sales,Brazil,Team Lead,Non-binary,27,2022-08-11,1054,47200.0,EMP02062,False,Active
EMP02079,Engineering,UAE,Individual Contributor,Female,30,2017-12-06,2763,49400.0,EMP01172,True,Active
EMP02080,Sales,Brazil,Individual Contributor,Male,23,2024-06-18,377,26600.0,EMP00353,False,Active
EMP02081,Engineering,Brazil,Senior IC,Female,27,2021-06-21,1470,38500.0,EMP02367,False,Active
EMP02082,Sales,Germany,Individual Contributor,Female,26,2024-12-16,196,45500.0,EMP01814,True,Active
EMP02083,Customer Support,Germany,Individual Contributor,Male,36,2018-11-15,2419,51300.0,EMP02625,True,Active
EMP02084,Sales,Brazil,Individual Contributor,Male,21,2023-06-16,745,28300.0,EMP00318,False,Active
EMP02085,Customer Support,Brazil,Individual Contributor,Male,28,2024-01-30,517,31300.0,EMP03269,False,Active
EMP02086,Sales,Canada,Individual Contributor,Female,31,2018-03-23,2656,48000.0,EMP02187,True,Terminated
EMP02087,Engineering,India,Individual Contributor,Female,29,2022-09-29,1005,25500.0,EMP01527,False,Active
EMP02088,Engineering,Germany,Manager,Male,32,2022-09-02,1032,97800.0,EMP01567,True,Active
EMP02089,Customer Support,India,Senior IC,Male,24,2023-06-07,754,40700.0,EMP03321,False,Active
EMP02090,Engineering,India,Senior IC,Male,30,2023-05-13,779,31300.0,EMP01922,False,Active
EMP02091,Engineering,Germany,Team Lead,Male,21,2025-01-05,176,77800.0,EMP02019,True,Active
EMP02092,Operations,UAE,Senior IC,Male,29,2021-07-06,1455,61900.0,EMP02261,True,Active
EMP02093,Engineering,India,Individual Contributor,Male,24,2024-08-19,315,25100.0,EMP01094,False,Active
EMP02094,Sales,USA,Individual Contributor,Female,30,2020-03-10,1938,57400.0,EMP00903,False,Active
EMP02095,Operations,India,Individual Contributor,Male,22,2024-04-16,440,26300.0,EMP02624,False,Active
EMP02096,Engineering,India,Senior IC,Male,29,2022-06-25,1101,36500.0,EMP01114,False,Active
EMP02097,Sales,Canada,Senior IC,Male,33,2023-09-08,661,65600.0,EMP00124,False,Active
EMP02098,Engineering,Germany,Individual Contributor,Female,23,2023-06-07,754,50000.0,EMP01678,False,Active
EMP02099,Sales,India,Senior IC,Male,28,2023-02-14,867,32100.0,EMP00040,False,Active
EMP02100,Sales,India,Director,Female,31,2021-12-03,1305,83700.0,,True,Active
EMP02101,Customer Support,India,Individual Contributor,Male,30,2018-05-10,2608,22700.0,EMP02240,True,Active
EMP02102,Sales,USA,Senior IC,Male,32,2023-06-21,740,70700.0,EMP03232,False,Active
EMP02103,Customer Support,Canada,Senior IC,Male,23,2025-02-06,144,67500.0,EMP02109,True,Active
EMP02104,Operations,Canada,Team Lead,Female,30,2019-04-29,2254,85400.0,EMP01237,True,Active
EMP02105,Customer Support,India,Team Lead,Female,25,2021-02-05,1606,51000.0,EMP02238,True,Active
EMP02106,Customer Support,India,Team Lead,Male,26,2024-04-30,426,41400.0,EMP02056,False,Terminated
EMP02107,Customer Support,USA,Individual Contributor,Male,26,2024-07-02,363,51400.0,EMP02589,False,Active
EMP02108,Operations,India,Senior IC,,31,2021-10-23,1346,37200.0,EMP03227,False,Active
EMP02109,Engineering,Germany,Manager,Female,25,2022-03-29,1189,114700.0,EMP00362,False,Active
EMP02110,Sales,Brazil,Individual Contributor,Male,30,2017-03-18,3026,32300.0,EMP02492,False,Active
EMP02111,Engineering,USA,Director,Male,30,2021-06-26,1465,158200.0,,False,Active
EMP02112,Engineering,Brazil,Individual Contributor,Female,32,2023-10-11,628,28500.0,EMP01154,False,Terminated
EMP02113,Sales,Germany,Senior IC,Female,28,2024-01-28,519,72900.0,EMP01408,False,Active
EMP02114,Customer Support,India,Senior IC,Male,35,2022-07-20,1076,38400.0,EMP01436,False,Active
EMP02115,Sales,India,Senior IC,Female,27,2024-12-27,185,37400.0,EMP01305,False,Active
EMP02116,Operations,USA,Manager,Male,27,2024-10-12,261,105300.0,EMP03080,False,Active
EMP02117,Sales,India,Individual Contributor,Male,28,2024-06-12,383,27600.0,EMP01134,False,Active
EMP02118,Sales,UAE,Senior IC,Male,32,2023-10-24,615,66300.0,EMP01510,False,Active
EMP02119,Sales,India,Senior IC,Female,32,2022-10-11,993,33100.0,EMP02027,False,Active
EMP02120,Sales,USA,Manager,Non-binary,24,2021-04-21,1531,120900.0,EMP00905,True,Active
EMP02121,Sales,India,Senior IC,Male,34,2019-02-01,2341,38600.0,EMP02426,True,Active
EMP02122,Sales,Germany,Senior Manager,Male,31,2019-11-13,2056,116500.0,EMP01817,True,Active
EMP02123,Sales,India,Manager,Male,29,2020-06-05,1851,56100.0,EMP00611,False,Active
EMP02124,Sales,India,Individual Contributor,Male,21,2023-06-30,731,28100.0,EMP00656,True,Active
EMP02125,Engineering,USA,Manager,Male,21,2024-01-16,531,116700.0,EMP00094,False,Active
EMP02126,Engineering,India,Senior Manager,Male,27,2021-11-11,1327,73100.0,EMP02022,True,Active
EMP02127,Engineering,Brazil,Individual Contributor,Male,22,2021-09-13,1386,28800.0,EMP02780,True,Active
EMP02128,Engineering,Brazil,Senior IC,Female,24,2024-05-08,418,40000.0,EMP03474,False,Active
EMP02129,Sales,USA,Individual Contributor,Female,30,2023-02-17,864,43500.0,EMP02287,True,Active
EMP02130,Sales,Germany,Senior IC,Male,24,2024-02-19,497,74300.0,EMP03381,True,Active
EMP02131,Sales,Germany,Individual Contributor,Female,26,2024-10-22,251,54500.0,EMP03462,True,Active
EMP02132,Customer Support,USA,Team Lead,Male,24,2022-01-18,1259,99400.0,,False,Active
EMP02133,Operations,Germany,Individual Contributor,Male,31,2020-06-29,1827,46600.0,EMP01308,True,Active
EMP02134,Operations,USA,Senior IC,Female,34,2017-09-10,2850,80500.0,EMP03101,False,Active
EMP02135,Engineering,USA,Individual Contributor,Female,21,2022-12-30,913,59700.0,EMP02216,True,Active
EMP02136,Engineering,Brazil,Team Lead,Male,22,2024-12-06,206,44400.0,EMP02840,True,Active
EMP02137,Engineering,USA,Senior IC,Female,28,2016-10-21,3174,81100.0,EMP00802,True,Active
EMP02138,Customer Support,Brazil,Senior IC,Male,36,2016-04-24,3354,40400.0,EMP03319,True,Active
EMP02139,Customer Support,USA,Individual Contributor,Male,37,2013-03-05,4500,47700.0,EMP01485,False,Active
EMP02140,Operations,India,Individual Contributor,Male,35,2014-07-05,4013,27600.0,EMP03063,False,Active
EMP02141,Operations,Germany,Senior IC,Male,27,2022-03-11,1207,64100.0,EMP01308,False,Active
EMP02142,Engineering,UAE,Senior Manager,Male,29,2022-09-08,1026,97100.0,EMP03152,False,Active
EMP02143,Customer Support,UAE,Individual Contributor,Female,31,2020-11-02,1701,46900.0,EMP02351,True,Active
EMP02144,Customer Support,Germany,Team Lead,,23,2024-09-03,300,81500.0,EMP00813,False,Active
EMP02145,Engineering,India,Individual Contributor,Female,24,2023-11-19,589,29400.0,EMP00552,False,Active
EMP02146,Operations,USA,Team Lead,Male,27,2022-12-20,923,91000.0,EMP00577,False,Active
EMP02147,Sales,India,Individual Contributor,Female,30,2019-09-23,2107,28000.0,EMP01307,False,Active
EMP02148,Operations,USA,Senior IC,Female,39,2019-07-24,2168,77800.0,EMP00152,True,Active
EMP02149,Customer Support,Germany,Individual Contributor,Female,26,2022-11-12,961,54500.0,EMP01903,False,Active
EMP02150,Sales,USA,Individual Contributor,Female,27,2024-08-05,329,51300.0,EMP02282,False,Terminated
EMP02151,Customer Support,Canada,Individual Contributor,Female,31,2020-07-20,1806,48800.0,EMP02603,False,Terminated
EMP02152,Sales,India,Individual Contributor,Male,31,2024-08-26,308,26100.0,EMP03262,True,Active
EMP02153,Customer Support,India,Senior IC,Female,23,2023-08-27,673,37600.0,EMP02780,True,Active
EMP02154,Customer Support,Germany,Director,Male,33,2022-03-17,1201,160700.0,,False,Active
EMP02155,Customer Support,Germany,Senior IC,Female,25,2024-09-27,276,64900.0,EMP02100,False,Active
EMP02156,Operations,USA,Senior Manager,Male,36,2023-12-19,559,132000.0,EMP02986,True,Terminated
EMP02157,Sales,Canada,Senior IC,Female,31,2020-01-18,1990,73600.0,EMP02687,True,Active
EMP02158,Sales,UAE,Individual Contributor,Male,24,2020-11-01,1702,39400.0,EMP02906,False,Active
EMP02159,Engineering,USA,Individual Contributor,Male,25,2024-06-25,370,58300.0,EMP01424,True,Active
EMP02160,Sales,Brazil,Individual Contributor,Female,33,2021-12-04,1304,31700.0,EMP01810,True,Active
EMP02161,Engineering,Germany,Individual Contributor,Male,25,2024-12-09,203,52700.0,EMP03205,False,Active
EMP02162,Sales,USA,Manager,Female,29,2021-03-01,1582,126500.0,EMP01555,True,Active
EMP02163,Engineering,India,Team Lead,,29,2023-11-07,601,46100.0,EMP02106,True,Active
EMP02164,Engineering,USA,Senior IC,Male,26,2023-02-04,877,77000.0,EMP02232,False,Active
EMP02165,Operations,USA,Senior IC,Female,27,2022-06-25,1101,72000.0,EMP00650,True,Active
EMP02166,Sales,Brazil,Individual Contributor,Female,22,2024-06-03,392,29700.0,EMP00082,True,Active
EMP02167,Operations,USA,Senior IC,Female,33,2023-12-15,563,78800.0,EMP02414,False,Active
EMP02168,Engineering,Canada,Individual Contributor,Male,28,2017-07-03,2919,48000.0,EMP02761,False,Active
EMP02169,Engineering,India,Individual Contributor,Female,27,2023-03-23,830,24800.0,EMP02022,False,Active
EMP02170,Engineering,UAE,Individual Contributor,Male,30,2022-05-11,1146,41200.0,EMP02280,False,Active
EMP02171,Engineering,India,Individual Contributor,Female,28,2022-04-28,1159,26800.0,EMP00244,False,Active
EMP02172,Sales,UAE,Team Lead,Male,26,2018-12-21,2383,65300.0,EMP00611,False,Active
EMP02173,Engineering,Germany,Individual Contributor,Female,25,2020-08-22,1773,48500.0,EMP02581,False,Active
EMP02174,Sales,India,Individual Contributor,Male,28,2024-05-16,410,21300.0,EMP02221,False,Active
EMP02175,Engineering,India,Manager,Female,28,2018-06-06,2581,55700.0,EMP00686,True,Active
EMP02176,Engineering,Canada,Director,Female,25,2016-09-19,3206,163800.0,,False,Active
EMP02177,Engineering,USA,Senior IC,Female,27,2024-05-18,408,75200.0,EMP00126,True,Active
EMP02178,Operations,India,Senior IC,Male,23,2023-05-02,790,41000.0,EMP02745,True,Active
EMP02179,Sales,Brazil,Team Lead,Female,30,2022-11-29,944,51800.0,EMP00094,False,Active
EMP02180,Operations,Germany,Individual Contributor,Male,26,2023-04-08,814,52300.0,EMP02929,True,Active
EMP02181,Customer Support,UAE,Senior IC,Non-binary,28,2021-02-23,1588,61200.0,EMP00791,True,Active
EMP02182,Operations,Germany,Individual Contributor,Female,27,2023-01-31,881,49000.0,EMP00908,True,Active
EMP02183,Operations,USA,Individual Contributor,Female,22,2023-08-19,681,57700.0,EMP03246,False,Terminated
EMP02184,Sales,India,Director,Female,26,2021-01-05,1637,81600.0,,False,Active
EMP02185,Engineering,Germany,Team Lead,Female,24,2025-02-01,149,85500.0,EMP01186,False,Active
EMP02186,Sales,USA,Director,Male,23,2022-03-09,1209,181100.0,,False,Active
EMP02187,Customer Support,USA,Team Lead,Male,31,2021-06-27,1464,88100.0,EMP00400,False,Active
EMP02188,Customer Support,USA,Senior IC,Female,30,2018-09-20,2475,81300.0,EMP01377,False,Terminated
EMP02189,Sales,Brazil,Team Lead,Female,22,2022-07-10,1086,45900.0,EMP02020,False,Active
EMP02190,Operations,Canada,Senior IC,Male,23,2024-11-23,219,65100.0,EMP01723,True,Active
EMP02191,Sales,India,Senior IC,Female,28,2022-05-24,1133,33000.0,EMP03138,False,Active
EMP02192,Engineering,USA,Individual Contributor,Male,23,2024-12-11,201,54000.0,EMP02806,True,Active
EMP02193,Customer Support,India,Senior IC,Male,30,2021-10-12,1357,41900.0,EMP00930,False,Active
EMP02194,Sales,UAE,Individual Contributor,Female,33,2019-06-22,2200,42300.0,EMP03158,True,Terminated
EMP02195,Customer Support,Brazil,Senior IC,Male,37,2022-10-23,981,40400.0,EMP01585,False,Active
EMP02196,Customer Support,Germany,Individual Contributor,Male,32,2023-01-30,882,48600.0,EMP00068,False,Active
EMP02197,Sales,USA,Senior IC,Male,23,2020-09-17,1747,61500.0,EMP02983,False,Active
EMP02198,Engineering,Canada,Individual Contributor,Male,27,2021-11-15,1323,50100.0,EMP02581,False,Active
EMP02199,Sales,UAE,Individual Contributor,Male,28,2020-12-13,1660,43600.0,EMP01245,False,Active
EMP02200,Customer Support,USA,Senior IC,Male,38,2014-08-29,3958,76700.0,EMP03076,False,Active
EMP02201,Sales,UAE,Individual Contributor,Male,23,2023-07-14,717,49200.0,EMP03173,True,Active
EMP02202,Operations,USA,Senior Manager,Male,26,2021-08-10,1420,138200.0,EMP03336,False,Active
EMP02203,Operations,USA,Senior IC,Male,27,2018-05-09,2609,76700.0,EMP03200,True,Terminated
EMP02204,Sales,Brazil,Individual Contributor,Male,29,2018-04-12,2636,26800.0,EMP00964,False,Active
EMP02205,Engineering,India,Individual Contributor,Female,26,2021-05-07,1515,27900.0,EMP01940,True,Active
EMP02206,Customer Support,Germany,Manager,Male,26,2023-02-26,855,98200.0,EMP00616,True,Active
EMP02207,Customer Support,Canada,Senior IC,Female,24,2020-12-28,1645,54600.0,EMP02373,False,Terminated
EMP02208,Engineering,UAE,Individual Contributor,Female,33,2020-12-04,1669,48600.0,EMP01747,True,Terminated
EMP02209,Sales,USA,Individual Contributor,Female,31,2020-05-27,1860,60200.0,EMP03080,True,Active
EMP02210,Sales,India,Team Lead,Female,21,2024-04-23,433,48000.0,EMP03158,True,Active
EMP02211,Operations,Brazil,Senior Manager,Male,33,2016-11-12,3152,83100.0,EMP01108,True,Active
EMP02212,Engineering,India,Individual Contributor,Female,25,2018-05-03,2615,28000.0,EMP01104,False,Active
EMP02213,Operations,Canada,Individual Contributor,Male,33,2022-09-30,1004,50000.0,EMP00118,False,Active
EMP02214,Engineering,Brazil,Individual Contributor,Male,38,2018-10-15,2450,31300.0,EMP01767,True,Active
EMP02215,Operations,USA,Individual Contributor,Female,27,2022-11-20,953,51300.0,EMP01340,True,Active
EMP02216,Sales,USA,Team Lead,Female,29,2017-09-27,2833,77700.0,EMP03493,True,Active
EMP02217,Sales,UAE,Director,Male,25,2022-05-30,1127,137100.0,,False,Active
EMP02218,Operations,Canada,Director,Male,24,2024-02-02,514,165300.0,,False,Active
EMP02219,Operations,USA,Team Lead,,34,2015-07-28,3625,85000.0,EMP01979,True,Active
EMP02220,Engineering,USA,Individual Contributor,Female,35,2020-07-15,1811,57300.0,EMP02189,False,Active
EMP02221,Engineering,Brazil,Director,Female,31,2023-01-04,908,94100.0,,True,Active
EMP02222,Engineering,USA,Individual Contributor,Female,37,2017-04-26,2987,56300.0,EMP03493,False,Active
EMP02223,Engineering,USA,Individual Contributor,Female,30,2020-12-16,1657,49600.0,EMP01445,False,Active
EMP02224,Sales,Canada,Team Lead,Non-binary,22,2023-03-29,824,80100.0,EMP01278,True,Active
EMP02225,Operations,UAE,Individual Contributor,Female,30,2017-04-02,3011,44100.0,EMP02481,True,Active
EMP02226,Sales,Canada,Manager,Female,30,2020-06-01,1855,107900.0,EMP00978,False,Active
EMP02227,Customer Support,India,Director,Male,23,2021-10-22,1347,90000.0,,False,Active
EMP02228,Sales,Germany,Team Lead,Male,29,2022-07-21,1075,79400.0,EMP00994,False,Terminated
EMP02229,Sales,Canada,Team Lead,Female,29,2024-02-18,498,89000.0,EMP01104,False,Active
EMP02230,Customer Support,Germany,Individual Contributor,Male,27,2025-04-04,87,51800.0,EMP02146,False,Active
EMP02231,Engineering,USA,Individual Contributor,Male,31,2020-10-01,1733,47800.0,EMP02574,False,Active
EMP02232,Customer Support,Canada,Team Lead,Female,21,2024-05-14,412,77500.0,EMP00594,False,Active
EMP02233,Sales,Brazil,Senior IC,Female,31,2024-02-18,498,44100.0,EMP00153,True,Active
EMP02234,Operations,Canada,Manager,Male,21,2022-12-01,942,88800.0,EMP00598,False,Active
EMP02235,Customer Support,USA,Individual Contributor,Male,27,2022-11-14,959,54900.0,EMP03198,True,Active
EMP02236,Operations,Canada,Individual Contributor,Non-binary,28,2023-12-23,555,42800.0,EMP00925,True,Active
EMP02237,Sales,India,Individual Contributor,Female,31,2020-10-02,1732,23900.0,EMP01826,False,Active
EMP02238,Engineering,Brazil,Team Lead,Male,21,2024-11-08,234,43700.0,EMP01877,False,Active
EMP02239,Engineering,Canada,Team Lead,Female,25,2020-10-25,1709,70300.0,EMP00987,False,Active
EMP02240,Engineering,Germany,Senior Manager,Male,28,2023-02-19,862,117800.0,EMP02952,True,Active
EMP02241,Sales,Brazil,Individual Contributor,Male,28,2024-01-15,532,32800.0,EMP00240,False,Active
EMP02242,Sales,India,Senior IC,Female,21,2024-10-16,257,35600.0,EMP01827,False,Active
EMP02243,Engineering,UAE,Individual Contributor,Female,29,2022-03-10,1208,48500.0,EMP01435,False,Active
EMP02244,Sales,Canada,Individual Contributor,Male,21,2024-06-11,384,52200.0,EMP02719,False,Active
EMP02245,Engineering,Brazil,Individual Contributor,Male,28,2024-07-31,334,26200.0,EMP00684,False,Active
EMP02246,Sales,USA,Senior IC,Female,28,2018-05-27,2591,69800.0,EMP03342,False,Active
EMP02247,Sales,USA,Senior IC,Male,26,2024-08-30,304,79300.0,EMP02751,True,Active
EMP02248,Customer Support,Canada,Individual Contributor,Female,25,2024-11-13,229,45600.0,EMP02586,False,Active
EMP02249,Engineering,Canada,Senior IC,Female,34,2021-01-25,1617,68600.0,EMP01727,False,Active
EMP02250,Engineering,Canada,Manager,Female,29,2021-12-29,1279,107700.0,EMP02239,False,Active
EMP02251,Engineering,USA,Individual Contributor,Male,24,2023-08-24,676,48800.0,EMP00744,False,Active
EMP02252,Customer Support,Germany,Individual Contributor,Female,27,2024-03-17,470,49000.0,EMP00030,True,Active
EMP02253,Engineering,Brazil,Team Lead,Male,35,2023-11-22,586,46100.0,EMP02609,False,Active
EMP02254,Customer Support,Brazil,Team Lead,Female,29,2023-08-09,691,44800.0,EMP01547,False,Active
EMP02255,Operations,USA,Manager,Male,28,2021-05-30,1492,103900.0,EMP01239,False,Active
EMP02256,Engineering,India,Individual Contributor,Male,25,2022-02-17,1229,25400.0,EMP00964,True,Active
EMP02257,Operations,USA,Senior IC,Female,24,2023-05-02,790,74700.0,EMP02163,False,Active
EMP02258,Customer Support,India,Manager,Female,29,2023-05-08,784,52900.0,EMP01785,False,Active
EMP02259,Sales,USA,Individual Contributor,,26,2020-12-05,1668,59400.0,EMP02355,False,Terminated
EMP02260,Engineering,USA,Senior IC,Female,26,2024-01-17,530,74600.0,EMP03319,True,Active
EMP02261,Customer Support,USA,Director,Male,31,2024-10-25,248,187900.0,,True,Active
EMP02262,Operations,Canada,Individual Contributor,Male,32,2018-11-25,2409,45700.0,EMP01116,True,Active
EMP02263,Engineering,Brazil,Team Lead,Female,22,2023-05-01,791,42300.0,EMP00859,True,Active
EMP02264,Sales,Canada,Manager,Male,42,2016-03-19,3390,92700.0,EMP00592,True,Active
EMP02265,Engineering,India,Individual Contributor,Female,33,2023-07-25,706,27400.0,EMP01986,False,Active
EMP02266,Sales,Germany,Team Lead,Female,29,2022-09-01,1033,87500.0,EMP02890,False,Active
EMP02267,Customer Support,Germany,Senior IC,Female,31,2024-02-22,494,76200.0,EMP00908,True,Active
EMP02268,Engineering,India,Manager,Female,27,2022-02-02,1244,53500.0,EMP03473,False,Active
EMP02269,Customer Support,Germany,Manager,Male,30,2023-04-23,799,105800.0,EMP01485,False,Active
EMP02270,Operations,Brazil,Manager,Female,25,2023-02-07,874,63200.0,EMP02711,False,Active
EMP02271,Customer Support,UAE,Individual Contributor,Male,22,2022-06-10,1116,42800.0,EMP01047,False,Active
EMP02272,Customer Support,UAE,Team Lead,Female,37,2023-07-12,719,72900.0,EMP00508,True,Active
EMP02273,Customer Support,USA,Senior Manager,,22,2022-03-03,1215,165800.0,EMP01785,False,Active
EMP02274,Operations,India,Senior IC,Female,27,2023-11-15,593,38200.0,EMP01919,True,Active
EMP02275,Operations,USA,Senior IC,Male,29,2022-04-16,1171,77800.0,EMP01668,False,Active
EMP02276,Sales,USA,Individual Contributor,Female,27,2024-12-09,203,59100.0,EMP01410,False,Active
EMP02277,Engineering,Brazil,Manager,Female,25,2024-08-30,304,50900.0,EMP02263,False,Active
EMP02278,Sales,India,Individual Contributor,Female,26,2024-02-29,487,25000.0,EMP02217,True,Active
EMP02279,Operations,Brazil,Individual Contributor,Male,26,2024-06-30,365,26500.0,EMP00559,True,Active
EMP02280,Customer Support,USA,Senior Manager,Male,27,2024-06-03,392,140200.0,EMP02321,True,Active
EMP02281,Engineering,Canada,Senior Manager,Female,28,2021-07-31,1430,114500.0,EMP01168,True,Active
EMP02282,Sales,Canada,Director,,26,2023-04-06,816,151100.0,,True,Active
EMP02283,Engineering,India,Senior IC,Male,21,2023-07-12,719,34900.0,EMP01742,True,Active
EMP02284,Customer Support,UAE,Individual Contributor,Male,36,2022-02-23,1223,39700.0,EMP00852,False,Active
EMP02285,Sales,USA,Senior IC,Male,30,2021-12-18,1290,80000.0,EMP00633,True,Active
EMP02286,Sales,Brazil,Individual Contributor,Female,27,2023-09-13,656,24700.0,EMP03361,False,Active
EMP02287,Operations,UAE,Manager,Male,28,2019-12-19,2020,85000.0,EMP02493,False,Active
EMP02288,Customer Support,UAE,Senior IC,Male,23,2023-03-01,852,55300.0,EMP00767,True,Active
EMP02289,Sales,UAE,Individual Contributor,Male,32,2021-04-28,1524,42400.0,EMP01751,False,Active
EMP02290,Sales,India,Individual Contributor,Female,25,2023-11-16,592,26800.0,EMP00464,False,Active
EMP02291,Operations,UAE,Individual Contributor,Male,30,2022-03-28,1190,50100.0,EMP02913,False,Active
EMP02292,Customer Support,Brazil,Manager,Female,24,2021-01-19,1623,49900.0,EMP02899,False,Active
EMP02293,Customer Support,USA,Team Lead,Male,35,2021-05-25,1497,85700.0,EMP02803,False,Active
EMP02294,Engineering,USA,Individual Contributor,Female,32,2021-08-26,1404,47500.0,EMP01596,False,Active
EMP02295,Sales,Brazil,Individual Contributor,Female,26,2023-12-09,569,27400.0,EMP00602,False,Active
EMP02296,Sales,India,Individual Contributor,Male,27,2024-07-15,350,26600.0,EMP01713,False,Active
EMP02297,Customer Support,India,Individual Contributor,Male,28,2024-08-20,314,28000.0,EMP01778,False,Active
EMP02298,Sales,Canada,Senior Manager,Female,21,2023-08-08,692,98000.0,EMP01113,False,Active
EMP02299,Sales,India,Senior IC,Male,33,2023-09-15,654,37300.0,EMP01317,False,Active
EMP02300,Customer Support,Germany,Individual Contributor,Male,30,2021-12-03,1305,46500.0,EMP00156,False,Active
EMP02301,Operations,Germany,Team Lead,Male,24,2022-09-30,1004,73900.0,EMP01817,False,Active
EMP02302,Customer Support,India,Individual Contributor,Male,21,2024-08-12,322,26500.0,EMP00679,False,Active
EMP02303,Engineering,Brazil,Individual Contributor,Female,33,2020-07-08,1818,30200.0,EMP02940,True,Active
EMP02304,Engineering,India,Senior IC,Female,28,2022-05-13,1144,35500.0,EMP02654,True,Active
EMP02305,Engineering,India,Individual Contributor,Male,28,2024-01-09,538,24100.0,EMP02100,False,Active
EMP02306,Engineering,Brazil,Senior IC,Female,26,2023-10-24,615,38700.0,EMP00796,False,Active
EMP02307,Engineering,Brazil,Manager,Male,27,2018-12-06,2398,53700.0,EMP02321,True,Active
EMP02308,Engineering,UAE,Senior Manager,Male,28,2024-06-30,365,117500.0,EMP03481,False,Active
EMP02309,Customer Support,USA,Individual Contributor,Male,31,2018-09-14,2481,59900.0,EMP02210,False,Active
EMP02310,Operations,Brazil,Senior IC,Female,27,2023-04-22,800,42200.0,EMP02730,False,Terminated
EMP02311,Operations,India,Individual Contributor,Male,36,2023-03-12,841,26400.0,EMP03158,False,Active
EMP02312,Sales,USA,Senior IC,Male,31,2022-02-18,1228,81500.0,EMP02973,True,Active
EMP02313,Engineering,Brazil,Individual Contributor,Female,29,2024-10-31,242,26400.0,EMP00593,True,Active
EMP02314,Sales,Brazil,Senior IC,Female,39,2022-05-16,1141,44600.0,EMP03063,True,Active
EMP02315,Engineering,India,Individual Contributor,Female,30,2021-02-10,1601,24200.0,EMP02662,False,Active
EMP02316,Sales,UAE,Senior Manager,Female,27,2023-08-22,678,93900.0,EMP02499,True,Active
EMP02317,Sales,Germany,Manager,Male,24,2022-11-27,946,110600.0,EMP00807,False,Terminated
EMP02318,Customer Support,USA,Individual Contributor,Male,32,2016-01-30,3439,52100.0,EMP01608,False,Active
EMP02319,Engineering,Germany,Team Lead,Female,21,2020-10-14,1720,82700.0,EMP03168,True,Active
EMP02320,Operations,Germany,Individual Contributor,Male,29,2024-03-31,456,46200.0,EMP03220,False,Active
EMP02321,Sales,Brazil,Team Lead,Female,21,2023-09-23,646,55600.0,EMP00427,False,Active
EMP02322,Sales,UAE,Individual Contributor,Female,30,2023-05-11,781,52200.0,EMP01477,False,Active
EMP02323,Engineering,Brazil,Individual Contributor,Female,29,2020-08-02,1793,32400.0,EMP02106,False,Active
EMP02324,Sales,USA,Team Lead,Male,26,2024-04-02,454,90300.0,EMP00357,True,Active
EMP02325,Sales,Germany,Senior IC,Male,28,2021-05-22,1500,73600.0,EMP00880,True,Active
EMP02326,Operations,USA,Senior IC,Male,34,2021-05-15,1507,74400.0,EMP02064,False,Active
EMP02327,Sales,Brazil,Senior IC,Male,32,2022-10-14,990,42500.0,EMP02277,True,Active
EMP02328,Sales,USA,Individual Contributor,Female,29,2020-06-22,1834,53400.0,EMP00394,False,Active
EMP02329,Engineering,India,Individual Contributor,Male,22,2024-02-22,494,29700.0,EMP01461,True,Active
EMP02330,Engineering,UAE,Senior IC,Female,34,2019-10-17,2083,59500.0,EMP02273,False,Active
EMP02331,Customer Support,Brazil,Senior IC,Female,21,2024-12-19,193,37900.0,EMP03473,False,Active
EMP02332,Engineering,Germany,Individual Contributor,Male,21,2024-04-04,452,48500.0,EMP03498,False,Active
EMP02333,Operations,Germany,Individual Contributor,Female,27,2024-12-14,198,51200.0,EMP01086,True,Active
EMP02334,Sales,India,Senior IC,Female,31,2024-01-29,518,34600.0,EMP02355,False,Active
EMP02335,Engineering,India,Senior IC,Female,27,2021-04-26,1526,37100.0,EMP01922,False,Active
EMP02336,Customer Support,USA,Manager,Female,30,2022-01-11,1266,105000.0,EMP00751,False,Active
EMP02337,Operations,UAE,Senior IC,Male,26,2022-05-24,1133,65700.0,EMP01773,False,Active
EMP02338,Engineering,India,Senior IC,Female,29,2024-02-05,511,40100.0,EMP00507,False,Active
EMP02339,Engineering,India,Senior IC,Male,31,2022-12-09,934,36000.0,EMP00442,False,Active
EMP02340,Sales,USA,Individual Contributor,Non-binary,29,2019-10-04,2096,65000.0,EMP01253,False,Active
EMP02341,Sales,Germany,Individual Contributor,Male,22,2024-01-18,529,54900.0,EMP00943,False,Active
EMP02342,Sales,Germany,Individual Contributor,Female,21,2023-12-28,550,59000.0,EMP00541,False,Active
EMP02343,Customer Support,USA,Manager,Male,30,2023-12-09,569,108700.0,EMP00178,False,Active
EMP02344,Sales,India,Individual Contributor,Female,23,2022-07-05,1091,22900.0,EMP01986,True,Active
EMP02345,Customer Support,India,Senior IC,Female,30,2021-07-27,1434,33700.0,EMP00016,True,Terminated
EMP02346,Sales,Canada,Senior IC,Male,32,2020-12-10,1663,61900.0,EMP02719,False,Active
EMP02347,Operations,Canada,Individual Contributor,Female,25,2023-05-13,779,44300.0,EMP00261,False,Active
EMP02348,Operations,USA,Manager,Male,26,2023-07-07,724,90100.0,EMP02281,True,Active
EMP02349,Sales,USA,Team Lead,Female,30,2023-10-16,623,97100.0,EMP00552,False,Terminated
EMP02350,Sales,UAE,Individual Contributor,Male,25,2021-09-27,1372,38800.0,EMP02146,True,Active
EMP02351,Sales,Canada,Team Lead,Male,22,2024-10-22,251,83800.0,EMP00527,False,Active
EMP02352,Operations,UAE,Senior IC,Non-binary,26,2023-02-21,860,72500.0,EMP01502,False,Active
EMP02353,Sales,USA,Individual Contributor,Female,32,2023-02-17,864,51800.0,EMP02287,False,Active
EMP02354,Engineering,USA,Team Lead,Female,35,2021-05-01,1521,92500.0,EMP00616,False,Active
EMP02355,Engineering,USA,Team Lead,Male,25,2024-08-09,325,86800.0,EMP00493,False,Active
EMP02356,Customer Support,UAE,Individual Contributor,Male,26,2021-02-09,1602,48600.0,EMP02227,False,Active
EMP02357,Engineering,India,Director,Female,32,2021-11-23,1315,74600.0,,False,Active
EMP02358,Engineering,India,Senior IC,Female,26,2017-06-01,2951,35400.0,EMP01450,False,Active
EMP02359,Operations,India,Senior IC,Male,33,2018-05-21,2597,39000.0,EMP00457,False,Active
EMP02360,Sales,USA,Individual Contributor,Male,30,2020-01-09,1999,55000.0,EMP01064,True,Active
EMP02361,Operations,India,Individual Contributor,Male,30,2025-02-08,142,23000.0,EMP00774,True,Active
EMP02362,Sales,USA,Senior IC,Male,31,2024-07-10,355,82200.0,EMP02282,True,Active
EMP02363,Engineering,India,Senior IC,Female,26,2020-06-17,1839,32000.0,EMP01052,True,Active
EMP02364,Operations,Brazil,Senior IC,Female,27,2023-03-09,844,39200.0,EMP01318,True,Active
EMP02365,Customer Support,Brazil,Team Lead,Male,29,2018-05-23,2595,49000.0,EMP00943,True,Active
EMP02366,Customer Support,Germany,Individual Contributor,Male,26,2022-09-27,1007,50900.0,EMP00607,False,Active
EMP02367,Sales,UAE,Team Lead,,31,2021-06-06,1485,89100.0,EMP02833,True,Active
EMP02368,Engineering,Brazil,Manager,Male,27,2021-08-16,1414,60300.0,EMP01679,True,Active
EMP02369,Engineering,USA,Team Lead,Female,28,2022-10-16,988,88200.0,EMP01991,True,Active
EMP02370,Engineering,USA,Team Lead,Female,33,2020-05-28,1859,94000.0,EMP01012,True,Active
EMP02371,Engineering,India,Manager,Male,35,2021-03-18,1565,53100.0,EMP00317,False,Active
EMP02372,Engineering,Germany,Individual Contributor,Female,27,2024-06-09,386,50600.0,EMP02560,False,Active
EMP02373,Engineering,USA,Team Lead,Female,35,2015-09-03,3588,91400.0,EMP02514,False,Active
EMP02374,Sales,USA,Senior Manager,Male,21,2024-07-10,355,131000.0,EMP00157,False,Active
EMP02375,Engineering,USA,Senior IC,Female,32,2023-12-30,548,76000.0,EMP03101,False,Active
EMP02376,Sales,India,Individual Contributor,Female,31,2021-06-23,1468,25300.0,EMP02987,False,Active
EMP02377,Operations,India,Director,Male,29,2021-12-21,1287,70000.0,,True,Active
EMP02378,Customer Support,USA,Individual Contributor,Female,29,2020-12-18,1655,60200.0,EMP01585,True,Active
EMP02379,Sales,Brazil,Individual Contributor,Male,28,2023-03-30,823,27500.0,EMP02409,False,Active
EMP02380,Customer Support,Germany,Individual Contributor,Female,31,2021-10-16,1353,51000.0,EMP00067,False,Active
EMP02381,Operations,Germany,Senior IC,Female,30,2023-11-29,579,64100.0,EMP02074,False,Active
EMP02382,Sales,USA,Individual Contributor,Male,34,2022-09-27,1007,52000.0,EMP00495,True,Active
EMP02383,Sales,UAE,Senior IC,Female,32,2018-12-08,2396,56600.0,EMP03181,False,Active
EMP02384,Sales,Canada,Senior Manager,Male,32,2024-07-12,353,127000.0,EMP03297,False,Active
EMP02385,Sales,India,Senior IC,Male,34,2020-03-13,1935,39200.0,EMP00556,False,Active
EMP02386,Customer Support,USA,Senior IC,Male,27,2023-02-12,869,74900.0,EMP01857,False,Active
EMP02387,Operations,USA,Manager,Female,21,2024-03-06,481,104600.0,EMP02056,True,Active
EMP02388,Sales,USA,Manager,Female,26,2024-02-07,509,94500.0,EMP02668,False,Active
EMP02389,Customer Support,UAE,Individual Contributor,Male,33,2023-03-03,850,48500.0,EMP01711,True,Active
EMP02390,Sales,USA,Individual Contributor,Female,27,2020-01-13,1995,52200.0,EMP03088,True,Active
EMP02391,Customer Support,Canada,Senior IC,Male,29,2021-10-22,1347,59200.0,EMP01217,False,Active
EMP02392,Customer Support,India,Manager,Male,26,2024-08-07,327,52400.0,EMP01116,False,Active
EMP02393,Engineering,India,Senior IC,Female,33,2020-05-17,1870,34800.0,EMP02541,True,Active
EMP02394,Sales,UAE,Individual Contributor,Female,28,2020-12-04,1669,40100.0,EMP01893,False,Active
EMP02395,Customer Support,USA,Team Lead,Male,22,2024-12-16,196,79800.0,EMP00287,False,Active
EMP02396,Operations,Brazil,Team Lead,Male,28,2024-03-25,462,48100.0,EMP02264,True,Active
EMP02397,Sales,USA,Senior IC,Female,27,2019-08-30,2131,70800.0,EMP00988,True,Active
EMP02398,Sales,UAE,Manager,Male,21,2022-10-12,992,93900.0,EMP02941,False,Active
EMP02399,Sales,India,Team Lead,Male,37,2020-05-24,1863,43400.0,EMP02927,True,Active
EMP02400,Engineering,USA,Team Lead,Female,28,2025-03-22,100,97200.0,EMP01451,False,Active
EMP02401,Customer Support,UAE,Team Lead,,32,2025-05-04,57,69200.0,EMP02987,True,Active
EMP02402,Customer Support,USA,Team Lead,Male,32,2021-04-13,1539,91400.0,EMP03321,False,Active
EMP02403,Customer Support,USA,Senior IC,Male,29,2023-10-13,626,78600.0,EMP02541,False,Active
EMP02404,Operations,UAE,Senior IC,Male,30,2021-02-13,1598,58700.0,EMP02109,True,Active
EMP02405,Customer Support,India,Team Lead,Female,29,2020-05-08,1879,46800.0,EMP03261,False,Terminated
EMP02406,Sales,Canada,Senior IC,Male,28,2023-10-04,635,56300.0,EMP03066,False,Active
EMP02407,Engineering,India,Senior IC,Male,25,2022-12-18,925,33400.0,EMP01668,False,Active
EMP02408,Sales,India,Individual Contributor,Male,22,2023-05-14,778,22800.0,EMP00296,False,Active
EMP02409,Engineering,Germany,Team Lead,Female,25,2023-10-12,627,77100.0,EMP02077,False,Active
EMP02410,Operations,USA,Senior IC,Female,33,2022-04-26,1161,73800.0,EMP01596,True,Active
EMP02411,Customer Support,Canada,Individual Contributor,Male,24,2020-09-11,1753,51200.0,EMP01274,False,Active
EMP02412,Operations,USA,Individual Contributor,Female,21,2023-12-26,552,54500.0,EMP00632,True,Active
EMP02413,Engineering,India,Individual Contributor,Female,28,2023-12-28,550,25100.0,EMP02490,True,Active
EMP02414,Engineering,USA,Senior Manager,Male,25,2023-09-29,640,118900.0,EMP03198,True,Active
EMP02415,Engineering,USA,Manager,Female,30,2021-06-21,1470,98600.0,EMP02073,False,Active
EMP02416,Sales,India,Senior IC,Male,34,2020-05-17,1870,36600.0,EMP00832,False,Active
EMP02417,Sales,UAE,Individual Contributor,Male,28,2023-05-24,768,48800.0,EMP00002,False,Active
EMP02418,Engineering,Brazil,Team Lead,Male,22,2025-01-30,151,45200.0,EMP02481,False,Active
EMP02419,Sales,UAE,Senior IC,Female,31,2024-05-13,413,67700.0,EMP00577,False,Active
EMP02420,Operations,Germany,Director,Male,29,2023-06-28,733,145500.0,,True,Active
EMP02421,Sales,India,Individual Contributor,Male,26,2024-02-22,494,25600.0,EMP00684,True,Active
EMP02422,Sales,USA,Individual Contributor,Male,25,2024-08-10,324,53800.0,EMP00712,False,Active
EMP02423,Customer Support,Brazil,Senior IC,Female,29,2022-09-08,1026,43800.0,EMP01192,True,Terminated
EMP02424,Sales,Germany,Individual Contributor,Female,35,2014-02-14,4154,50900.0,EMP01116,True,Active
EMP02425,Operations,India,Senior IC,Male,21,2024-04-18,438,30600.0,EMP00684,True,Active
EMP02426,Customer Support,USA,Team Lead,Female,31,2022-04-19,1168,96500.0,EMP02714,False,Active
EMP02427,Sales,UAE,Individual Contributor,Male,31,2021-08-08,1422,52300.0,EMP02894,False,Active
EMP02428,Customer Support,UAE,Senior IC,Female,21,2021-05-22,1500,60500.0,EMP00904,False,Active
EMP02429,Customer Support,UAE,Team Lead,Female,29,2022-11-27,946,68800.0,EMP01288,False,Active
EMP02430,Customer Support,USA,Manager,Male,32,2024-07-25,340,116800.0,EMP02852,False,Active
EMP02431,Operations,Canada,Senior IC,Male,25,2020-09-18,1746,75200.0,EMP03330,False,Active
EMP02432,Customer Support,USA,Individual Contributor,Male,25,2024-11-14,228,58900.0,EMP02746,False,Active
EMP02433,Customer Support,Germany,Senior IC,Male,26,2023-02-06,875,59400.0,EMP01927,False,Active
EMP02434,Engineering,USA,Senior IC,Male,33,2023-04-12,810,79300.0,EMP03480,True,Active
EMP02435,Customer Support,USA,Team Lead,Non-binary,30,2024-06-29,366,92600.0,EMP02535,False,Active
EMP02436,Operations,India,Senior IC,Female,23,2023-09-29,640,33000.0,EMP02367,False,Active
EMP02437,Customer Support,USA,Individual Contributor,Female,30,2021-06-25,1466,60900.0,EMP00113,True,Active
EMP02438,Customer Support,Germany,Team Lead,Female,36,2023-02-06,875,84800.0,EMP02226,False,Active
EMP02439,Engineering,India,Senior IC,Male,23,2024-10-03,270,39500.0,EMP01011,False,Active
EMP02440,Customer Support,UAE,Individual Contributor,Female,29,2021-02-03,1608,41700.0,EMP02078,False,Active
EMP02441,Operations,Brazil,Senior IC,Male,34,2017-07-26,2896,40200.0,EMP01997,True,Terminated
EMP02442,Sales,India,Senior Manager,Female,23,2024-08-25,309,60300.0,EMP00400,True,Active
EMP02443,Sales,USA,Team Lead,Male,34,2022-12-13,930,91500.0,EMP01585,False,Active
EMP02444,Engineering,UAE,Individual Contributor,Male,25,2022-11-18,955,51000.0,EMP01790,False,Active
EMP02445,Engineering,USA,Team Lead,Male,21,2024-09-02,301,79500.0,EMP00157,True,Active
EMP02446,Engineering,USA,Individual Contributor,Male,28,2019-07-14,2178,49200.0,EMP02983,False,Active
EMP02447,Sales,USA,Senior IC,Female,30,2022-11-03,970,80500.0,EMP03280,False,Terminated
EMP02448,Engineering,Brazil,Senior IC,Male,26,2020-08-09,1786,39000.0,EMP00078,True,Active
EMP02449,Customer Support,Germany,Individual Contributor,Female,29,2022-02-26,1220,55100.0,EMP00442,True,Active
EMP02450,Customer Support,India,Individual Contributor,Male,33,2019-09-04,2126,24700.0,EMP00472,True,Active
EMP02451,Customer Support,Germany,Senior Manager,Female,23,2022-03-11,1207,124400.0,EMP01526,True,Active
EMP02452,Customer Support,India,Individual Contributor,Female,24,2023-08-04,696,27900.0,EMP02077,False,Active
EMP02453,Customer Support,India,Manager,Female,30,2021-09-08,1391,53100.0,EMP00859,True,Active
EMP02454,Customer Support,USA,Team Lead,Male,29,2024-02-11,505,76900.0,EMP02964,False,Active
EMP02455,Customer Support,Germany,Senior IC,Male,26,2021-06-06,1485,83700.0,EMP01086,False,Active
EMP02456,Engineering,India,Individual Contributor,Female,26,2024-04-19,437,26800.0,EMP01070,False,Active
EMP02457,Customer Support,India,Individual Contributor,Female,26,2023-01-06,906,23600.0,EMP02037,True,Active
EMP02458,Sales,USA,Individual Contributor,Female,30,2023-05-13,779,56600.0,EMP03060,False,Active
EMP02459,Sales,Brazil,Senior IC,Male,30,2022-05-09,1148,40300.0,EMP00892,True,Active
EMP02460,Engineering,Germany,Director,Male,29,2019-01-20,2353,170000.0,,False,Active
EMP02461,Operations,USA,Manager,Female,28,2023-10-17,622,117400.0,EMP01191,True,Active
EMP02462,Customer Support,USA,Individual Contributor,Male,28,2020-10-23,1711,54300.0,EMP01605,False,Active
EMP02463,Sales,India,Individual Contributor,Male,32,2019-07-21,2171,22800.0,EMP01485,False,Active
EMP02464,Customer Support,Germany,Individual Contributor,Male,31,2020-11-27,1676,52300.0,EMP03330,False,Active
EMP02465,Sales,Brazil,Director,Male,37,2022-05-15,1142,78200.0,,False,Active
EMP02466,Customer Support,USA,Individual Contributor,Male,26,2022-06-24,1102,60600.0,EMP01445,False,Active
EMP02467,Operations,Brazil,Individual Contributor,Male,26,2023-11-16,592,27100.0,EMP00911,False,Active
EMP02468,Customer Support,Germany,Senior IC,Female,23,2024-11-10,232,71700.0,EMP02075,True,Active
EMP02469,Customer Support,India,Senior IC,Female,23,2022-10-08,996,33900.0,EMP02713,False,Active
EMP02470,Engineering,UAE,Individual Contributor,Female,29,2019-03-19,2295,43800.0,EMP03271,True,Active
EMP02471,Engineering,Germany,Team Lead,Female,34,2018-08-23,2503,76700.0,EMP01510,False,Active
EMP02472,Operations,USA,Individual Contributor,Female,28,2024-09-21,282,58400.0,EMP00953,False,Terminated
EMP02473,Customer Support,India,Individual Contributor,Male,32,2018-10-11,2454,25100.0,EMP03360,False,Active
EMP02474,Engineering,Canada,Individual Contributor,Male,27,2021-07-26,1435,51000.0,EMP00332,True,Active
EMP02475,Engineering,Canada,Individual Contributor,Female,26,2021-11-12,1326,45700.0,EMP00491,False,Active
EMP02476,Sales,USA,Director,Female,27,2019-03-30,2284,169300.0,,True,Active
EMP02477,Sales,Brazil,Senior IC,Male,27,2020-05-14,1873,39100.0,EMP03101,False,Active
EMP02478,Sales,Germany,Team Lead,,21,2024-04-25,431,82900.0,EMP01945,False,Active
EMP02479,Engineering,USA,Individual Contributor,Female,31,2024-01-09,538,51100.0,EMP01154,True,Active
EMP02480,Operations,Brazil,Team Lead,Male,32,2024-12-08,204,49400.0,EMP03367,True,Active
EMP02481,Engineering,India,Senior Manager,,21,2021-12-23,1285,63500.0,EMP03344,False,Active
EMP02482,Sales,India,Individual Contributor,,27,2024-03-11,476,27500.0,EMP03037,True,Active
EMP02483,Sales,UAE,Director,Male,27,2023-08-24,676,142300.0,,False,Active
EMP02484,Engineering,Germany,Senior IC,,31,2019-09-21,2109,71500.0,EMP02061,False,Active
EMP02485,Customer Support,Brazil,Team Lead,Female,26,2021-08-25,1405,45300.0,EMP01297,False,Active
EMP02486,Engineering,Germany,Individual Contributor,Male,33,2021-07-30,1431,47200.0,EMP01628,False,Active
EMP02487,Customer Support,USA,Senior IC,Male,36,2015-10-18,3543,77300.0,EMP01881,False,Active
EMP02488,Customer Support,Germany,Senior IC,Female,29,2025-05-28,33,65600.0,EMP01673,False,Active
EMP02489,Sales,Canada,Senior Manager,Male,23,2024-02-17,499,131800.0,EMP03027,False,Terminated
EMP02490,Customer Support,India,Manager,Female,21,2023-05-16,776,52500.0,EMP00602,False,Active
EMP02491,Operations,USA,Individual Contributor,Male,28,2024-01-20,527,49100.0,EMP00296,True,Active
EMP02492,Engineering,Brazil,Senior Manager,Female,26,2020-08-19,1776,67500.0,EMP01558,False,Active
EMP02493,Sales,Canada,Manager,Female,31,2023-03-06,847,87400.0,EMP00743,False,Active
EMP02494,Operations,Canada,Senior IC,Female,21,2024-06-04,391,70600.0,EMP02877,False,Active
EMP02495,Operations,India,Individual Contributor,Male,26,2022-03-09,1209,28000.0,EMP02971,False,Active
EMP02496,Engineering,Germany,Individual Contributor,Female,26,2021-10-16,1353,50200.0,EMP03464,False,Active
EMP02497,Engineering,India,Individual Contributor,Male,24,2024-05-06,420,27000.0,EMP01345,True,Active
EMP02498,Sales,UAE,Individual Contributor,Female,28,2023-02-03,878,45300.0,EMP03350,False,Active
EMP02499,Customer Support,UAE,Director,Male,30,2021-09-23,1376,152300.0,,False,Active
EMP02500,Engineering,UAE,Individual Contributor,Male,33,2019-07-05,2187,47500.0,EMP03356,False,Active
EMP02501,Sales,India,Team Lead,Female,29,2023-12-05,573,45300.0,EMP00880,False,Active
EMP02502,Customer Support,USA,Senior IC,Male,28,2021-06-10,1481,73600.0,EMP00071,False,Active
EMP02503,Operations,India,Senior IC,Male,35,2023-09-25,644,33900.0,EMP02890,False,Active
EMP02504,Operations,USA,Individual Contributor,Male,33,2022-08-09,1056,58100.0,EMP01794,True,Active
EMP02505,Sales,USA,Senior IC,Female,24,2024-04-02,454,84000.0,EMP01433,True,Active
EMP02506,Sales,India,Senior IC,Male,28,2021-07-10,1451,38900.0,EMP00710,False,Active
EMP02507,Operations,India,Senior IC,Male,29,2020-02-27,1950,40300.0,EMP01438,True,Active
EMP02508,Operations,UAE,Individual Contributor,Female,28,2023-01-05,907,46200.0,EMP02142,True,Active
EMP02509,Engineering,UAE,Team Lead,Male,23,2023-03-30,823,68300.0,EMP00528,False,Active
EMP02510,Customer Support,UAE,Individual Contributor,Female,23,2023-05-27,765,42400.0,EMP03300,True,Active
EMP02511,Engineering,Brazil,Senior IC,Female,21,2024-07-13,352,43300.0,EMP02517,True,Active
EMP02512,Engineering,Brazil,Senior IC,Male,27,2020-12-25,1648,33200.0,EMP03074,False,Active
EMP02513,Sales,USA,Individual Contributor,Non-binary,35,2019-08-11,2150,61800.0,EMP00153,True,Active
EMP02514,Sales,India,Manager,Female,25,2023-12-31,547,49000.0,EMP03037,True,Active
EMP02515,Sales,USA,Individual Contributor,Female,27,2022-04-28,1159,63700.0,EMP03036,True,Active
EMP02516,Operations,USA,Senior Manager,Female,30,2021-08-06,1424,134900.0,EMP01274,False,Active
EMP02517,Sales,USA,Manager,Male,22,2023-10-04,635,115600.0,EMP01986,False,Active
EMP02518,Sales,UAE,Individual Contributor,Female,31,2018-08-29,2497,54300.0,EMP01749,True,Active
EMP02519,Engineering,Brazil,Individual Contributor,Female,31,2022-04-13,1174,28000.0,EMP02894,False,Terminated
EMP02520,Sales,Canada,Individual Contributor,Female,26,2024-09-21,282,46700.0,EMP00992,True,Active
EMP02521,Sales,Canada,Senior Manager,Male,34,2019-12-21,2018,111400.0,EMP03223,False,Active
EMP02522,Engineering,Canada,Senior IC,Female,32,2022-12-09,934,59800.0,EMP01927,True,Active
EMP02523,Engineering,USA,Individual Contributor,Male,29,2023-07-08,723,53700.0,EMP00001,False,Active
EMP02524,Customer Support,UAE,Senior IC,Female,26,2021-03-17,1566,59000.0,EMP01055,False,Active
EMP02525,Operations,UAE,Individual Contributor,Female,25,2023-09-17,652,41000.0,EMP00527,False,Active
EMP02526,Sales,UAE,Senior IC,Female,39,2018-12-08,2396,60700.0,EMP02821,True,Active
EMP02527,Operations,USA,Senior IC,Female,31,2019-11-04,2065,77400.0,EMP01418,False,Active
EMP02528,Operations,USA,Individual Contributor,Male,32,2018-05-09,2609,51200.0,EMP01597,True,Active
EMP02529,Operations,Canada,Manager,Female,30,2016-02-19,3419,93800.0,EMP01233,False,Active
EMP02530,Customer Support,USA,Individual Contributor,Female,28,2021-08-21,1409,61400.0,EMP02430,False,Active
EMP02531,Customer Support,Germany,Senior IC,Female,30,2022-10-06,998,60500.0,EMP03483,False,Active
EMP02532,Customer Support,India,Senior IC,Female,26,2023-10-07,632,41300.0,EMP03061,False,Active
EMP02533,Customer Support,USA,Senior Manager,Female,27,2021-05-19,1503,128400.0,EMP03466,False,Active
EMP02534,Sales,USA,Senior IC,Female,33,2016-04-19,3359,76000.0,EMP01050,False,Active
EMP02535,Operations,Canada,Senior Manager,Female,30,2024-07-10,355,130100.0,EMP02307,True,Active
EMP02536,Customer Support,UAE,Individual Contributor,Male,31,2022-02-02,1244,51400.0,EMP02175,False,Active
EMP02537,Customer Support,Canada,Manager,Male,27,2024-09-25,278,98600.0,EMP01054,False,Active
EMP02538,Engineering,Germany,Individual Contributor,Male,27,2024-10-06,267,47600.0,EMP02955,False,Active
EMP02539,Sales,USA,Team Lead,Female,26,2019-06-25,2197,84100.0,EMP03223,False,Active
EMP02540,Engineering,Germany,Individual Contributor,Non-binary,31,2020-02-06,1971,48100.0,EMP03319,False,Active
EMP02541,Engineering,India,Director,Non-binary,30,2023-11-02,606,95000.0,,False,Active
EMP02542,Engineering,USA,Senior Manager,Male,25,2024-05-13,413,131500.0,EMP00594,True,Active
EMP02543,Engineering,Brazil,Senior IC,Female,36,2018-03-04,2675,40000.0,EMP00544,False,Active
EMP02544,Sales,Canada,Senior IC,Male,28,2024-04-16,440,59600.0,EMP02373,False,Active
EMP02545,Engineering,India,Senior IC,Male,29,2024-08-06,328,32400.0,EMP02533,True,Active
EMP02546,Engineering,Germany,Individual Contributor,Male,26,2024-04-03,453,50500.0,EMP01502,True,Active
EMP02547,Operations,Germany,Team Lead,Male,32,2021-11-03,1335,79800.0,EMP00596,False,Active
EMP02548,Sales,USA,Team Lead,Male,29,2015-04-22,3722,87900.0,EMP01006,True,Active
EMP02549,Engineering,USA,Senior IC,Non-binary,26,2023-09-29,640,65900.0,EMP00482,False,Active
EMP02550,Sales,India,Individual Contributor,Female,33,2019-07-13,2179,26200.0,EMP00577,False,Active
EMP02551,Engineering,Germany,Senior Manager,Female,29,2022-07-03,1093,139300.0,EMP00658,False,Active
EMP02552,Engineering,India,Individual Contributor,Male,29,2025-01-28,153,24600.0,EMP02028,False,Active
EMP02553,Customer Support,UAE,Senior IC,Female,26,2023-09-13,656,66200.0,EMP01790,False,Active
EMP02554,Operations,USA,Individual Contributor,Female,28,2020-01-23,1985,39900.0,EMP01172,False,Active
EMP02555,Sales,USA,Individual Contributor,Female,23,2020-04-02,1915,51700.0,EMP01881,False,Active
EMP02556,Customer Support,USA,Individual Contributor,Female,25,2023-11-26,582,46800.0,EMP02321,True,Active
EMP02557,Sales,USA,Individual Contributor,Female,31,2020-12-30,1643,60700.0,EMP00363,True,Active
EMP02558,Sales,India,Senior IC,Male,30,2022-12-24,919,38300.0,EMP00990,False,Active
EMP02559,Engineering,UAE,Senior IC,Female,22,2021-12-08,1300,56600.0,EMP00712,False,Active
EMP02560,Sales,Canada,Team Lead,Male,35,2019-04-24,2259,79800.0,EMP00001,True,Active
EMP02561,Customer Support,India,Team Lead,Female,22,2023-11-06,602,47000.0,EMP00430,False,Active
EMP02562,Customer Support,Germany,Individual Contributor,Male,26,2023-06-12,749,55900.0,EMP02666,True,Active
EMP02563,Customer Support,USA,Individual Contributor,Male,28,2019-03-28,2286,53400.0,EMP03072,True,Active
EMP02564,Engineering,Germany,Senior IC,Male,36,2015-12-24,3476,56200.0,EMP00592,False,Active
EMP02565,Customer Support,Germany,Senior IC,Female,30,2020-07-01,1825,63300.0,EMP02666,False,Active
EMP02566,Engineering,UAE,Senior IC,Female,31,2022-02-02,1244,65500.0,EMP00905,False,Active
EMP02567,Sales,India,Individual Contributor,Male,37,2020-07-12,1814,30800.0,EMP00515,False,Active
EMP02568,Sales,USA,Manager,Male,28,2023-09-16,653,108800.0,EMP00834,False,Active
EMP02569,Customer Support,Germany,Individual Contributor,Female,25,2022-08-17,1048,48000.0,EMP03223,True,Active
EMP02570,Operations,USA,Senior IC,Male,27,2024-10-09,264,89100.0,EMP01202,False,Active
EMP02571,Sales,Canada,Individual Contributor,Male,34,2023-09-04,665,49600.0,EMP02589,False,Active
EMP02572,Engineering,USA,Senior IC,Female,31,2021-10-13,1356,67400.0,EMP01683,False,Active
EMP02573,Customer Support,USA,Individual Contributor,Male,31,2022-04-28,1159,54700.0,EMP01502,False,Active
EMP02574,Operations,USA,Team Lead,Female,21,2025-03-19,103,96900.0,EMP02833,False,Active
EMP02575,Engineering,UAE,Individual Contributor,Female,28,2023-03-14,839,45300.0,EMP03474,False,Active
EMP02576,Customer Support,India,Senior IC,Male,27,2022-05-14,1143,38000.0,EMP02264,True,Active
EMP02577,Customer Support,India,Individual Contributor,Male,25,2022-04-13,1174,23000.0,EMP02977,False,Active
EMP02578,Operations,Germany,Team Lead,Male,25,2024-08-12,322,72500.0,EMP00541,True,Active
EMP02579,Sales,USA,Individual Contributor,Male,29,2020-12-09,1664,52000.0,EMP03158,False,Active
EMP02580,Operations,UAE,Individual Contributor,Non-binary,31,2016-10-28,3167,44600.0,EMP00645,False,Active
EMP02581,Sales,USA,Team Lead,Female,30,2020-07-26,1800,92100.0,EMP00667,False,Active
EMP02582,Operations,USA,Individual Contributor,Female,27,2022-08-16,1049,58000.0,EMP02964,False,Active
EMP02583,Sales,India,Individual Contributor,Female,35,2018-01-21,2717,31600.0,EMP01679,False,Active
EMP02584,Sales,USA,Manager,Male,27,2023-09-15,654,102800.0,EMP00899,False,Active
EMP02585,Sales,USA,Manager,Male,30,2021-05-02,1520,106500.0,EMP00094,False,Active
EMP02586,Engineering,UAE,Manager,Male,31,2022-11-04,969,85100.0,EMP00778,False,Active
EMP02587,Engineering,India,Individual Contributor,Female,34,2018-01-02,2736,28700.0,EMP02888,False,Active
EMP02588,Sales,USA,Senior IC,Female,26,2024-03-18,469,81500.0,EMP00012,False,Active
EMP02589,Engineering,Germany,Team Lead,Male,21,2024-03-19,468,79000.0,EMP03224,False,Active
EMP02590,Engineering,Brazil,Individual Contributor,,33,2019-02-21,2321,33600.0,EMP02687,True,Active
EMP02591,Customer Support,USA,Team Lead,Female,25,2021-07-15,1446,84600.0,EMP00725,False,Active
EMP02592,Operations,USA,Individual Contributor,Male,31,2018-10-21,2444,59700.0,EMP02584,False,Active
EMP02593,Customer Support,India,Senior Manager,Male,27,2024-02-08,508,72500.0,EMP01809,False,Active
EMP02594,Sales,India,Senior IC,Male,31,2023-11-19,589,31900.0,EMP01224,False,Active
EMP02595,Sales,Canada,Senior IC,Female,35,2021-12-31,1277,68000.0,EMP01767,False,Active
EMP02596,Operations,Germany,Senior IC,Male,22,2024-09-28,275,53400.0,EMP00022,True,Active
EMP02597,Sales,USA,Individual Contributor,Female,23,2022-03-03,1215,58800.0,EMP03086,False,Active
EMP02598,Engineering,India,Individual Contributor,Female,28,2023-06-21,740,24100.0,EMP02726,False,Active
EMP02599,Operations,India,Team Lead,Male,28,2022-11-08,965,44800.0,EMP00632,True,Active
EMP02600,Operations,USA,Senior IC,Female,24,2020-12-16,1657,79300.0,EMP00368,True,Active
EMP02601,Engineering,India,Senior IC,,29,2020-10-19,1715,39000.0,EMP01461,False,Active
EMP02602,Customer Support,USA,Individual Contributor,Female,35,2017-02-07,3065,59100.0,EMP01575,True,Active
EMP02603,Engineering,UAE,Team Lead,Female,25,2019-10-07,2093,74400.0,EMP02678,False,Active
EMP02604,Customer Support,UAE,Individual Contributor,Male,21,2025-01-23,158,44200.0,EMP02939,False,Active
EMP02605,Sales,Germany,Individual Contributor,Female,23,2024-02-14,502,50100.0,EMP00236,True,Active
EMP02606,Sales,Canada,Senior Manager,Male,25,2024-01-08,539,107500.0,EMP00870,False,Active
EMP02607,Customer Support,Canada,Senior IC,Male,33,2020-02-23,1954,63900.0,EMP02032,True,Active
EMP02608,Sales,USA,Senior IC,Female,31,2017-11-12,2787,73000.0,EMP01324,False,Active
EMP02609,Customer Support,Germany,Director,Male,26,2024-07-02,363,147600.0,,False,Active
EMP02610,Engineering,India,Individual Contributor,Female,39,2020-01-21,1987,22700.0,EMP02292,False,Active
EMP02611,Operations,USA,Senior Manager,Female,24,2022-08-15,1050,121800.0,EMP01125,False,Active
EMP02612,Customer Support,Germany,Team Lead,Female,24,2022-11-29,944,61300.0,EMP02351,False,Active
EMP02613,Engineering,USA,Senior IC,Female,29,2023-09-23,646,72900.0,EMP01487,False,Active
EMP02614,Customer Support,Canada,Individual Contributor,Female,31,2023-03-05,848,49400.0,EMP01593,False,Active
EMP02615,Sales,Germany,Individual Contributor,Female,29,2022-02-27,1219,39600.0,EMP02485,False,Active
EMP02616,Engineering,Brazil,Senior IC,Male,34,2023-07-23,708,39700.0,EMP01494,False,Active
EMP02617,Sales,Germany,Individual Contributor,Male,30,2021-09-02,1397,49900.0,EMP02418,True,Active
EMP02618,Operations,USA,Individual Contributor,Male,21,2022-11-26,947,50000.0,EMP01450,False,Active
EMP02619,Operations,UAE,Senior IC,Male,27,2023-02-10,871,59600.0,EMP02061,False,Active
EMP02620,Operations,USA,Team Lead,Male,27,2021-03-02,1581,97200.0,EMP01684,False,Active
EMP02621,Operations,USA,Individual Contributor,Female,34,2021-12-06,1302,50900.0,EMP01999,False,Active
EMP02622,Operations,Germany,Team Lead,Male,29,2025-03-12,110,82400.0,EMP01222,False,Active
EMP02623,Sales,Brazil,Senior Manager,Female,22,2021-07-22,1439,72800.0,EMP00442,False,Active
EMP02624,Operations,Germany,Team Lead,Male,33,2022-01-25,1252,76500.0,EMP00916,False,Active
EMP02625,Engineering,USA,Team Lead,Male,34,2019-07-10,2182,96900.0,EMP01253,False,Active
EMP02626,Engineering,Germany,Team Lead,Female,27,2021-12-21,1287,84500.0,EMP01104,True,Active
EMP02627,Engineering,USA,Individual Contributor,Male,26,2023-04-09,813,54100.0,EMP01454,True,Active
EMP02628,Engineering,USA,Individual Contributor,Male,32,2023-10-12,627,65600.0,EMP01664,False,Active
EMP02629,Sales,India,Senior Manager,Male,21,2024-11-13,229,70200.0,EMP00904,False,Active
EMP02630,Sales,USA,Team Lead,Female,29,2022-08-25,1040,77600.0,EMP01329,False,Active
EMP02631,Sales,Germany,Team Lead,Male,30,2024-01-03,544,79400.0,EMP00994,True,Active
EMP02632,Engineering,India,Senior Manager,Male,31,2018-12-05,2399,77700.0,EMP02028,False,Active
EMP02633,Operations,Brazil,Individual Contributor,Female,30,2022-07-24,1072,26500.0,EMP01663,False,Active
EMP02634,Customer Support,USA,Individual Contributor,Male,26,2024-05-03,423,55500.0,EMP02211,False,Active
EMP02635,Engineering,Germany,Senior IC,Female,22,2025-01-11,170,75000.0,EMP01490,False,Active
EMP02636,Engineering,USA,Individual Contributor,Male,22,2024-10-30,243,58100.0,EMP03495,False,Active
EMP02637,Engineering,Canada,Senior IC,Female,31,2021-10-12,1357,69100.0,EMP01683,False,Active
EMP02638,Sales,USA,Manager,Female,29,2018-06-08,2579,115700.0,EMP02142,False,Active
EMP02639,Operations,USA,Senior IC,,23,2021-03-27,1556,74900.0,EMP01527,False,Active
EMP02640,Sales,India,Individual Contributor,Male,28,2022-11-10,963,24700.0,EMP02561,False,Active
EMP02641,Customer Support,USA,Team Lead,Male,32,2015-11-10,3520,92800.0,EMP01944,True,Active
EMP02642,Customer Support,USA,Individual Contributor,Female,25,2020-08-06,1789,53400.0,EMP00364,False,Active
EMP02643,Engineering,USA,Manager,Female,28,2021-12-12,1296,105000.0,EMP02541,False,Active
EMP02644,Operations,India,Individual Contributor,Male,30,2023-04-26,796,29500.0,EMP02651,True,Active
EMP02645,Sales,India,Manager,Female,32,2018-03-14,2665,50700.0,EMP01405,False,Active
EMP02646,Operations,India,Senior IC,Female,23,2023-02-26,855,40600.0,EMP01775,True,Active
EMP02647,Customer Support,Brazil,Senior IC,Male,28,2024-01-04,543,39800.0,EMP00041,False,Terminated
EMP02648,Customer Support,Germany,Senior IC,Female,31,2022-10-11,993,67400.0,EMP03037,True,Active
EMP02649,Customer Support,Canada,Individual Contributor,Male,36,2022-05-15,1142,41000.0,EMP02708,True,Active
EMP02650,Operations,Brazil,Senior IC,Female,35,2020-04-24,1893,45600.0,EMP03385,False,Active
EMP02651,Operations,UAE,Manager,Male,22,2024-01-15,532,90200.0,EMP02075,False,Active
EMP02652,Engineering,Brazil,Manager,Male,30,2023-10-22,617,46600.0,EMP00819,True,Active
EMP02653,Customer Support,Germany,Individual Contributor,Female,27,2023-09-26,643,54400.0,EMP01013,True,Active
EMP02654,Customer Support,Germany,Team Lead,Male,23,2022-11-18,955,81600.0,EMP03252,True,Active
EMP02655,Engineering,Germany,Manager,Male,27,2024-04-25,431,92300.0,EMP00149,True,Active
EMP02656,Operations,USA,Manager,Male,39,2018-12-24,2380,117400.0,EMP02348,False,Active
EMP02657,Engineering,India,Senior IC,Female,30,2024-10-28,245,28500.0,EMP00247,True,Active
EMP02658,Engineering,USA,Individual Contributor,Female,28,2018-01-23,2715,52000.0,EMP02585,False,Active
EMP02659,Sales,USA,Senior Manager,Male,29,2020-08-26,1769,132400.0,EMP02020,False,Active
EMP02660,Sales,Canada,Individual Contributor,Female,28,2024-02-11,505,51300.0,EMP01630,True,Active
EMP02661,Operations,Brazil,Individual Contributor,Female,21,2023-01-14,898,34000.0,EMP02430,False,Active
EMP02662,Engineering,India,Team Lead,Female,21,2023-12-03,575,42100.0,EMP01243,False,Active
EMP02663,Engineering,Germany,Individual Contributor,Male,30,2020-08-05,1790,52300.0,EMP01999,False,Active
EMP02664,Sales,India,Manager,Female,32,2018-07-23,2534,63700.0,EMP02780,False,Active
EMP02665,Engineering,Canada,Individual Contributor,Female,29,2013-03-05,4500,48000.0,EMP01570,True,Active
EMP02666,Customer Support,India,Team Lead,Male,30,2021-06-03,1488,44500.0,EMP00081,False,Active
EMP02667,Operations,India,Senior Manager,Female,30,2024-10-21,252,58500.0,EMP03483,False,Active
EMP02668,Sales,India,Director,Female,25,2024-03-15,472,95400.0,,False,Active
EMP02669,Engineering,Germany,Senior Manager,Male,29,2021-07-24,1437,116800.0,EMP01486,False,Active
EMP02670,Engineering,Brazil,Manager,Female,29,2022-12-16,927,58200.0,EMP00269,False,Active
EMP02671,Customer Support,Canada,Individual Contributor,Non-binary,31,2020-09-12,1752,48900.0,EMP00327,False,Active
EMP02672,Engineering,Germany,Senior Manager,Female,21,2021-11-26,1312,124700.0,EMP00914,True,Active
EMP02673,Engineering,Germany,Senior Manager,Male,22,2024-02-05,511,119600.0,EMP03232,False,Active
EMP02674,Engineering,Germany,Senior IC,Male,25,2023-04-02,820,69600.0,EMP02529,False,Active
EMP02675,Customer Support,Germany,Individual Contributor,Female,26,2020-07-16,1810,57500.0,EMP01433,False,Active
EMP02676,Engineering,Canada,Individual Contributor,Female,34,2021-10-04,1365,56800.0,EMP02630,False,Terminated
EMP02677,Engineering,Brazil,Senior IC,Male,32,2020-08-29,1766,38500.0,EMP01362,False,Active
EMP02678,Customer Support,Germany,Team Lead,Female,21,2024-07-25,340,79000.0,EMP03104,False,Active
EMP02679,Customer Support,Germany,Individual Contributor,Female,25,2024-01-05,542,47100.0,EMP01139,False,Active
EMP02680,Engineering,Germany,Individual Contributor,Male,35,2019-04-15,2268,61200.0,EMP02485,True,Active
EMP02681,Customer Support,USA,Senior IC,Male,23,2024-07-13,352,75500.0,EMP01505,False,Active
EMP02682,Operations,India,Individual Contributor,Male,33,2020-11-08,1695,28800.0,EMP02355,True,Active
EMP02683,Sales,UAE,Senior Manager,Female,31,2024-08-18,316,118300.0,EMP00656,True,Active
EMP02684,Customer Support,Brazil,Individual Contributor,Female,32,2022-05-27,1130,33900.0,EMP03297,True,Active
EMP02685,Sales,USA,Individual Contributor,Male,27,2023-07-01,730,54100.0,EMP01008,False,Active
EMP02686,Customer Support,Brazil,Individual Contributor,Female,31,2024-02-11,505,26200.0,EMP01858,False,Active
EMP02687,Sales,Brazil,Manager,Female,26,2022-03-22,1196,65500.0,EMP02395,False,Active
EMP02688,Customer Support,USA,Manager,Female,40,2019-06-27,2195,117100.0,EMP02270,False,Active
EMP02689,Sales,India,Individual Contributor,Female,27,2023-11-03,605,27400.0,EMP01928,True,Active
EMP02690,Engineering,India,Individual Contributor,Male,29,2025-02-16,134,29600.0,EMP03050,True,Active
EMP02691,Operations,UAE,Senior IC,Female,26,2022-11-26,947,64300.0,EMP03381,False,Active
EMP02692,Engineering,USA,Individual Contributor,Non-binary,28,2024-02-15,501,62100.0,EMP02656,False,Active
EMP02693,Operations,USA,Team Lead,Female,32,2020-06-21,1835,91500.0,EMP00650,False,Active
EMP02694,Operations,India,Individual Contributor,Female,23,2023-07-03,728,28300.0,EMP02670,True,Active
EMP02695,Operations,USA,Senior IC,Female,22,2023-10-15,624,77900.0,EMP01754,False,Active
EMP02696,Sales,Germany,Individual Contributor,Male,26,2023-04-30,792,49100.0,EMP01857,False,Active
EMP02697,Customer Support,UAE,Senior IC,Male,35,2019-06-28,2194,60700.0,EMP03288,False,Active
EMP02698,Sales,USA,Senior IC,Male,21,2021-08-17,1413,72400.0,EMP01825,False,Active
EMP02699,Engineering,India,Individual Contributor,Female,24,2024-04-16,440,27000.0,EMP02978,True,Active
EMP02700,Operations,Canada,Individual Contributor,Female,31,2024-07-26,339,46200.0,EMP02261,False,Active
EMP02701,Customer Support,India,Individual Contributor,Male,27,2018-02-17,2690,27300.0,EMP00317,False,Active
EMP02702,Engineering,India,Individual Contributor,,31,2023-10-27,612,27200.0,EMP02435,False,Active
EMP02703,Engineering,India,Director,Male,26,2019-05-15,2238,83900.0,,True,Active
EMP02704,Customer Support,USA,Individual Contributor,Female,23,2022-12-24,919,56200.0,EMP01892,False,Active
EMP02705,Customer Support,USA,Individual Contributor,Female,25,2023-12-29,549,52700.0,EMP01054,False,Active
EMP02706,Engineering,Brazil,Individual Contributor,Female,34,2023-11-23,585,28200.0,EMP00651,False,Active
EMP02707,Operations,Germany,Team Lead,Female,25,2022-11-21,952,71000.0,EMP02603,False,Active
EMP02708,Sales,Germany,Senior Manager,Male,21,2025-02-23,127,122700.0,EMP00889,False,Active
EMP02709,Sales,USA,Team Lead,Male,21,2023-12-14,564,82600.0,EMP00340,True,Terminated
EMP02710,Customer Support,UAE,Senior IC,Male,37,2016-05-13,3335,62200.0,EMP01724,True,Active
EMP02711,Operations,USA,Manager,Male,30,2014-08-09,3978,103000.0,EMP02478,True,Active
EMP02712,Sales,Brazil,Individual Contributor,Female,31,2023-10-25,614,24100.0,EMP00722,False,Active
EMP02713,Sales,Germany,Manager,Male,29,2021-01-07,1635,117700.0,EMP01265,False,Active
EMP02714,Sales,India,Team Lead,Female,28,2021-09-13,1386,42100.0,EMP01461,False,Active
EMP02715,Operations,USA,Individual Contributor,Male,27,2024-06-11,384,61600.0,EMP03232,False,Terminated
EMP02716,Sales,USA,Senior IC,Female,26,2020-12-19,1654,71600.0,EMP00544,False,Active
EMP02717,Engineering,India,Individual Contributor,Male,27,2023-05-14,778,30000.0,EMP03222,True,Terminated
EMP02718,Operations,Brazil,Individual Contributor,Male,23,2022-06-30,1096,26100.0,EMP00541,False,Active
EMP02719,Sales,USA,Manager,Male,35,2020-05-04,1883,110800.0,EMP02013,False,Terminated
EMP02720,Engineering,Germany,Individual Contributor,Male,23,2023-04-02,820,46000.0,EMP02947,False,Active
EMP02721,Engineering,India,Team Lead,Male,28,2023-04-09,813,51800.0,EMP03168,True,Active
EMP02722,Customer Support,USA,Director,Male,25,2021-04-20,1532,169100.0,,False,Active
EMP02723,Engineering,India,Senior IC,Male,29,2019-04-01,2282,38100.0,EMP01724,False,Active
EMP02724,Engineering,USA,Individual Contributor,Female,27,2021-06-18,1473,57200.0,EMP02711,True,Active
EMP02725,Sales,India,Senior IC,Male,39,2023-03-10,843,35700.0,EMP03181,False,Active
EMP02726,Customer Support,USA,Manager,Female,30,2019-09-06,2124,113800.0,EMP00041,True,Active
EMP02727,Customer Support,India,Individual Contributor,,25,2021-10-23,1346,29300.0,EMP00947,False,Active
EMP02728,Sales,Germany,Individual Contributor,Male,30,2018-05-10,2608,53100.0,EMP01006,True,Active
EMP02729,Engineering,India,Senior IC,Female,27,2017-02-04,3068,36200.0,EMP02910,False,Active
EMP02730,Operations,Germany,Senior Manager,Male,28,2021-07-05,1456,129000.0,EMP00070,False,Active
EMP02731,Sales,Canada,Individual Contributor,Female,39,2018-09-07,2488,55400.0,EMP00465,True,Active
EMP02732,Sales,India,Individual Contributor,Male,33,2018-07-20,2537,25500.0,EMP00012,True,Active
EMP02733,Engineering,UAE,Director,Male,31,2022-10-13,991,121400.0,,False,Active
EMP02734,Engineering,USA,Individual Contributor,Male,28,2018-07-21,2536,50400.0,EMP00118,False,Active
EMP02735,Sales,Germany,Individual Contributor,Male,27,2022-05-23,1134,46300.0,EMP00956,True,Active
EMP02736,Engineering,USA,Senior IC,Female,30,2020-09-01,1763,69500.0,EMP01814,True,Active
EMP02737,Sales,Germany,Individual Contributor,Female,24,2022-08-12,1053,47000.0,EMP01227,False,Active
EMP02738,Engineering,Brazil,Individual Contributor,Male,27,2024-09-16,287,28700.0,EMP00327,False,Active
EMP02739,Customer Support,UAE,Senior IC,Female,37,2015-07-08,3645,63000.0,EMP01433,False,Active
EMP02740,Engineering,India,Senior IC,Female,31,2020-10-18,1716,36400.0,EMP02775,True,Active
EMP02741,Sales,India,Senior IC,Female,29,2020-07-06,1820,33700.0,EMP01012,False,Active
EMP02742,Operations,USA,Individual Contributor,Female,32,2022-03-03,1215,59600.0,EMP01794,True,Active
EMP02743,Sales,USA,Senior IC,Non-binary,30,2018-08-02,2524,77900.0,EMP01621,False,Active
EMP02744,Customer Support,UAE,Senior IC,Female,26,2022-10-30,974,69600.0,EMP00879,True,Active
EMP02745,Engineering,USA,Manager,Female,33,2022-09-11,1023,116700.0,EMP00007,False,Active
EMP02746,Customer Support,USA,Team Lead,Male,21,2024-04-12,444,87200.0,EMP02935,False,Active
EMP02747,Sales,Canada,Team Lead,Male,21,2021-12-02,1306,86100.0,EMP03483,False,Active
EMP02748,Sales,Canada,Manager,Female,28,2018-10-25,2440,97100.0,EMP01778,False,Active
EMP02749,Engineering,India,Manager,Male,29,2022-10-20,984,55600.0,EMP02903,False,Active
EMP02750,Sales,Germany,Individual Contributor,Female,31,2024-06-03,392,53300.0,EMP01235,False,Active
EMP02751,Sales,UAE,Senior Manager,Male,28,2019-09-19,2111,111000.0,EMP03293,False,Active
EMP02752,Customer Support,USA,Manager,Female,36,2021-04-10,1542,110200.0,EMP01979,False,Active
EMP02753,Operations,Germany,Individual Contributor,Female,34,2016-04-08,3370,49900.0,EMP02780,True,Active
EMP02754,Sales,Germany,Individual Contributor,Female,26,2023-11-22,586,47000.0,EMP02349,False,Active
EMP02755,Operations,Canada,Senior IC,Male,26,2020-10-14,1720,53800.0,EMP03232,False,Terminated
EMP02756,Customer Support,Canada,Senior IC,Female,33,2024-06-19,376,61400.0,EMP01944,False,Active
EMP02757,Operations,India,Team Lead,Male,27,2022-07-21,1075,43600.0,EMP02964,False,Active
EMP02758,Customer Support,USA,Senior IC,Male,23,2022-02-16,1230,81200.0,EMP03261,False,Active
EMP02759,Customer Support,India,Individual Contributor,Female,35,2024-10-17,256,28100.0,EMP02651,False,Active
EMP02760,Engineering,USA,Individual Contributor,Male,32,2019-02-19,2323,54000.0,EMP01242,False,Active
EMP02761,Customer Support,Canada,Manager,Female,33,2020-04-02,1915,89800.0,EMP00327,False,Active
EMP02762,Operations,USA,Individual Contributor,Female,35,2021-04-10,1542,54400.0,EMP01422,True,Active
EMP02763,Sales,USA,Team Lead,Female,28,2024-05-26,400,82700.0,EMP02402,True,Active
EMP02764,Engineering,Brazil,Individual Contributor,Female,30,2023-10-05,634,23900.0,EMP03018,False,Active
EMP02765,Sales,India,Senior IC,Female,30,2019-11-03,2066,31300.0,EMP02668,True,Active
EMP02766,Operations,UAE,Senior IC,Male,30,2022-07-29,1067,68500.0,EMP02226,False,Active
EMP02767,Engineering,USA,Individual Contributor,Male,27,2022-12-29,914,63400.0,EMP01850,False,Active
EMP02768,Customer Support,UAE,Senior IC,Female,31,2018-09-09,2486,65500.0,EMP03367,True,Active
EMP02769,Operations,USA,Team Lead,Female,28,2022-03-21,1197,89300.0,EMP00870,False,Active
EMP02770,Operations,USA,Individual Contributor,Male,24,2024-04-25,431,49000.0,EMP02751,False,Active
EMP02771,Sales,India,Individual Contributor,Female,32,2019-11-20,2049,26100.0,EMP01919,False,Active
EMP02772,Customer Support,USA,Team Lead,Male,28,2024-06-12,383,94100.0,EMP01785,True,Active
EMP02773,Operations,India,Team Lead,Male,31,2022-07-22,1074,45700.0,EMP01399,False,Active
EMP02774,Sales,USA,Senior IC,Female,31,2021-11-17,1321,78900.0,EMP02219,False,Terminated
EMP02775,Customer Support,USA,Team Lead,Male,37,2020-08-30,1765,98400.0,EMP03500,False,Active
EMP02776,Engineering,Brazil,Individual Contributor,Male,30,2024-08-28,306,33300.0,EMP01411,False,Terminated
EMP02777,Customer Support,USA,Individual Contributor,Male,24,2025-03-20,102,53400.0,EMP00416,False,Terminated
EMP02778,Engineering,India,Senior IC,Non-binary,27,2025-03-15,107,43800.0,EMP00480,True,Active
EMP02779,Sales,Brazil,Team Lead,Female,38,2018-02-13,2694,39200.0,EMP00627,False,Active
EMP02780,Sales,USA,Manager,Male,21,2024-10-16,257,102400.0,EMP01416,False,Active
EMP02781,Sales,Brazil,Individual Contributor,Female,41,2016-11-11,3153,29300.0,EMP00012,True,Active
EMP02782,Sales,USA,Senior IC,Female,27,2019-06-23,2199,78000.0,EMP00992,False,Terminated
EMP02783,Customer Support,Germany,Team Lead,Non-binary,29,2024-02-15,501,80700.0,EMP02414,False,Active
EMP02784,Engineering,USA,Individual Contributor,Female,25,2025-01-29,152,53000.0,EMP02368,False,Active
EMP02785,Sales,UAE,Senior IC,Non-binary,27,2022-05-22,1135,72600.0,EMP02324,False,Active
EMP02786,Customer Support,India,Senior IC,Male,21,2023-07-14,717,34200.0,EMP02324,True,Active
EMP02787,Customer Support,India,Individual Contributor,Male,35,2018-08-12,2514,24200.0,EMP00272,False,Active
EMP02788,Engineering,Canada,Individual Contributor,Male,23,2021-11-27,1311,54500.0,EMP03280,False,Active
EMP02789,Operations,Germany,Individual Contributor,Male,22,2022-07-13,1083,53800.0,EMP01045,False,Active
EMP02790,Engineering,Canada,Manager,Non-binary,32,2022-12-25,918,103300.0,EMP00281,False,Active
EMP02791,Operations,Brazil,Individual Contributor,Male,36,2020-09-02,1762,29300.0,EMP02831,True,Active
EMP02792,Sales,Canada,Individual Contributor,Male,25,2022-09-24,1010,42700.0,EMP01612,False,Active
EMP02793,Customer Support,Canada,Individual Contributor,Male,38,2015-09-28,3563,48300.0,EMP01222,True,Active
EMP02794,Operations,Canada,Individual Contributor,Female,28,2024-10-25,248,42200.0,EMP01398,False,Active
EMP02795,Operations,USA,Individual Contributor,Female,26,2023-03-09,844,56300.0,EMP02023,False,Active
EMP02796,Engineering,UAE,Senior IC,Female,34,2021-02-19,1592,65000.0,EMP01825,True,Active
EMP02797,Customer Support,UAE,Individual Contributor,Female,28,2021-07-11,1450,49500.0,EMP00051,True,Active
EMP02798,Engineering,India,Individual Contributor,Female,36,2015-10-04,3557,26200.0,EMP00441,False,Terminated
EMP02799,Customer Support,USA,Individual Contributor,Male,21,2023-11-13,595,58500.0,EMP03309,False,Active
EMP02800,Customer Support,Canada,Individual Contributor,Male,21,2025-05-13,48,44500.0,EMP01721,True,Active
EMP02801,Operations,USA,Individual Contributor,Male,35,2019-10-14,2086,59500.0,EMP03464,True,Active
EMP02802,Engineering,India,Senior IC,Male,30,2022-01-10,1267,37700.0,EMP02280,False,Active
EMP02803,Sales,India,Team Lead,Male,30,2019-10-02,2098,40200.0,EMP02581,False,Active
EMP02804,Customer Support,USA,Team Lead,Male,36,2021-08-30,1400,93500.0,EMP01096,True,Active
EMP02805,Sales,Brazil,Individual Contributor,Male,32,2025-04-07,84,31300.0,EMP02932,False,Active
EMP02806,Sales,USA,Manager,Female,30,2021-06-27,1464,109900.0,EMP02264,False,Active
EMP02807,Engineering,Brazil,Team Lead,Male,21,2023-11-17,591,43700.0,EMP02625,False,Active
EMP02808,Customer Support,UAE,Individual Contributor,Female,26,2023-03-08,845,46200.0,EMP00956,True,Active
EMP02809,Sales,Germany,Senior IC,Female,24,2022-10-19,985,71300.0,EMP02034,False,Active
EMP02810,Sales,Brazil,Team Lead,Female,26,2024-06-13,382,43700.0,EMP01291,True,Active
EMP02811,Sales,USA,Individual Contributor,Male,22,2023-12-04,574,50800.0,EMP03181,False,Active
EMP02812,Operations,UAE,Individual Contributor,Male,25,2020-06-11,1845,47500.0,EMP03178,False,Active
EMP02813,Customer Support,Canada,Senior IC,Female,21,2020-06-13,1843,69300.0,EMP01239,True,Terminated
EMP02814,Sales,USA,Individual Contributor,Male,26,2024-11-23,219,64700.0,EMP00086,True,Terminated
EMP02815,Sales,Brazil,Senior Manager,Female,21,2021-12-31,1277,74600.0,EMP00899,True,Active
EMP02816,Engineering,India,Individual Contributor,Female,29,2020-01-24,1984,23800.0,EMP00978,True,Active
EMP02817,Sales,India,Individual Contributor,Female,31,2022-04-02,1185,30700.0,EMP00075,True,Active
EMP02818,Customer Support,Brazil,Individual Contributor,Female,25,2021-11-07,1331,31200.0,EMP03272,False,Active
EMP02819,Engineering,India,Individual Contributor,Male,21,2024-11-05,237,22200.0,EMP01605,False,Active
EMP02820,Operations,India,Manager,Female,31,2018-10-15,2450,47900.0,EMP00544,True,Active
EMP02821,Sales,USA,Manager,Female,22,2024-05-11,415,105000.0,EMP02120,False,Active
EMP02822,Customer Support,Germany,Senior Manager,Female,27,2023-04-11,811,132200.0,EMP01391,False,Active
EMP02823,Sales,UAE,Senior IC,Male,26,2020-01-11,1997,50000.0,EMP00619,False,Active
EMP02824,Operations,USA,Senior IC,Non-binary,32,2017-03-14,3030,74000.0,EMP01558,False,Active
EMP02825,Operations,India,Individual Contributor,Male,25,2023-02-17,864,28000.0,EMP02074,False,Active
EMP02826,Customer Support,USA,Individual Contributor,Male,36,2014-03-03,4137,42700.0,EMP02268,True,Active
EMP02827,Engineering,UAE,Manager,Male,34,2022-03-02,1216,95600.0,EMP00796,True,Active
EMP02828,Sales,India,Senior IC,Female,28,2022-06-09,1117,38200.0,EMP02125,False,Active
EMP02829,Customer Support,Germany,Senior IC,Female,28,2024-03-16,471,63600.0,EMP02752,False,Active
EMP02830,Customer Support,USA,Senior IC,Male,24,2023-03-28,825,67900.0,EMP02186,False,Terminated
EMP02831,Sales,Germany,Team Lead,Female,29,2021-12-14,1294,76300.0,EMP03321,False,Active
EMP02832,Engineering,Canada,Individual Contributor,Female,28,2021-02-04,1607,37700.0,EMP03284,False,Active
EMP02833,Engineering,India,Team Lead,Female,29,2021-03-28,1555,41800.0,EMP01727,True,Active
EMP02834,Operations,India,Team Lead,Female,29,2023-06-04,757,43700.0,EMP01366,True,Active
EMP02835,Customer Support,Brazil,Manager,Male,30,2018-03-01,2678,51400.0,EMP01569,False,Active
EMP02836,Customer Support,Germany,Individual Contributor,Female,26,2022-05-12,1145,54300.0,EMP01713,True,Active
EMP02837,Customer Support,Germany,Individual Contributor,Female,26,2022-07-06,1090,50800.0,EMP00618,False,Active
EMP02838,Sales,Germany,Senior IC,Male,24,2024-04-14,442,69700.0,EMP03360,False,Active
EMP02839,Engineering,USA,Manager,Male,30,2020-10-12,1722,105700.0,EMP01984,False,Active
EMP02840,Sales,Brazil,Senior Manager,Female,26,2022-08-21,1044,75000.0,EMP00482,False,Active
EMP02841,Customer Support,UAE,Senior IC,Female,33,2023-02-08,873,68100.0,EMP03167,True,Active
EMP02842,Engineering,Canada,Individual Contributor,Female,36,2024-08-10,324,46400.0,EMP03314,False,Active
EMP02843,Engineering,Canada,Individual Contributor,Female,23,2024-07-28,337,50900.0,EMP01948,True,Active
EMP02844,Sales,India,Senior IC,Female,29,2021-09-06,1393,38000.0,EMP03314,True,Active
EMP02845,Sales,Germany,Individual Contributor,Female,37,2017-06-12,2940,52100.0,EMP03385,False,Active
EMP02846,Customer Support,India,Senior IC,Male,26,2022-12-16,927,40500.0,EMP03332,False,Active
EMP02847,Sales,Canada,Manager,Male,23,2022-12-21,922,89500.0,EMP03360,False,Active
EMP02848,Sales,Brazil,Individual Contributor,Male,36,2020-09-27,1737,27800.0,EMP00246,True,Active
EMP02849,Customer Support,India,Individual Contributor,Male,34,2018-12-13,2391,24800.0,EMP00115,False,Active
EMP02850,Engineering,Brazil,Individual Contributor,Male,28,2023-07-30,701,30500.0,EMP02013,True,Active
EMP02851,Engineering,Brazil,Individual Contributor,Male,32,2024-04-07,449,28200.0,EMP02612,False,Active
EMP02852,Engineering,Canada,Team Lead,Male,30,2022-09-11,1023,73700.0,EMP02932,False,Active
EMP02853,Customer Support,Brazil,Individual Contributor,Male,29,2021-04-12,1540,32600.0,EMP02234,False,Active
EMP02854,Engineering,Germany,Individual Contributor,Male,21,2025-03-14,108,57700.0,EMP01096,False,Active
EMP02855,Customer Support,USA,Individual Contributor,Male,25,2023-05-10,782,53700.0,EMP03261,False,Active
EMP02856,Operations,India,Individual Contributor,Male,32,2022-11-27,946,23500.0,EMP02054,False,Terminated
EMP02857,Customer Support,Germany,Senior IC,Female,30,2023-02-28,853,78400.0,EMP02373,True,Active
EMP02858,Engineering,Canada,Senior IC,Female,25,2024-09-08,295,67400.0,EMP00916,False,Active
EMP02859,Customer Support,India,Senior IC,Female,34,2023-05-08,784,37000.0,EMP02643,False,Active
EMP02860,Engineering,India,Senior IC,Female,26,2022-11-15,958,36100.0,EMP00484,False,Active
EMP02861,Engineering,Germany,Individual Contributor,Female,30,2024-02-01,515,47200.0,EMP03059,False,Active
EMP02862,Engineering,India,Senior IC,Female,29,2021-12-07,1301,34600.0,EMP02986,False,Active
EMP02863,Engineering,India,Individual Contributor,Female,37,2020-04-02,1915,27800.0,EMP02374,False,Active
EMP02864,Sales,USA,Senior Manager,Male,33,2020-02-14,1963,130800.0,EMP03438,False,Active
EMP02865,Engineering,UAE,Individual Contributor,Female,26,2023-10-14,625,47200.0,EMP03191,False,Active
EMP02866,Sales,Germany,Senior IC,Female,28,2021-05-03,1519,68300.0,EMP00253,True,Active
EMP02867,Engineering,Germany,Individual Contributor,Female,28,2021-07-30,1431,46100.0,EMP00781,False,Active
EMP02868,Engineering,USA,Team Lead,Female,31,2016-04-08,3370,101300.0,EMP00443,False,Terminated
EMP02869,Operations,India,Individual Contributor,Male,23,2021-04-28,1524,27700.0,EMP01120,False,Active
EMP02870,Sales,Brazil,Senior Manager,Male,30,2021-02-22,1589,72700.0,EMP02049,True,Active
EMP02871,Customer Support,Canada,Individual Contributor,Female,28,2019-07-13,2179,50100.0,EMP00528,False,Active
EMP02872,Engineering,USA,Manager,Male,23,2024-06-27,368,93600.0,EMP00308,False,Active
EMP02873,Sales,Canada,Senior IC,Female,27,2022-06-03,1123,62400.0,EMP02240,True,Active
EMP02874,Sales,Brazil,Individual Contributor,Male,33,2017-02-11,3061,25300.0,EMP02211,False,Active
EMP02875,Sales,Germany,Individual Contributor,Male,33,2017-01-01,3102,50900.0,EMP01274,False,Active
EMP02876,Sales,USA,Individual Contributor,Male,34,2023-05-08,784,56600.0,EMP02499,False,Active
EMP02877,Sales,Germany,Manager,Female,35,2017-04-06,3007,100900.0,EMP02056,False,Active
EMP02878,Engineering,UAE,Manager,Male,35,2023-02-05,876,98800.0,EMP01436,True,Active
EMP02879,Engineering,Germany,Individual Contributor,Male,26,2021-11-03,1335,44400.0,EMP00247,False,Active
EMP02880,Sales,India,Individual Contributor,Male,28,2024-10-23,250,24700.0,EMP02632,True,Active
EMP02881,Sales,Brazil,Individual Contributor,,30,2018-05-21,2597,29800.0,EMP02184,False,Active
EMP02882,Sales,UAE,Individual Contributor,Female,25,2023-03-10,843,46600.0,EMP00418,True,Active
EMP02883,Engineering,India,Senior IC,Female,34,2024-08-30,304,32000.0,EMP00658,False,Active
EMP02884,Engineering,Brazil,Individual Contributor,Female,24,2022-10-28,976,31600.0,EMP01052,False,Active
EMP02885,Engineering,USA,Individual Contributor,Male,21,2025-04-17,74,62000.0,EMP00632,False,Active
EMP02886,Sales,UAE,Manager,Female,26,2020-11-18,1685,93300.0,EMP02820,True,Active
EMP02887,Sales,USA,Team Lead,Female,23,2019-03-26,2288,78900.0,EMP03262,False,Active
EMP02888,Operations,USA,Team Lead,Male,22,2024-03-26,461,90800.0,EMP00318,True,Active
EMP02889,Sales,Canada,Individual Contributor,Male,22,2024-04-10,446,49300.0,EMP00852,True,Active
EMP02890,Sales,USA,Senior Manager,Non-binary,29,2021-02-09,1602,132700.0,EMP01005,False,Active
EMP02891,Sales,USA,Senior IC,Male,21,2020-09-26,1738,82800.0,EMP03480,True,Active
EMP02892,Operations,India,Senior IC,Male,31,2023-09-20,649,35400.0,EMP02172,False,Active
EMP02893,Customer Support,Germany,Individual Contributor,Male,21,2024-01-30,517,58900.0,EMP03336,False,Active
EMP02894,Customer Support,USA,Manager,Female,30,2019-12-15,2024,116100.0,EMP00884,True,Active
EMP02895,Operations,India,Senior IC,Female,24,2024-09-28,275,36500.0,EMP00246,False,Active
EMP02896,Sales,Brazil,Manager,Male,30,2023-06-11,750,61200.0,EMP01676,True,Active
EMP02897,Operations,UAE,Senior IC,Female,27,2024-02-10,506,69300.0,EMP02852,False,Active
EMP02898,Sales,USA,Team Lead,Female,34,2021-02-26,1585,96200.0,EMP02929,True,Terminated
EMP02899,Customer Support,India,Team Lead,Male,25,2024-01-06,541,42600.0,EMP01630,False,Active
EMP02900,Engineering,UAE,Senior Manager,Female,29,2019-06-16,2206,106200.0,EMP00968,False,Active
EMP02901,Engineering,USA,Individual Contributor,Female,28,2023-07-03,728,50200.0,EMP00157,True,Active
EMP02902,Operations,USA,Individual Contributor,Male,32,2021-09-05,1394,44400.0,EMP01502,False,Active
EMP02903,Sales,USA,Team Lead,Female,29,2023-12-28,550,91000.0,EMP01850,True,Active
EMP02904,Operations,India,Senior IC,Male,29,2022-03-05,1213,34600.0,EMP00070,False,Active
EMP02905,Engineering,USA,Senior IC,Female,27,2023-10-29,610,72800.0,EMP03271,True,Active
EMP02906,Customer Support,Brazil,Team Lead,Male,26,2024-05-02,424,50700.0,EMP02461,True,Active
EMP02907,Operations,Canada,Senior IC,Female,31,2020-10-03,1731,64400.0,EMP01139,True,Active
EMP02908,Sales,USA,Team Lead,Male,34,2024-01-10,537,103300.0,EMP01245,False,Active
EMP02909,Operations,India,Individual Contributor,Female,25,2024-01-02,545,25200.0,EMP01254,False,Active
EMP02910,Engineering,USA,Manager,Female,26,2022-05-19,1138,100800.0,EMP03020,False,Active
EMP02911,Customer Support,USA,Individual Contributor,Male,26,2021-12-24,1284,49600.0,EMP02517,False,Active
EMP02912,Sales,Brazil,Senior IC,Female,27,2024-05-16,410,41300.0,EMP00318,False,Active
EMP02913,Engineering,Germany,Manager,Male,21,2021-05-24,1498,108900.0,EMP01065,False,Active
EMP02914,Customer Support,Canada,Individual Contributor,Female,26,2023-12-03,575,45700.0,EMP02714,False,Active
EMP02915,Engineering,India,Individual Contributor,Female,29,2024-08-14,320,24200.0,EMP01253,True,Active
EMP02916,Sales,USA,Individual Contributor,Female,25,2023-03-20,833,62000.0,EMP02835,False,Active
EMP02917,Sales,India,Senior IC,Male,28,2023-03-30,823,31600.0,EMP01773,True,Active
EMP02918,Operations,USA,Individual Contributor,Female,37,2021-08-17,1413,59700.0,EMP02693,False,Active
EMP02919,Sales,UAE,Individual Contributor,Female,35,2016-01-18,3451,43500.0,EMP01825,False,Active
EMP02920,Customer Support,Brazil,Manager,Male,21,2022-06-02,1124,58800.0,EMP02561,True,Active
EMP02921,Operations,Germany,Individual Contributor,Female,23,2021-04-01,1551,54700.0,EMP01489,False,Active
EMP02922,Sales,India,Senior IC,Male,24,2024-10-31,242,37100.0,EMP00841,True,Active
EMP02923,Sales,Brazil,Senior IC,Non-binary,28,2019-04-07,2276,38100.0,EMP03088,False,Active
EMP02924,Customer Support,UAE,Individual Contributor,Male,27,2022-12-03,940,50700.0,EMP01439,False,Active
EMP02925,Sales,USA,Individual Contributor,Female,24,2024-07-19,346,56500.0,EMP00039,False,Active
EMP02926,Customer Support,USA,Director,Female,35,2019-06-04,2218,223300.0,,False,Active
EMP02927,Customer Support,USA,Team Lead,Non-binary,23,2022-11-03,970,77500.0,EMP01427,True,Active
EMP02928,Customer Support,Germany,Individual Contributor,Male,29,2020-01-26,1982,43500.0,EMP00859,False,Active
EMP02929,Engineering,India,Team Lead,Female,35,2015-05-20,3694,46300.0,EMP03076,False,Active
EMP02930,Customer Support,USA,Senior IC,Male,27,2024-10-03,270,74600.0,EMP01721,True,Active
EMP02931,Customer Support,Germany,Individual Contributor,Male,27,2023-12-23,555,53600.0,EMP01292,True,Active
EMP02932,Sales,India,Team Lead,Female,21,2020-09-14,1750,39100.0,EMP02420,False,Active
EMP02933,Engineering,USA,Senior IC,Female,28,2022-09-14,1020,75100.0,EMP02229,False,Active
EMP02934,Operations,Canada,Individual Contributor,Male,24,2025-04-06,85,49800.0,EMP01670,False,Active
EMP02935,Customer Support,India,Manager,Male,30,2023-05-29,763,50000.0,EMP03401,True,Active
EMP02936,Engineering,Germany,Individual Contributor,Male,30,2023-02-19,862,51300.0,EMP03400,True,Active
EMP02937,Engineering,India,Individual Contributor,Female,28,2022-11-02,971,23500.0,EMP01653,False,Active
EMP02938,Sales,Germany,Individual Contributor,Female,27,2024-01-09,538,52000.0,EMP02461,True,Active
EMP02939,Sales,UAE,Team Lead,Female,37,2018-03-17,2662,82700.0,EMP00178,True,Active
EMP02940,Sales,India,Team Lead,Female,30,2024-10-30,243,38700.0,EMP01528,True,Active
EMP02941,Operations,India,Manager,Male,29,2021-10-27,1342,46800.0,EMP01526,False,Active
EMP02942,Sales,Canada,Individual Contributor,Female,35,2023-09-14,655,52600.0,EMP01408,True,Active
EMP02943,Customer Support,UAE,Team Lead,Female,24,2023-10-22,617,66300.0,EMP02940,True,Active
EMP02944,Sales,UAE,Senior IC,Male,26,2018-11-01,2433,65900.0,EMP02025,False,Active
EMP02945,Sales,USA,Individual Contributor,Female,27,2023-03-26,827,55400.0,EMP01628,True,Active
EMP02946,Engineering,USA,Individual Contributor,Female,27,2021-10-21,1348,53400.0,EMP01489,False,Active
EMP02947,Engineering,Brazil,Manager,Male,21,2020-06-25,1831,63700.0,EMP02156,False,Active
EMP02948,Customer Support,India,Individual Contributor,Female,25,2022-08-10,1055,28400.0,EMP00787,False,Active
EMP02949,Operations,Brazil,Senior IC,Male,33,2018-10-10,2455,39900.0,EMP00879,False,Active
EMP02950,Operations,Brazil,Senior IC,Female,25,2024-08-20,314,32300.0,EMP01812,True,Active
EMP02951,Sales,Germany,Individual Contributor,Female,25,2021-08-24,1406,53300.0,EMP01114,False,Terminated
EMP02952,Customer Support,Germany,Director,Male,34,2015-12-25,3475,144000.0,,True,Active
EMP02953,Sales,India,Manager,Female,29,2021-11-14,1324,51300.0,EMP03160,False,Active
EMP02954,Operations,USA,Senior IC,Male,28,2024-12-23,189,74800.0,EMP01257,True,Active
EMP02955,Engineering,Brazil,Team Lead,Female,26,2021-07-19,1442,53900.0,EMP02013,False,Active
EMP02956,Engineering,Brazil,Senior IC,Male,35,2018-01-05,2733,38200.0,EMP01000,True,Active
EMP02957,Sales,India,Team Lead,Female,22,2023-05-21,771,38000.0,EMP02757,False,Active
EMP02958,Sales,Brazil,Individual Contributor,Male,25,2023-05-29,763,32200.0,EMP00774,True,Active
EMP02959,Sales,India,Senior IC,Male,36,2020-11-01,1702,37800.0,EMP01814,True,Active
EMP02960,Operations,Brazil,Individual Contributor,Male,25,2021-05-27,1495,30600.0,EMP01266,False,Active
EMP02961,Customer Support,USA,Senior IC,Female,25,2022-07-12,1084,83700.0,EMP02659,False,Active
EMP02962,Operations,Brazil,Senior IC,Male,21,2023-12-07,571,44400.0,EMP00878,False,Active
EMP02963,Sales,Brazil,Individual Contributor,Male,23,2023-07-25,706,26700.0,EMP00712,True,Active
EMP02964,Customer Support,USA,Director,Female,26,2024-04-19,437,153300.0,,True,Active
EMP02965,Sales,India,Individual Contributor,Male,28,2025-01-14,167,28200.0,EMP01936,False,Active
EMP02966,Engineering,UAE,Individual Contributor,Female,31,2019-04-06,2277,44600.0,EMP02228,True,Active
EMP02967,Engineering,USA,Individual Contributor,Female,28,2020-08-29,1766,54400.0,EMP02757,False,Active
EMP02968,Sales,Brazil,Senior IC,Male,24,2020-12-26,1647,35500.0,EMP01008,True,Active
EMP02969,Engineering,Canada,Individual Contributor,Female,26,2021-01-17,1625,50200.0,EMP00859,False,Active
EMP02970,Sales,UAE,Senior IC,Female,21,2023-01-29,883,63700.0,EMP03480,False,Active
EMP02971,Engineering,Germany,Team Lead,Male,30,2023-04-28,794,80900.0,EMP00412,True,Active
EMP02972,Customer Support,India,Individual Contributor,Male,29,2024-07-15,350,23500.0,EMP02253,False,Active
EMP02973,Sales,Canada,Director,Female,29,2020-05-19,1868,164500.0,,False,Active
EMP02974,Operations,India,Individual Contributor,Female,39,2013-03-05,4500,26900.0,EMP00527,False,Active
EMP02975,Engineering,USA,Senior IC,Female,32,2021-09-01,1398,81400.0,EMP03332,False,Active
EMP02976,Customer Support,USA,Individual Contributor,Male,31,2019-11-16,2053,45900.0,EMP02900,False,Active
EMP02977,Customer Support,UAE,Team Lead,Female,36,2019-11-10,2059,74400.0,EMP00787,False,Active
EMP02978,Customer Support,Germany,Manager,Male,28,2017-09-09,2851,94000.0,EMP02629,False,Active
EMP02979,Customer Support,USA,Individual Contributor,Male,25,2024-02-06,510,55400.0,EMP02667,False,Active
EMP02980,Operations,Germany,Individual Contributor,Male,23,2024-10-26,247,54200.0,EMP01748,False,Active
EMP02981,Customer Support,Brazil,Individual Contributor,Female,30,2022-03-14,1204,29700.0,EMP03340,False,Active
EMP02982,Sales,India,Individual Contributor,Female,21,2022-11-27,946,26400.0,EMP00829,False,Active
EMP02983,Sales,UAE,Director,Female,43,2013-03-05,4500,142600.0,,True,Active
EMP02984,Customer Support,Brazil,Senior IC,Female,28,2024-04-13,443,34100.0,EMP02827,True,Active
EMP02985,Sales,Canada,Senior IC,Female,41,2016-01-27,3442,60300.0,EMP01255,True,Active
EMP02986,Sales,Canada,Senior Manager,Male,27,2022-11-20,953,128600.0,EMP00464,False,Active
EMP02987,Sales,USA,Manager,Female,23,2024-05-29,397,104800.0,EMP03376,False,Active
EMP02988,Engineering,India,Manager,Female,35,2017-03-12,3032,57000.0,EMP01445,True,Active
EMP02989,Sales,USA,Individual Contributor,Male,30,2024-01-30,517,58800.0,EMP03036,False,Active
EMP02990,Customer Support,Canada,Individual Contributor,Non-binary,27,2019-11-07,2062,51400.0,EMP02852,True,Active
EMP02991,Customer Support,USA,Individual Contributor,Female,21,2022-02-16,1230,56700.0,EMP01055,True,Active
EMP02992,Operations,Brazil,Individual Contributor,Male,27,2016-02-04,3434,27800.0,EMP02783,True,Active
EMP02993,Engineering,UAE,Individual Contributor,Male,32,2019-01-06,2367,45000.0,EMP01621,False,Active
EMP02994,Engineering,USA,Individual Contributor,Female,33,2022-12-09,934,58000.0,EMP02206,True,Active
EMP02995,Engineering,UAE,Individual Contributor,Male,28,2017-03-02,3042,37800.0,EMP01008,True,Active
EMP02996,Engineering,USA,Senior IC,Female,28,2021-04-29,1523,82200.0,EMP00030,False,Active
EMP02997,Customer Support,India,Individual Contributor,Female,26,2022-06-20,1106,25300.0,EMP00667,False,Active
EMP02998,Sales,India,Individual Contributor,Female,35,2022-03-08,1210,26200.0,EMP01171,False,Active
EMP02999,Operations,Germany,Individual Contributor,Female,39,2019-09-13,2117,50100.0,EMP01893,True,Active
EMP03000,Sales,India,Senior IC,Male,29,2023-01-14,898,35600.0,EMP02987,False,Active
EMP03001,Operations,Canada,Team Lead,Male,30,2023-07-20,711,69800.0,EMP00627,True,Active
EMP03002,Customer Support,Germany,Team Lead,Female,30,2023-11-26,582,82900.0,EMP02514,True,Active
EMP03003,Sales,India,Individual Contributor,Male,23,2021-09-15,1384,27700.0,EMP02622,False,Active
EMP03004,Customer Support,UAE,Individual Contributor,Female,29,2023-10-22,617,38100.0,EMP02827,False,Active
EMP03005,Sales,Brazil,Individual Contributor,Female,26,2019-08-23,2138,25800.0,EMP02839,False,Active
EMP03006,Customer Support,USA,Individual Contributor,Male,26,2023-01-31,881,59200.0,EMP00230,False,Active
EMP03007,Customer Support,Canada,Individual Contributor,Female,33,2021-02-03,1608,50700.0,EMP00775,True,Active
EMP03008,Sales,USA,Director,Male,32,2018-10-07,2458,176600.0,,True,Active
EMP03009,Sales,India,Individual Contributor,Female,37,2017-07-15,2907,25000.0,EMP02216,False,Active
EMP03010,Customer Support,India,Individual Contributor,Male,33,2021-12-24,1284,27900.0,EMP00809,True,Active
EMP03011,Sales,UAE,Team Lead,Female,21,2025-02-08,142,67000.0,EMP03495,False,Active
EMP03012,Operations,USA,Senior IC,Female,21,2025-01-28,153,73900.0,EMP01168,False,Active
EMP03013,Customer Support,USA,Individual Contributor,Male,35,2019-09-30,2100,49400.0,EMP01011,False,Active
EMP03014,Customer Support,Brazil,Individual Contributor,Male,31,2024-03-01,486,28400.0,EMP02940,True,Active
EMP03015,Sales,USA,Senior Manager,Female,28,2023-03-03,850,124500.0,EMP03350,True,Active
EMP03016,Customer Support,India,Individual Contributor,Male,32,2019-03-01,2313,28000.0,EMP01411,True,Terminated
EMP03017,Operations,Brazil,Senior IC,Female,30,2023-07-13,718,40400.0,EMP02253,True,Active
EMP03018,Sales,India,Team Lead,Female,29,2024-07-14,351,40900.0,EMP02239,True,Active
EMP03019,Engineering,USA,Individual Contributor,Female,26,2023-02-09,872,60000.0,EMP00798,False,Active
EMP03020,Sales,Germany,Team Lead,Male,33,2020-06-25,1831,75600.0,EMP01922,False,Active
EMP03021,Engineering,Canada,Individual Contributor,Male,25,2023-07-24,707,47900.0,EMP00196,True,Active
EMP03022,Customer Support,India,Individual Contributor,Male,30,2020-12-13,1660,25100.0,EMP03036,True,Active
EMP03023,Engineering,USA,Individual Contributor,Male,26,2024-07-04,361,58500.0,EMP02898,False,Active
EMP03024,Engineering,USA,Director,Female,23,2023-12-11,567,181400.0,,True,Active
EMP03025,Engineering,Germany,Individual Contributor,Female,24,2023-01-30,882,55600.0,EMP02116,True,Active
EMP03026,Sales,Canada,Individual Contributor,Female,40,2018-08-06,2520,48300.0,EMP00363,False,Active
EMP03027,Sales,Germany,Senior Manager,Male,23,2023-05-11,781,94600.0,EMP00317,True,Active
EMP03028,Operations,USA,Individual Contributor,Female,28,2023-08-08,692,53300.0,EMP02216,True,Active
EMP03029,Customer Support,India,Manager,Male,29,2023-08-05,695,58800.0,EMP02772,True,Active
EMP03030,Engineering,USA,Senior IC,Male,29,2020-12-14,1659,72800.0,EMP02953,False,Active
EMP03031,Customer Support,USA,Senior IC,Male,33,2020-02-22,1955,63300.0,EMP01167,False,Active
EMP03032,Sales,Canada,Team Lead,Female,33,2018-10-19,2446,80800.0,EMP03232,False,Active
EMP03033,Sales,Brazil,Team Lead,,31,2015-02-13,3790,48800.0,EMP01872,False,Active
EMP03034,Sales,USA,Individual Contributor,Male,30,2021-09-08,1391,52000.0,EMP01399,False,Active
EMP03035,Operations,India,Director,Male,24,2023-10-15,624,80900.0,,True,Active
EMP03036,Customer Support,USA,Senior Manager,Female,34,2022-10-25,979,126500.0,EMP02568,False,Active
EMP03037,Customer Support,USA,Manager,Male,28,2024-02-08,508,113800.0,EMP01292,False,Active
EMP03038,Sales,India,Senior IC,Male,25,2022-03-04,1214,35900.0,EMP01357,False,Active
EMP03039,Sales,India,Senior IC,Female,27,2023-11-25,583,32400.0,EMP01352,False,Terminated
EMP03040,Customer Support,Brazil,Senior IC,Male,27,2018-10-29,2436,39000.0,EMP01114,True,Active
EMP03041,Engineering,Canada,Individual Contributor,Female,29,2021-11-23,1315,45200.0,EMP01394,True,Active
EMP03042,Operations,USA,Senior IC,,32,2017-05-22,2961,83500.0,EMP00083,False,Active
EMP03043,Customer Support,Canada,Senior IC,Female,26,2020-04-10,1907,69600.0,EMP03066,True,Active
EMP03044,Engineering,India,Senior IC,Female,26,2020-08-05,1790,35400.0,EMP00899,False,Active
EMP03045,Customer Support,USA,Individual Contributor,Female,35,2024-07-17,348,55600.0,EMP01544,False,Active
EMP03046,Operations,UAE,Senior IC,Male,29,2020-12-16,1657,66800.0,EMP00611,True,Active
EMP03047,Engineering,USA,Senior IC,Non-binary,33,2015-04-06,3738,73700.0,EMP01857,False,Terminated
EMP03048,Customer Support,India,Senior IC,Female,24,2023-04-23,799,37900.0,EMP00964,False,Active
EMP03049,Operations,Brazil,Senior Manager,Female,32,2019-06-29,2193,79200.0,EMP00610,False,Active
EMP03050,Sales,USA,Team Lead,Female,23,2024-10-14,259,86200.0,EMP01012,False,Active
EMP03051,Operations,UAE,Individual Contributor,Female,21,2024-04-11,445,51600.0,EMP03169,False,Active
EMP03052,Sales,USA,Individual Contributor,Male,27,2022-09-03,1031,61200.0,EMP03018,True,Active
EMP03053,Customer Support,UAE,Team Lead,Female,26,2023-07-29,702,75600.0,EMP02747,False,Active
EMP03054,Customer Support,USA,Individual Contributor,Male,24,2023-12-02,576,53200.0,EMP00722,False,Active
EMP03055,Customer Support,USA,Manager,Male,23,2023-07-27,704,111300.0,EMP02263,False,Active
EMP03056,Engineering,Germany,Individual Contributor,Female,27,2021-04-19,1533,49400.0,EMP02870,False,Active
EMP03057,Customer Support,UAE,Individual Contributor,Male,29,2019-06-11,2211,42700.0,EMP02263,False,Active
EMP03058,Sales,USA,Individual Contributor,Non-binary,27,2021-01-18,1624,57600.0,EMP03018,True,Terminated
EMP03059,Sales,UAE,Team Lead,Male,30,2020-11-14,1689,68000.0,EMP00712,False,Active
EMP03060,Sales,USA,Director,Male,36,2022-08-01,1064,167800.0,,False,Active
EMP03061,Customer Support,India,Manager,Female,31,2024-04-22,434,50900.0,EMP01157,False,Active
EMP03062,Engineering,Germany,Senior IC,Female,35,2022-10-01,1003,60800.0,EMP02521,False,Active
EMP03063,Sales,USA,Manager,Male,26,2022-02-09,1237,115000.0,EMP00480,False,Active
EMP03064,Operations,Canada,Individual Contributor,Female,37,2019-04-06,2277,47100.0,EMP01113,False,Active
EMP03065,Engineering,Germany,Senior IC,Male,34,2016-07-20,3267,75300.0,EMP02442,True,Active
EMP03066,Engineering,Brazil,Senior Manager,Male,32,2021-07-16,1445,69400.0,EMP00070,True,Active
EMP03067,Engineering,India,Individual Contributor,Female,32,2019-09-07,2123,25500.0,EMP00915,False,Active
EMP03068,Sales,India,Senior Manager,Female,23,2025-03-11,111,60200.0,EMP02471,False,Active
EMP03069,Customer Support,India,Individual Contributor,Female,30,2023-02-11,870,26500.0,EMP00852,True,Active
EMP03070,Engineering,Canada,Individual Contributor,Male,29,2022-08-04,1061,48200.0,EMP02106,True,Terminated
EMP03071,Sales,Brazil,Senior IC,Female,22,2021-02-16,1595,41300.0,EMP01400,False,Active
EMP03072,Operations,India,Manager,Female,33,2016-05-31,3317,52500.0,EMP01585,True,Active
EMP03073,Customer Support,India,Individual Contributor,Male,32,2021-09-14,1385,30800.0,EMP01255,False,Active
EMP03074,Customer Support,India,Manager,Male,26,2024-11-16,226,54200.0,EMP03146,False,Active
EMP03075,Operations,Germany,Individual Contributor,Male,31,2020-10-31,1703,46400.0,EMP02509,True,Active
EMP03076,Operations,India,Team Lead,Male,24,2023-04-01,821,39200.0,EMP02537,False,Active
EMP03077,Engineering,India,Senior IC,Female,30,2021-02-20,1591,37300.0,EMP02749,False,Active
EMP03078,Customer Support,Brazil,Individual Contributor,Non-binary,29,2020-07-27,1799,26500.0,EMP01472,True,Active
EMP03079,Customer Support,Canada,Team Lead,Male,24,2024-12-03,209,81700.0,EMP00378,False,Active
EMP03080,Sales,Canada,Team Lead,Female,25,2022-09-15,1019,83600.0,EMP00179,False,Active
EMP03081,Sales,UAE,Senior IC,Female,31,2022-08-17,1048,66300.0,EMP01678,False,Active
EMP03082,Sales,India,Individual Contributor,Female,30,2021-09-26,1373,24600.0,EMP03072,False,Active
EMP03083,Customer Support,Brazil,Individual Contributor,Male,27,2023-10-25,614,30900.0,EMP01679,False,Active
EMP03084,Customer Support,USA,Senior Manager,Male,34,2024-03-09,478,139200.0,EMP03452,True,Active
EMP03085,Customer Support,India,Senior IC,Male,35,2016-07-05,3282,34000.0,EMP01817,False,Active
EMP03086,Engineering,USA,Manager,Male,33,2022-01-02,1275,107900.0,EMP02219,False,Active
EMP03087,Sales,USA,Team Lead,Male,27,2024-01-24,523,93100.0,EMP00276,False,Active
EMP03088,Engineering,Canada,Manager,Male,25,2023-07-13,718,89900.0,EMP02667,True,Active
EMP03089,Engineering,UAE,Individual Contributor,,30,2016-03-28,3381,46700.0,EMP03104,True,Active
EMP03090,Operations,India,Senior IC,Male,33,2018-06-17,2570,39900.0,EMP01768,False,Active
EMP03091,Operations,USA,Team Lead,Female,21,2023-09-13,656,96600.0,EMP03168,False,Active
EMP03092,Operations,Brazil,Individual Contributor,Male,27,2024-04-16,440,29000.0,EMP00838,False,Active
EMP03093,Operations,Germany,Individual Contributor,Male,27,2024-03-18,469,51300.0,EMP01711,True,Active
EMP03094,Operations,UAE,Senior IC,Female,30,2018-12-12,2392,59100.0,EMP03198,True,Active
EMP03095,Engineering,Canada,Manager,Male,26,2023-05-13,779,91100.0,EMP02100,False,Terminated
EMP03096,Sales,Germany,Team Lead,Male,21,2024-09-13,290,71800.0,EMP02396,False,Terminated
EMP03097,Sales,USA,Individual Contributor,Female,32,2023-06-25,736,56300.0,EMP01406,False,Active
EMP03098,Engineering,USA,Director,Male,27,2021-10-07,1362,181900.0,,True,Active
EMP03099,Sales,USA,Individual Contributor,Female,23,2022-09-28,1006,54900.0,EMP01297,True,Active
EMP03100,Sales,Germany,Individual Contributor,Male,34,2018-05-18,2600,46900.0,EMP02374,True,Terminated
EMP03101,Operations,USA,Director,Male,29,2021-09-25,1374,173400.0,,False,Active
EMP03102,Sales,USA,Team Lead,Female,27,2021-05-12,1510,99300.0,EMP01783,True,Active
EMP03103,Operations,USA,Senior Manager,Female,28,2019-12-01,2038,145400.0,EMP03255,True,Active
EMP03104,Customer Support,USA,Manager,Female,30,2020-02-11,1966,109000.0,EMP00200,False,Active
EMP03105,Customer Support,Brazil,Senior IC,Female,32,2023-06-28,733,45400.0,EMP01554,False,Active
EMP03106,Customer Support,USA,Individual Contributor,Male,28,2024-04-09,447,67100.0,EMP02292,False,Active
EMP03107,Engineering,UAE,Individual Contributor,Female,28,2021-12-11,1297,43800.0,EMP00299,False,Active
EMP03108,Customer Support,USA,Senior Manager,Male,31,2022-04-15,1172,133000.0,EMP00016,True,Active
EMP03109,Sales,USA,Manager,Female,28,2021-09-17,1382,115300.0,EMP00601,True,Active
EMP03110,Operations,USA,Individual Contributor,Female,30,2021-06-26,1465,51200.0,EMP00781,False,Terminated
EMP03111,Engineering,Brazil,Individual Contributor,Male,34,2016-12-12,3122,30800.0,EMP03079,False,Active
EMP03112,Sales,USA,Individual Contributor,Male,29,2023-01-17,895,55600.0,EMP00572,False,Active
EMP03113,Customer Support,India,Individual Contributor,Male,27,2021-05-16,1506,27200.0,EMP02232,False,Active
EMP03114,Customer Support,USA,Manager,Male,21,2024-04-11,445,104200.0,EMP01194,False,Active
EMP03115,Engineering,Canada,Individual Contributor,Male,30,2023-12-03,575,45000.0,EMP01849,False,Active
EMP03116,Customer Support,USA,Senior IC,Female,34,2022-06-07,1119,62900.0,EMP03180,True,Active
EMP03117,Sales,Germany,Senior Manager,Female,22,2024-02-09,507,138600.0,EMP03015,True,Active
EMP03118,Customer Support,UAE,Senior IC,Non-binary,30,2020-10-09,1725,66400.0,EMP00285,False,Active
EMP03119,Sales,USA,Senior IC,Female,27,2021-03-31,1552,78800.0,EMP00324,True,Active
EMP03120,Sales,USA,Individual Contributor,Male,30,2023-09-06,663,56700.0,EMP01255,False,Active
EMP03121,Sales,UAE,Individual Contributor,Male,28,2022-11-28,945,37200.0,EMP02821,False,Active
EMP03122,Engineering,USA,Individual Contributor,Male,44,2018-11-26,2408,51900.0,EMP02645,True,Active
EMP03123,Engineering,USA,Individual Contributor,Male,27,2021-12-22,1286,54100.0,EMP02156,False,Active
EMP03124,Engineering,Germany,Individual Contributor,Non-binary,42,2013-08-31,4321,46000.0,EMP03032,False,Active
EMP03125,Sales,USA,Individual Contributor,Female,34,2022-11-27,946,47700.0,EMP00642,True,Active
EMP03126,Sales,Canada,Individual Contributor,Male,29,2022-09-04,1030,44200.0,EMP02574,False,Active
EMP03127,Engineering,India,Individual Contributor,Male,28,2022-06-07,1119,26500.0,EMP03381,False,Active
EMP03128,Sales,India,Senior Manager,Female,26,2024-10-18,255,65200.0,EMP03364,False,Active
EMP03129,Customer Support,USA,Individual Contributor,Male,27,2022-10-09,995,59200.0,EMP02476,True,Active
EMP03130,Operations,Brazil,Individual Contributor,Female,32,2022-11-04,969,33600.0,EMP02415,False,Active
EMP03131,Engineering,Brazil,Manager,Female,26,2020-06-22,1834,60100.0,EMP00791,False,Active
EMP03132,Operations,USA,Individual Contributor,Male,31,2018-09-22,2473,54400.0,EMP02606,True,Active
EMP03133,Sales,Canada,Senior IC,Male,26,2023-01-27,885,74400.0,EMP00884,True,Active
EMP03134,Sales,India,Manager,Female,21,2025-02-09,141,45600.0,EMP01457,False,Active
EMP03135,Customer Support,UAE,Senior IC,Male,31,2022-01-31,1246,51500.0,EMP00431,True,Active
EMP03136,Customer Support,USA,Individual Contributor,Female,30,2024-02-14,502,51300.0,EMP01053,False,Active
EMP03137,Operations,USA,Team Lead,Female,26,2021-11-12,1326,95500.0,EMP00272,True,Active
EMP03138,Sales,Brazil,Team Lead,Female,32,2021-12-06,1302,47400.0,EMP01585,False,Active
EMP03139,Customer Support,UAE,Individual Contributor,Male,21,2023-10-16,623,41500.0,EMP00261,False,Active
EMP03140,Engineering,Germany,Individual Contributor,Female,28,2022-01-23,1254,47500.0,EMP02667,False,Active
EMP03141,Engineering,USA,Individual Contributor,Female,25,2024-09-03,300,49700.0,EMP02273,False,Active
EMP03142,Sales,UAE,Manager,Male,29,2021-09-14,1385,81300.0,EMP02264,True,Active
EMP03143,Operations,USA,Individual Contributor,Female,30,2020-02-25,1952,62000.0,EMP02443,False,Active
EMP03144,Sales,Germany,Individual Contributor,Female,29,2021-02-11,1600,49800.0,EMP02673,False,Active
EMP03145,Operations,India,Senior IC,Female,25,2023-06-15,746,40800.0,EMP02357,False,Active
EMP03146,Customer Support,USA,Senior Manager,Male,29,2020-06-01,1855,126000.0,EMP02187,False,Active
EMP03147,Customer Support,USA,Individual Contributor,Male,35,2020-10-21,1713,57400.0,EMP00644,False,Active
EMP03148,Customer Support,USA,Individual Contributor,Male,27,2020-08-28,1767,56200.0,EMP02560,False,Active
EMP03149,Operations,Canada,Individual Contributor,Female,41,2018-03-09,2670,51400.0,EMP01687,True,Active
EMP03150,Sales,Germany,Team Lead,Female,26,2021-06-13,1478,83600.0,EMP00572,False,Active
EMP03151,Sales,Brazil,Senior IC,Male,27,2024-03-29,458,42100.0,EMP01676,True,Active
EMP03152,Customer Support,Canada,Manager,Female,28,2024-01-18,529,99200.0,EMP01128,False,Active
EMP03153,Engineering,Brazil,Individual Contributor,Female,27,2021-06-12,1479,26300.0,EMP00688,False,Active
EMP03154,Sales,India,Individual Contributor,Female,31,2024-11-26,216,27900.0,EMP01948,False,Active
EMP03155,Sales,India,Individual Contributor,Female,29,2022-10-21,983,26200.0,EMP03134,False,Active
EMP03156,Engineering,Germany,Individual Contributor,Female,26,2023-03-04,849,47300.0,EMP00067,False,Active
EMP03157,Sales,India,Senior IC,Male,35,2020-11-23,1680,37700.0,EMP00499,True,Active
EMP03158,Sales,Canada,Team Lead,Male,21,2024-06-09,386,83800.0,EMP03200,False,Active
EMP03159,Operations,UAE,Individual Contributor,Male,27,2020-11-01,1702,43800.0,EMP02400,False,Active
EMP03160,Engineering,Germany,Team Lead,Female,29,2022-12-03,940,79600.0,EMP00852,False,Active
EMP03161,Operations,Germany,Individual Contributor,Male,32,2021-08-18,1412,44800.0,EMP01291,True,Active
EMP03162,Operations,Canada,Senior IC,Male,27,2024-05-09,417,55600.0,EMP00318,True,Active
EMP03163,Sales,USA,Individual Contributor,Male,29,2020-09-16,1748,54100.0,EMP02952,False,Active
EMP03164,Customer Support,UAE,Senior IC,Female,29,2019-07-07,2185,65700.0,EMP02307,False,Active
EMP03165,Customer Support,USA,Individual Contributor,Male,41,2013-03-05,4500,52700.0,EMP00827,False,Active
EMP03166,Customer Support,Brazil,Senior Manager,Female,29,2021-10-22,1347,78900.0,EMP00679,False,Terminated
EMP03167,Sales,UAE,Manager,Male,27,2019-08-28,2133,88800.0,EMP02400,False,Active
EMP03168,Sales,India,Manager,Male,22,2024-02-11,505,51400.0,EMP01954,False,Active
EMP03169,Sales,USA,Manager,Male,38,2018-06-10,2577,106700.0,EMP02622,False,Active
EMP03170,Customer Support,UAE,Individual Contributor,Male,23,2024-08-13,321,49200.0,EMP00892,False,Active
EMP03171,Operations,Germany,Senior IC,Male,35,2016-08-03,3253,63000.0,EMP03489,True,Active
EMP03172,Customer Support,Germany,Individual Contributor,Male,33,2022-01-23,1254,49900.0,EMP00602,False,Active
EMP03173,Customer Support,India,Manager,Female,28,2024-07-14,351,50000.0,EMP00630,False,Active
EMP03174,Operations,Germany,Individual Contributor,Female,24,2023-02-14,867,48100.0,EMP02568,False,Active
EMP03175,Customer Support,Brazil,Individual Contributor,Male,26,2019-09-12,2118,28900.0,EMP01969,False,Active
EMP03176,Sales,USA,Team Lead,Non-binary,35,2022-10-07,997,88900.0,EMP01353,False,Active
EMP03177,Operations,Germany,Individual Contributor,Male,23,2022-10-17,987,54600.0,EMP02574,True,Active
EMP03178,Engineering,Canada,Team Lead,Female,28,2020-01-18,1990,77900.0,EMP02001,True,Active
EMP03179,Sales,USA,Individual Contributor,Male,29,2022-08-06,1059,57700.0,EMP01406,False,Active
EMP03180,Engineering,India,Team Lead,Female,30,2018-09-23,2472,43500.0,EMP00770,False,Active
EMP03181,Operations,Brazil,Manager,Female,29,2023-07-03,728,63400.0,EMP02492,True,Active
EMP03182,Sales,Canada,Senior IC,Female,21,2024-11-08,234,63400.0,EMP01922,False,Active
EMP03183,Engineering,India,Individual Contributor,Female,27,2022-06-21,1105,25800.0,EMP03131,False,Active
EMP03184,Sales,UAE,Individual Contributor,Male,31,2022-03-16,1202,48300.0,EMP01454,False,Active
EMP03185,Sales,USA,Individual Contributor,Female,29,2023-07-25,706,53800.0,EMP00956,True,Active
EMP03186,Sales,Germany,Individual Contributor,Female,26,2021-09-15,1384,52400.0,EMP00173,True,Active
EMP03187,Customer Support,Canada,Senior IC,Male,21,2024-09-28,275,77200.0,EMP00975,False,Terminated
EMP03188,Operations,Canada,Individual Contributor,Female,29,2021-08-18,1412,44200.0,EMP02535,True,Active
EMP03189,Sales,India,Individual Contributor,Female,21,2024-04-17,439,29600.0,EMP01008,False,Active
EMP03190,Sales,India,Individual Contributor,Female,31,2024-07-15,350,25400.0,EMP01922,False,Active
EMP03191,Sales,India,Senior Manager,Female,28,2022-04-09,1178,71800.0,EMP00767,False,Active
EMP03192,Sales,USA,Individual Contributor,Male,23,2024-08-10,324,58200.0,EMP03251,False,Active
EMP03193,Engineering,Canada,Individual Contributor,Female,21,2025-01-20,161,50300.0,EMP03160,False,Active
EMP03194,Customer Support,UAE,Senior IC,Female,26,2021-04-08,1544,61000.0,EMP02820,False,Active
EMP03195,Customer Support,India,Individual Contributor,Female,21,2024-03-04,483,25900.0,EMP02560,True,Active
EMP03196,Engineering,USA,Senior Manager,Female,31,2020-12-19,1654,127900.0,EMP01991,True,Terminated
EMP03197,Engineering,Germany,Individual Contributor,Female,24,2022-12-30,913,50400.0,EMP00030,False,Active
EMP03198,Sales,USA,Team Lead,Female,29,2022-04-10,1177,88400.0,EMP00149,True,Active
EMP03199,Sales,Brazil,Senior IC,Female,33,2019-08-20,2141,39600.0,EMP01528,True,Active
EMP03200,Operations,India,Manager,Female,32,2021-06-05,1486,46400.0,EMP02625,True,Active
EMP03201,Customer Support,USA,Senior IC,Male,30,2020-11-25,1678,74900.0,EMP00486,False,Active
EMP03202,Operations,India,Team Lead,Female,33,2021-01-05,1637,47200.0,EMP01905,False,Active
EMP03203,Operations,Canada,Senior IC,Female,32,2023-09-14,655,69900.0,EMP03336,False,Active
EMP03204,Customer Support,USA,Senior IC,Male,29,2021-07-20,1441,74900.0,EMP02920,False,Active
EMP03205,Operations,India,Team Lead,Female,27,2024-01-10,537,51700.0,EMP01920,True,Active
EMP03206,Engineering,India,Senior IC,Male,26,2021-07-18,1443,34100.0,EMP02013,False,Active
EMP03207,Sales,USA,Senior IC,Female,23,2023-01-31,881,74200.0,EMP00218,False,Active
EMP03208,Sales,India,Individual Contributor,Male,32,2022-09-14,1020,23300.0,EMP00005,False,Active
EMP03209,Sales,India,Individual Contributor,Male,35,2017-03-25,3019,25500.0,EMP01104,False,Active
EMP03210,Sales,USA,Individual Contributor,Female,32,2021-02-20,1591,63100.0,EMP02839,True,Active
EMP03211,Engineering,USA,Individual Contributor,Female,24,2023-08-05,695,53600.0,EMP00021,False,Terminated
EMP03212,Customer Support,UAE,Individual Contributor,Male,32,2024-09-30,273,40000.0,EMP02779,False,Active
EMP03213,Customer Support,Germany,Individual Contributor,Non-binary,27,2022-03-14,1204,53900.0,EMP00917,False,Active
EMP03214,Customer Support,India,Senior IC,Female,22,2024-08-26,308,36900.0,EMP00368,True,Active
EMP03215,Sales,India,Team Lead,Male,31,2016-07-19,3268,45800.0,EMP00357,False,Active
EMP03216,Customer Support,UAE,Senior IC,Female,34,2022-08-24,1041,60300.0,EMP02384,True,Active
EMP03217,Engineering,Brazil,Team Lead,Male,26,2020-01-06,2002,43000.0,EMP00153,False,Active
EMP03218,Sales,UAE,Individual Contributor,,23,2024-06-25,370,44900.0,EMP01820,True,Active
EMP03219,Sales,India,Individual Contributor,Male,40,2021-03-20,1563,27600.0,EMP03271,True,Active
EMP03220,Engineering,India,Team Lead,Female,35,2019-04-02,2281,42700.0,EMP02053,False,Active
EMP03221,Sales,Germany,Manager,Male,26,2020-12-22,1651,102800.0,EMP01172,False,Active
EMP03222,Customer Support,Germany,Team Lead,Female,25,2020-04-14,1903,78400.0,EMP03104,True,Active
EMP03223,Customer Support,Germany,Team Lead,Male,22,2021-06-24,1467,84700.0,EMP00262,False,Active
EMP03224,Customer Support,USA,Team Lead,Male,27,2023-04-01,821,89700.0,EMP00899,False,Active
EMP03225,Sales,Germany,Team Lead,Male,29,2023-12-23,555,77300.0,EMP00612,False,Active
EMP03226,Customer Support,Germany,Team Lead,Non-binary,32,2023-10-09,630,82800.0,EMP00046,True,Active
EMP03227,Customer Support,USA,Team Lead,Female,26,2016-05-31,3317,86900.0,EMP03336,False,Active
EMP03228,Sales,USA,Individual Contributor,Male,23,2021-12-13,1295,57900.0,EMP00745,False,Active
EMP03229,Customer Support,Brazil,Individual Contributor,Female,31,2018-11-12,2422,30800.0,EMP00262,False,Active
EMP03230,Engineering,India,Individual Contributor,Male,38,2023-07-04,727,27500.0,EMP03215,True,Active
EMP03231,Engineering,UAE,Senior IC,Male,33,2020-06-28,1828,53700.0,EMP03356,True,Active
EMP03232,Sales,India,Team Lead,Female,27,2024-01-24,523,39600.0,EMP00753,False,Active
EMP03233,Engineering,UAE,Individual Contributor,Female,22,2022-12-12,931,43300.0,EMP01405,False,Active
EMP03234,Sales,UAE,Individual Contributor,Male,21,2023-04-29,793,42700.0,EMP02355,True,Active
EMP03235,Sales,USA,Team Lead,Male,33,2017-01-25,3078,85800.0,EMP01480,True,Active
EMP03236,Sales,Canada,Individual Contributor,Male,26,2023-11-09,599,51600.0,EMP02747,True,Active
EMP03237,Operations,USA,Manager,Male,28,2020-11-09,1694,115400.0,EMP00892,False,Active
EMP03238,Sales,India,Individual Contributor,Female,27,2021-05-28,1494,25500.0,EMP02834,True,Terminated
EMP03239,Engineering,UAE,Individual Contributor,Male,23,2024-05-25,401,47800.0,EMP01944,False,Active
EMP03240,Engineering,Germany,Individual Contributor,Male,27,2018-10-27,2438,51700.0,EMP00040,True,Active
EMP03241,Operations,India,Individual Contributor,Male,37,2018-04-24,2624,26300.0,EMP02163,False,Active
EMP03242,Engineering,Germany,Individual Contributor,Male,25,2021-12-10,1298,55000.0,EMP00039,False,Active
EMP03243,Operations,USA,Individual Contributor,Male,27,2022-05-06,1151,52300.0,EMP02957,True,Active
EMP03244,Sales,USA,Individual Contributor,Male,25,2024-11-12,230,55400.0,EMP03464,False,Active
EMP03245,Sales,USA,Individual Contributor,Male,28,2024-07-15,350,50600.0,EMP00569,False,Active
EMP03246,Engineering,USA,Team Lead,Male,24,2022-12-30,913,82500.0,EMP01825,False,Active
EMP03247,Engineering,India,Individual Contributor,Male,30,2024-01-10,537,23500.0,EMP01186,True,Active
EMP03248,Customer Support,India,Individual Contributor,Female,28,2020-01-05,2003,24300.0,EMP00236,False,Terminated
EMP03249,Operations,India,Individual Contributor,Female,25,2024-07-27,338,26600.0,EMP02367,True,Active
EMP03250,Engineering,Brazil,Senior Manager,Male,32,2024-08-24,310,69100.0,EMP00094,False,Active
EMP03251,Operations,USA,Team Lead,Male,25,2021-02-17,1594,87800.0,EMP00083,False,Active
EMP03252,Engineering,USA,Director,Male,31,2021-08-06,1424,168400.0,,False,Active
EMP03253,Sales,Brazil,Senior Manager,Male,32,2022-02-12,1234,80800.0,EMP00994,False,Active
EMP03254,Engineering,Canada,Individual Contributor,Female,31,2020-06-23,1833,43600.0,EMP03169,True,Active
EMP03255,Sales,Germany,Team Lead,Female,26,2023-08-19,681,73700.0,EMP02061,False,Active
EMP03256,Customer Support,USA,Individual Contributor,Male,35,2023-04-01,821,51500.0,EMP01818,False,Active
EMP03257,Sales,UAE,Manager,Male,28,2021-09-05,1394,89700.0,EMP01422,False,Active
EMP03258,Engineering,Canada,Individual Contributor,Female,29,2021-12-15,1293,50000.0,EMP01297,False,Active
EMP03259,Engineering,Germany,Individual Contributor,Female,25,2023-12-03,575,52900.0,EMP00796,False,Active
EMP03260,Sales,USA,Senior Manager,Female,31,2019-06-02,2220,146000.0,EMP02442,True,Active
EMP03261,Sales,USA,Manager,Female,29,2024-05-14,412,108300.0,EMP02106,False,Active
EMP03262,Customer Support,India,Senior Manager,Male,26,2023-02-09,872,62800.0,EMP00081,True,Active
EMP03263,Sales,Canada,Individual Contributor,Female,21,2024-04-18,438,54300.0,EMP01128,False,Active
EMP03264,Engineering,Brazil,Individual Contributor,Female,38,2013-12-05,4225,22400.0,EMP03150,False,Terminated
EMP03265,Engineering,Germany,Individual Contributor,Male,23,2022-04-14,1173,50700.0,EMP01723,True,Active
EMP03266,Sales,India,Senior IC,Male,29,2024-02-07,509,37000.0,EMP00916,True,Active
EMP03267,Sales,UAE,Senior IC,Male,27,2023-04-24,798,71000.0,EMP00813,True,Active
EMP03268,Customer Support,India,Individual Contributor,Female,32,2021-09-19,1380,22900.0,EMP00671,False,Active
EMP03269,Operations,UAE,Team Lead,Female,26,2020-01-14,1994,71600.0,EMP03027,False,Active
EMP03270,Sales,Germany,Individual Contributor,Female,24,2023-12-26,552,44900.0,EMP01086,True,Active
EMP03271,Operations,Germany,Team Lead,Male,31,2018-01-27,2711,70100.0,EMP01045,False,Terminated
EMP03272,Customer Support,India,Manager,Female,22,2022-05-16,1141,51400.0,EMP00236,False,Active
EMP03273,Customer Support,India,Senior IC,Male,33,2021-02-07,1604,38100.0,EMP03104,True,Active
EMP03274,Customer Support,Canada,Individual Contributor,Male,21,2023-06-10,751,52600.0,EMP01356,False,Active
EMP03275,Customer Support,India,Individual Contributor,Male,33,2021-07-10,1451,25300.0,EMP02451,False,Active
EMP03276,Customer Support,Germany,Individual Contributor,Female,28,2023-07-22,709,53100.0,EMP02485,False,Active
EMP03277,Engineering,Germany,Team Lead,Female,26,2023-03-22,831,80600.0,EMP01233,False,Active
EMP03278,Engineering,India,Senior IC,Male,31,2019-11-25,2044,37300.0,EMP01744,False,Active
EMP03279,Engineering,Germany,Individual Contributor,Female,30,2021-04-08,1544,55100.0,EMP00372,False,Terminated
EMP03280,Sales,Brazil,Director,Male,25,2023-01-17,895,88600.0,,False,Active
EMP03281,Customer Support,Germany,Team Lead,Female,31,2020-02-06,1971,89000.0,EMP02354,True,Active
EMP03282,Sales,Germany,Manager,Non-binary,31,2021-10-20,1349,90100.0,EMP00762,False,Active
EMP03283,Sales,India,Senior IC,Male,21,2024-12-20,192,37600.0,EMP00681,False,Active
EMP03284,Sales,USA,Senior Manager,Female,29,2022-09-11,1023,146900.0,EMP01394,True,Terminated
EMP03285,Sales,India,Individual Contributor,Male,21,2019-12-25,2014,28400.0,EMP02402,False,Active
EMP03286,Customer Support,India,Individual Contributor,Male,26,2016-08-03,3253,23900.0,EMP01810,False,Active
EMP03287,Customer Support,India,Manager,Male,28,2024-03-18,469,51400.0,EMP00217,True,Active
EMP03288,Engineering,Brazil,Manager,Female,28,2020-03-20,1928,58400.0,EMP01997,False,Active
EMP03289,Sales,Brazil,Senior IC,Female,24,2022-05-22,1135,40400.0,EMP02454,True,Active
EMP03290,Engineering,UAE,Individual Contributor,Male,25,2024-05-25,401,46000.0,EMP00656,True,Terminated
EMP03291,Engineering,Germany,Individual Contributor,Female,24,2024-04-24,432,56200.0,EMP01534,False,Active
EMP03292,Customer Support,Germany,Team Lead,Male,22,2024-03-03,484,73400.0,EMP02820,True,Active
EMP03293,Engineering,Brazil,Manager,Female,21,2024-09-07,296,55900.0,EMP01132,False,Active
EMP03294,Engineering,India,Individual Contributor,Male,21,2024-06-25,370,22800.0,EMP00325,True,Active
EMP03295,Engineering,India,Individual Contributor,Female,31,2022-04-19,1168,27700.0,EMP03237,False,Active
EMP03296,Operations,India,Team Lead,Male,23,2024-12-25,187,44800.0,EMP00364,False,Active
EMP03297,Customer Support,Brazil,Team Lead,Female,30,2023-12-19,559,59300.0,EMP00217,True,Active
EMP03298,Engineering,USA,Senior IC,Female,25,2023-03-15,838,80900.0,EMP00899,True,Active
EMP03299,Engineering,India,Senior IC,Female,27,2023-12-16,562,36700.0,EMP02624,True,Active
EMP03300,Sales,USA,Director,Male,25,2024-08-02,332,176000.0,,True,Active
EMP03301,Operations,Germany,Individual Contributor,Female,28,2022-06-17,1109,49100.0,EMP00834,False,Active
EMP03302,Engineering,Brazil,Senior IC,Male,26,2023-12-26,552,39400.0,EMP00276,False,Active
EMP03303,Sales,India,Senior IC,Female,24,2023-11-19,589,36500.0,EMP03336,False,Active
EMP03304,Operations,Germany,Senior IC,Male,22,2022-10-16,988,57500.0,EMP00030,False,Active
EMP03305,Customer Support,Canada,Manager,Male,32,2020-11-16,1687,96500.0,EMP03235,False,Active
EMP03306,Sales,Brazil,Senior IC,Female,33,2023-09-03,666,39300.0,EMP01630,False,Active
EMP03307,Sales,India,Senior IC,Female,33,2023-08-06,694,40800.0,EMP00680,False,Active
EMP03308,Sales,Canada,Individual Contributor,Female,23,2024-06-07,388,47500.0,EMP01222,False,Active
EMP03309,Customer Support,Germany,Team Lead,Male,27,2020-01-09,1999,76900.0,EMP01080,False,Active
EMP03310,Sales,UAE,Individual Contributor,Male,25,2022-06-03,1123,46600.0,EMP00576,True,Active
EMP03311,Operations,USA,Individual Contributor,Female,29,2020-04-01,1916,55500.0,EMP01490,True,Active
EMP03312,Operations,Germany,Senior IC,Male,30,2019-09-06,2124,67500.0,EMP02273,True,Active
EMP03313,Engineering,Germany,Senior IC,Male,22,2023-09-10,659,61300.0,EMP01630,True,Active
EMP03314,Customer Support,USA,Director,Male,24,2020-07-05,1821,170300.0,,False,Active
EMP03315,Sales,India,Team Lead,Male,28,2022-03-14,1204,40900.0,EMP03384,False,Active
EMP03316,Sales,USA,Manager,,21,2023-07-24,707,107400.0,EMP00455,False,Active
EMP03317,Customer Support,India,Individual Contributor,Male,26,2023-10-17,622,27900.0,EMP02584,False,Active
EMP03318,Sales,USA,Senior IC,Male,24,2022-06-25,1101,70700.0,EMP00813,True,Active
EMP03319,Sales,USA,Director,Female,31,2021-12-14,1294,169400.0,,False,Active
EMP03320,Engineering,Canada,Individual Contributor,Male,29,2025-02-10,140,50100.0,EMP01273,True,Active
EMP03321,Sales,India,Manager,Non-binary,31,2023-05-04,788,51100.0,EMP01368,True,Terminated
EMP03322,Engineering,Canada,Senior IC,Male,27,2022-01-21,1256,78600.0,EMP03473,True,Active
EMP03323,Customer Support,India,Individual Contributor,Female,24,2021-06-22,1469,26900.0,EMP01213,True,Active
EMP03324,Customer Support,USA,Senior IC,Male,24,2022-10-21,983,67300.0,EMP02668,True,Active
EMP03325,Customer Support,India,Individual Contributor,Female,30,2021-07-23,1438,24600.0,EMP03271,False,Active
EMP03326,Operations,India,Individual Contributor,Male,21,2023-10-16,623,24400.0,EMP01186,True,Active
EMP03327,Engineering,USA,Individual Contributor,Female,34,2021-08-17,1413,51600.0,EMP00630,True,Active
EMP03328,Operations,UAE,Individual Contributor,Male,27,2021-12-25,1283,47600.0,EMP03364,True,Active
EMP03329,Engineering,India,Individual Contributor,Female,32,2019-09-29,2101,24100.0,EMP01570,False,Active
EMP03330,Sales,Brazil,Manager,Female,25,2017-10-28,2802,55500.0,EMP01560,False,Active
EMP03331,Operations,India,Individual Contributor,Female,27,2019-08-26,2135,28800.0,EMP02539,True,Active
EMP03332,Sales,India,Manager,Female,21,2023-01-17,895,50100.0,EMP01325,True,Active
EMP03333,Sales,USA,Senior IC,Female,30,2024-05-18,408,78800.0,EMP01878,False,Active
EMP03334,Sales,Canada,Individual Contributor,Male,25,2023-12-19,559,41500.0,EMP03296,False,Active
EMP03335,Engineering,Germany,Individual Contributor,Male,34,2017-12-16,2753,48900.0,EMP00164,False,Active
EMP03336,Engineering,USA,Senior Manager,Male,28,2022-05-15,1142,126100.0,EMP02574,False,Active
EMP03337,Engineering,USA,Senior IC,Male,30,2021-11-19,1319,76500.0,EMP01391,True,Active
EMP03338,Operations,India,Senior Manager,Female,28,2020-04-03,1914,59500.0,EMP01902,False,Active
EMP03339,Sales,Canada,Individual Contributor,Male,27,2022-07-03,1093,55900.0,EMP03191,False,Active
EMP03340,Engineering,Canada,Team Lead,Male,31,2019-01-24,2349,67800.0,EMP02077,False,Active
EMP03341,Engineering,Brazil,Team Lead,Female,27,2024-06-30,365,51100.0,EMP01448,False,Active
EMP03342,Operations,Canada,Director,Male,30,2021-05-06,1516,160500.0,,False,Active
EMP03343,Sales,Brazil,Individual Contributor,Male,45,2016-06-06,3311,29500.0,EMP02105,False,Active
EMP03344,Sales,Germany,Senior Manager,Male,38,2018-09-22,2473,124400.0,EMP00561,False,Active
EMP03345,Engineering,India,Individual Contributor,Male,24,2018-06-20,2567,30300.0,EMP00324,False,Active
EMP03346,Customer Support,USA,Manager,Female,25,2024-08-01,333,130800.0,EMP01222,False,Active
EMP03347,Customer Support,USA,Senior IC,Male,26,2022-01-08,1269,73500.0,EMP02493,True,Active
EMP03348,Customer Support,Germany,Senior IC,Female,32,2022-10-06,998,69100.0,EMP01454,True,Active
EMP03349,Customer Support,USA,Individual Contributor,Male,25,2023-12-22,556,52800.0,EMP00607,True,Terminated
EMP03350,Engineering,Canada,Manager,,30,2021-12-25,1283,86100.0,EMP03452,False,Active
EMP03351,Sales,Canada,Individual Contributor,Male,21,2024-05-15,411,49800.0,EMP00686,False,Active
EMP03352,Sales,Germany,Senior IC,Male,22,2021-07-25,1436,69600.0,EMP00297,False,Active
EMP03353,Sales,Brazil,Senior IC,Female,34,2024-01-25,522,34000.0,EMP01327,False,Active
EMP03354,Engineering,Germany,Team Lead,Female,29,2021-09-12,1387,84900.0,EMP00412,False,Active
EMP03355,Engineering,USA,Senior IC,Female,22,2023-11-30,578,76400.0,EMP02056,False,Active
EMP03356,Engineering,Germany,Team Lead,Male,28,2023-02-24,857,78000.0,EMP01502,True,Active
EMP03357,Engineering,USA,Senior IC,Male,22,2023-04-24,798,70800.0,EMP03250,True,Active
EMP03358,Engineering,Germany,Senior IC,Female,26,2022-10-21,983,70600.0,EMP00610,True,Terminated
EMP03359,Customer Support,USA,Team Lead,Male,22,2022-08-08,1057,101200.0,EMP00966,False,Active
EMP03360,Customer Support,USA,Team Lead,Male,24,2023-04-22,800,92600.0,EMP02387,True,Active
EMP03361,Engineering,USA,Manager,Female,24,2024-03-10,477,116100.0,EMP02426,True,Active
EMP03362,Engineering,Canada,Senior IC,Male,35,2019-06-28,2194,60700.0,EMP01264,True,Active
EMP03363,Customer Support,USA,Individual Contributor,Female,29,2022-07-07,1089,53400.0,EMP03226,False,Active
EMP03364,Customer Support,Germany,Team Lead,Female,31,2021-12-05,1303,85900.0,EMP02957,False,Terminated
EMP03365,Engineering,India,Individual Contributor,Female,27,2023-04-21,801,23500.0,EMP02125,False,Active
EMP03366,Engineering,Germany,Individual Contributor,Female,40,2013-09-15,4306,51200.0,EMP02620,True,Active
EMP03367,Customer Support,India,Team Lead,Male,24,2022-04-29,1158,44600.0,EMP01850,False,Active
EMP03368,Customer Support,USA,Senior IC,Male,28,2019-04-15,2268,74500.0,EMP01624,True,Active
EMP03369,Sales,India,Senior IC,Female,29,2023-02-13,868,36700.0,EMP01892,False,Active
EMP03370,Engineering,India,Director,Male,28,2021-03-25,1558,82900.0,,False,Active
EMP03371,Operations,Brazil,Individual Contributor,Female,27,2022-11-19,954,27400.0,EMP00067,True,Active
EMP03372,Sales,India,Individual Contributor,Female,29,2019-12-06,2033,23900.0,EMP00370,False,Active
EMP03373,Operations,Germany,Individual Contributor,Male,32,2023-06-24,737,50000.0,EMP01652,False,Active
EMP03374,Sales,Germany,Individual Contributor,Male,31,2024-04-25,431,55700.0,EMP02020,False,Active
EMP03375,Engineering,USA,Team Lead,Male,26,2021-12-08,1300,97100.0,EMP00632,True,Active
EMP03376,Engineering,India,Team Lead,Female,23,2019-09-06,2124,41700.0,EMP02105,False,Active
EMP03377,Sales,USA,Senior IC,,24,2022-10-29,975,72600.0,EMP00086,True,Active
EMP03378,Operations,Germany,Individual Contributor,,23,2023-07-09,722,48600.0,EMP00879,True,Active
EMP03379,Engineering,Brazil,Senior IC,Male,29,2024-06-30,365,37600.0,EMP01573,False,Terminated
EMP03380,Operations,USA,Individual Contributor,Female,34,2019-08-18,2143,56500.0,EMP00165,False,Active
EMP03381,Sales,USA,Team Lead,Male,22,2024-01-07,540,97300.0,EMP02218,False,Active
EMP03382,Operations,India,Senior IC,Female,24,2023-04-30,792,42200.0,EMP01849,False,Active
EMP03383,Operations,Germany,Individual Contributor,Male,21,2023-05-13,779,47100.0,EMP01971,False,Active
EMP03384,Engineering,UAE,Manager,Female,28,2022-09-02,1032,95000.0,EMP01790,True,Active
EMP03385,Sales,Canada,Team Lead,Male,29,2021-04-03,1549,81400.0,EMP02401,False,Active
EMP03386,Customer Support,Canada,Individual Contributor,Male,37,2015-11-02,3528,46700.0,EMP02270,False,Active
EMP03387,Engineering,Germany,Senior IC,Non-binary,30,2021-10-30,1339,62600.0,EMP02287,False,Active
EMP03388,Operations,USA,Senior IC,,28,2024-06-28,367,76400.0,EMP00756,False,Active
EMP03389,Engineering,India,Individual Contributor,Male,21,2022-10-09,995,30900.0,EMP02395,True,Active
EMP03390,Sales,India,Individual Contributor,Female,26,2021-10-16,1353,27000.0,EMP00632,False,Active
EMP03391,Sales,India,Team Lead,Male,35,2018-12-31,2373,40200.0,EMP00080,False,Active
EMP03392,Customer Support,Germany,Senior Manager,Male,28,2019-06-25,2197,122300.0,EMP03416,False,Active
EMP03393,Operations,USA,Senior IC,Male,21,2022-11-06,967,67900.0,EMP00630,False,Active
EMP03394,Sales,USA,Senior IC,Male,31,2022-05-22,1135,74900.0,EMP00418,False,Active
EMP03395,Customer Support,USA,Senior IC,Female,26,2022-01-25,1252,78800.0,EMP01055,False,Active
EMP03396,Operations,USA,Senior IC,Male,32,2022-05-18,1139,70600.0,EMP03500,False,Active
EMP03397,Sales,Canada,Individual Contributor,Female,27,2022-10-10,994,35500.0,EMP03033,True,Active
EMP03398,Sales,USA,Individual Contributor,Female,31,2017-09-09,2851,56400.0,EMP02501,False,Active
EMP03399,Customer Support,India,Manager,Female,32,2023-10-11,628,50200.0,EMP00658,False,Active
EMP03400,Customer Support,Canada,Manager,Male,25,2020-02-26,1951,89300.0,EMP02206,False,Active
EMP03401,Sales,Germany,Senior Manager,Female,35,2020-10-14,1720,116400.0,EMP02910,False,Active
EMP03402,Operations,India,Individual Contributor,Male,25,2022-11-06,967,27200.0,EMP01194,True,Active
EMP03403,Engineering,Brazil,Senior IC,Male,27,2023-11-11,597,37700.0,EMP00923,True,Active
EMP03404,Operations,Germany,Senior IC,Male,28,2022-07-10,1086,73300.0,EMP03050,True,Active
EMP03405,Operations,India,Individual Contributor,Female,27,2021-02-17,1594,28400.0,EMP00492,False,Active
EMP03406,Customer Support,UAE,Individual Contributor,Male,22,2025-05-06,55,44600.0,EMP03191,False,Active
EMP03407,Engineering,Brazil,Team Lead,Female,24,2024-05-18,408,44800.0,EMP01670,False,Active
EMP03408,Sales,UAE,Team Lead,Female,21,2025-03-18,104,74900.0,EMP02514,False,Active
EMP03409,Engineering,Canada,Senior IC,Female,36,2021-11-25,1313,64200.0,EMP01297,False,Active
EMP03410,Sales,Germany,Individual Contributor,Female,26,2022-01-06,1271,43300.0,EMP02471,False,Active
EMP03411,Customer Support,Brazil,Senior IC,Male,30,2024-04-06,450,45000.0,EMP03237,False,Active
EMP03412,Sales,India,Individual Contributor,Female,30,2023-12-18,560,27900.0,EMP01724,True,Active
EMP03413,Engineering,Brazil,Individual Contributor,Male,29,2022-02-23,1223,27700.0,EMP00754,False,Active
EMP03414,Sales,Brazil,Senior IC,Female,25,2024-10-06,267,33000.0,EMP00280,True,Active
EMP03415,Sales,Brazil,Individual Contributor,Non-binary,30,2020-12-14,1659,28400.0,EMP03246,True,Active
EMP03416,Sales,Canada,Senior Manager,Male,29,2023-01-24,888,112400.0,EMP03499,False,Active
EMP03417,Customer Support,Germany,Senior IC,Female,28,2022-08-30,1035,67900.0,EMP02266,True,Active
EMP03418,Customer Support,India,Individual Contributor,Male,21,2022-06-27,1099,21800.0,EMP00066,False,Active
EMP03419,Sales,Germany,Individual Contributor,Female,21,2024-06-22,373,48500.0,EMP03096,True,Active
EMP03420,Operations,India,Team Lead,Male,34,2022-06-23,1103,41500.0,EMP01727,False,Active
EMP03421,Operations,Brazil,Individual Contributor,Male,21,2021-04-23,1529,28400.0,EMP00831,True,Active
EMP03422,Engineering,UAE,Individual Contributor,Male,27,2023-11-02,606,44700.0,EMP01278,False,Active
EMP03423,Customer Support,Germany,Senior IC,Female,25,2023-12-26,552,68500.0,EMP03288,False,Active
EMP03424,Engineering,India,Individual Contributor,Non-binary,34,2016-03-20,3389,29600.0,EMP02693,False,Active
EMP03425,Sales,Germany,Senior IC,Male,21,2024-02-09,507,65400.0,EMP02069,False,Active
EMP03426,Engineering,USA,Senior IC,Male,28,2023-05-31,761,69300.0,EMP02574,True,Active
EMP03427,Sales,USA,Individual Contributor,Female,32,2018-07-27,2530,47600.0,EMP02964,False,Active
EMP03428,Operations,Canada,Team Lead,Female,36,2024-10-23,250,74800.0,EMP02189,True,Active
EMP03429,Operations,Germany,Senior IC,Male,28,2022-11-25,948,60600.0,EMP01096,False,Active
EMP03430,Operations,Canada,Senior IC,Male,34,2021-05-15,1507,70000.0,EMP00271,False,Terminated
EMP03431,Engineering,USA,Individual Contributor,Male,21,2022-10-13,991,54800.0,EMP00458,False,Active
EMP03432,Engineering,Brazil,Senior IC,Male,29,2024-11-28,214,41900.0,EMP00839,False,Active
EMP03433,Operations,India,Individual Contributor,Male,27,2024-05-18,408,29500.0,EMP02668,True,Active
EMP03434,Sales,Brazil,Senior IC,Male,26,2024-12-31,181,36300.0,EMP00343,False,Active
EMP03435,Sales,India,Individual Contributor,Male,28,2023-01-10,902,25700.0,EMP00472,False,Active
EMP03436,Engineering,Brazil,Director,Female,35,2021-10-13,1356,99600.0,,False,Active
EMP03437,Engineering,Canada,Individual Contributor,Male,27,2023-11-06,602,48700.0,EMP01400,False,Active
EMP03438,Engineering,India,Senior Manager,Female,24,2023-04-18,804,67600.0,EMP00480,False,Active
EMP03439,Sales,USA,Senior Manager,Male,24,2023-04-21,801,146900.0,EMP03061,True,Active
EMP03440,Customer Support,USA,Senior IC,Male,34,2019-04-16,2267,80100.0,EMP03370,False,Active
EMP03441,Sales,Brazil,Individual Contributor,Male,30,2022-03-08,1210,29700.0,EMP01764,False,Active
EMP03442,Sales,India,Individual Contributor,Female,21,2022-06-26,1100,29300.0,EMP00416,False,Active
EMP03443,Sales,India,Director,,32,2019-12-06,2033,82000.0,,False,Active
EMP03444,Engineering,India,Senior IC,Female,21,2024-08-22,312,37200.0,EMP03029,False,Terminated
EMP03445,Operations,Germany,Senior IC,Female,30,2022-03-19,1199,67300.0,EMP03364,True,Active
EMP03446,Engineering,Brazil,Individual Contributor,Male,23,2023-08-17,683,31200.0,EMP02001,False,Active
EMP03447,Customer Support,Brazil,Manager,Male,30,2018-09-25,2470,53800.0,EMP03296,False,Active
EMP03448,Customer Support,Brazil,Individual Contributor,Female,28,2019-11-25,2044,24900.0,EMP02906,False,Active
EMP03449,Engineering,Brazil,Individual Contributor,Male,32,2023-08-17,683,30300.0,EMP00592,False,Active
EMP03450,Operations,Canada,Individual Contributor,,28,2023-03-12,841,44100.0,EMP02218,False,Active
EMP03451,Customer Support,India,Senior IC,Male,31,2024-03-06,481,32500.0,EMP02316,False,Active
EMP03452,Engineering,Canada,Manager,Male,41,2020-06-22,1834,104600.0,EMP02668,True,Active
EMP03453,Sales,USA,Team Lead,Male,29,2021-03-08,1575,96600.0,EMP01830,True,Active
EMP03454,Sales,India,Individual Contributor,Male,33,2023-02-05,876,25700.0,EMP02547,False,Active
EMP03455,Operations,Brazil,Individual Contributor,Non-binary,24,2023-02-12,869,21800.0,EMP02027,False,Active
EMP03456,Customer Support,India,Team Lead,Male,32,2023-07-04,727,44700.0,EMP00925,True,Active
EMP03457,Operations,Germany,Senior IC,Female,28,2019-01-01,2372,71900.0,EMP01680,False,Active
EMP03458,Operations,India,Individual Contributor,Female,27,2022-12-09,934,27500.0,EMP03271,False,Active
EMP03459,Sales,Germany,Individual Contributor,Male,29,2023-06-12,749,52300.0,EMP02947,True,Active
EMP03460,Customer Support,Canada,Senior IC,Female,32,2020-10-19,1715,64100.0,EMP02240,True,Active
EMP03461,Engineering,Germany,Director,Male,21,2025-03-28,94,152300.0,,False,Active
EMP03462,Customer Support,USA,Team Lead,Female,23,2023-03-23,830,81800.0,EMP00718,False,Active
EMP03463,Sales,India,Individual Contributor,Male,32,2020-05-12,1875,24900.0,EMP01006,False,Active
EMP03464,Sales,Germany,Team Lead,Male,30,2018-01-13,2725,84000.0,EMP01064,False,Active
EMP03465,Customer Support,USA,Individual Contributor,Male,21,2023-10-16,623,56700.0,EMP03356,True,Active
EMP03466,Customer Support,India,Manager,Male,28,2021-07-07,1454,55600.0,EMP01840,False,Active
EMP03467,Customer Support,India,Individual Contributor,Female,26,2023-10-19,620,23400.0,EMP01359,True,Active
EMP03468,Engineering,USA,Individual Contributor,Male,35,2015-09-17,3574,47900.0,EMP03087,False,Active
EMP03469,Engineering,India,Senior IC,Female,30,2022-05-08,1149,34700.0,EMP01288,False,Active
EMP03470,Operations,India,Individual Contributor,Male,31,2021-03-16,1567,24200.0,EMP02772,False,Active
EMP03471,Engineering,Brazil,Individual Contributor,Male,22,2025-03-01,121,29200.0,EMP02234,False,Active
EMP03472,Engineering,Germany,Senior IC,Female,25,2023-07-10,721,61100.0,EMP01053,True,Active
EMP03473,Engineering,USA,Team Lead,Female,33,2020-10-13,1721,98200.0,EMP03354,False,Active
EMP03474,Engineering,Canada,Manager,Female,23,2024-08-25,309,88800.0,EMP02396,True,Active
EMP03475,Engineering,India,Individual Contributor,Female,26,2022-05-10,1147,29800.0,EMP03466,True,Active
EMP03476,Engineering,USA,Individual Contributor,Male,26,2017-10-25,2805,57500.0,EMP00002,False,Active
EMP03477,Operations,UAE,Senior IC,Female,29,2020-08-10,1785,56500.0,EMP00990,False,Active
EMP03478,Operations,USA,Senior IC,Male,30,2021-06-02,1489,87300.0,EMP01168,False,Active
EMP03479,Operations,UAE,Individual Contributor,Non-binary,21,2023-06-07,754,46600.0,EMP02354,True,Active
EMP03480,Engineering,Brazil,Manager,Male,21,2024-06-06,389,57800.0,EMP02939,False,Active
EMP03481,Engineering,Canada,Director,Male,22,2022-10-18,986,149200.0,,False,Active
EMP03482,Customer Support,Canada,Individual Contributor,Female,32,2021-01-31,1611,49800.0,EMP00559,False,Active
EMP03483,Operations,USA,Team Lead,Male,21,2024-03-06,481,93500.0,EMP02355,False,Active
EMP03484,Engineering,Brazil,Senior IC,Male,29,2020-08-20,1775,36300.0,EMP01242,False,Active
EMP03485,Customer Support,Germany,Individual Contributor,Non-binary,31,2022-03-26,1192,49500.0,EMP02426,False,Active
EMP03486,Customer Support,India,Senior IC,Female,27,2023-12-24,554,36100.0,EMP00002,False,Active
EMP03487,Customer Support,India,Individual Contributor,Female,23,2024-11-02,240,27600.0,EMP01817,False,Active
EMP03488,Customer Support,USA,Individual Contributor,Non-binary,27,2024-08-30,304,57800.0,EMP00082,True,Active
EMP03489,Sales,USA,Director,Male,31,2022-11-14,959,174800.0,,True,Active
EMP03490,Engineering,USA,Senior IC,Female,30,2019-07-24,2168,71500.0,EMP00541,False,Active
EMP03491,Customer Support,USA,Individual Contributor,Male,21,2023-12-17,561,52500.0,EMP00628,True,Active
EMP03492,Sales,USA,Senior IC,Female,36,2019-01-15,2358,67600.0,EMP00372,True,Active
EMP03493,Operations,Canada,Senior Manager,Male,27,2024-11-30,212,123600.0,EMP00781,True,Active
EMP03494,Customer Support,India,Senior IC,Female,27,2022-07-16,1080,34000.0,EMP01713,False,Active
EMP03495,Sales,UAE,Manager,Female,21,2022-10-01,1003,88900.0,EMP02146,False,Terminated
EMP03496,Customer Support,UAE,Manager,Female,27,2021-10-05,1364,92000.0,EMP03152,False,Active
EMP03497,Customer Support,Brazil,Individual Contributor,Female,24,2022-04-09,1178,28800.0,EMP03079,True,Active
EMP03498,Customer Support,Germany,Team Lead,Female,22,2023-06-14,747,81900.0,EMP00299,False,Active
EMP03499,Engineering,UAE,Team Lead,Female,26,2023-06-10,751,68700.0,EMP01483,True,Active
EMP03500,Operations,Brazil,Team Lead,Male,28,2020-04-06,1911,47800.0,EMP03055,True,Active
