event_id,employee_id,event_type,event_date,details
EVT000001,EMP00001,Salary Increase,2023-02-04,+4.9%
EVT000002,EMP00002,Salary Increase,2023-06-09,+6.3%
EVT000003,EMP00002,Salary Increase,2024-11-30,+3.3%
EVT000004,EMP00005,Salary Increase,2025-02-05,+6.1%
EVT000005,EMP00006,Salary Increase,2024-12-31,+1.2%
EVT000006,EMP00008,Salary Increase,2024-10-03,+9.0%
EVT000007,EMP00008,Salary Increase,2023-06-04,+0.8%
EVT000008,EMP00010,Salary Increase,2024-04-13,+1.1%
EVT000009,EMP00011,Salary Increase,2025-05-24,+6.7%
EVT000010,EMP00012,Salary Increase,2023-03-22,+7.4%
EVT000011,EMP00012,Salary Increase,2023-08-25,+10.6%
EVT000012,EMP00012,Salary Increase,2025-02-25,+6.0%
EVT000013,EMP00013,Salary Increase,2023-06-10,+4.4%
EVT000014,EMP00013,Salary Increase,2023-10-02,+6.6%
EVT000015,EMP00015,Salary Increase,2024-12-14,+9.8%
EVT000016,EMP00017,Salary Increase,2024-03-29,+7.3%
EVT000017,EMP00017,Exit,2023-10-06,Voluntary - Career Growth
EVT000018,EMP00018,Salary Increase,2024-05-19,+3.7%
EVT000019,EMP00019,Salary Increase,2024-11-02,+2.3%
EVT000020,EMP00019,Salary Increase,2023-06-23,+7.8%
EVT000021,EMP00020,Salary Increase,2023-02-11,+6.5%
EVT000022,EMP00020,Exit,2024-02-20,Voluntary - Better Opportunity
EVT000023,EMP00021,Salary Increase,2023-11-11,+0.6%
EVT000024,EMP00022,Salary Increase,2025-01-15,+7.8%
EVT000025,EMP00024,Salary Increase,2023-08-08,+7.1%
EVT000026,EMP00025,Salary Increase,2025-05-22,+5.6%
EVT000027,EMP00026,Salary Increase,2025-01-19,+6.8%
EVT000028,EMP00026,Salary Increase,2023-03-03,+8.0%
EVT000029,EMP00028,Salary Increase,2023-01-06,+12.5%
EVT000030,EMP00030,Salary Increase,2024-06-12,+4.1%
EVT000031,EMP00030,Salary Increase,2023-10-06,+4.4%
EVT000032,EMP00030,Salary Increase,2024-11-18,+9.0%
EVT000033,EMP00031,Salary Increase,2023-10-23,+4.9%
EVT000034,EMP00032,Salary Increase,2025-02-28,+3.9%
EVT000035,EMP00032,Salary Increase,2024-12-31,+6.3%
EVT000036,EMP00032,Salary Increase,2025-02-07,+8.0%
EVT000037,EMP00033,Salary Increase,2025-01-29,+6.6%
EVT000038,EMP00034,Promotion,2023-10-28,Level up: 1 grade
EVT000039,EMP00034,Salary Increase,2024-06-10,+1.2%
EVT000040,EMP00036,Salary Increase,2025-02-23,+9.9%
EVT000041,EMP00037,Salary Increase,2023-01-22,+0.5%
EVT000042,EMP00038,Salary Increase,2023-10-23,+6.3%
EVT000043,EMP00041,Promotion,2025-03-31,Level up: 1 grade
EVT000044,EMP00041,Salary Increase,2025-02-25,+8.2%
EVT000045,EMP00041,Salary Increase,2023-01-19,+6.5%
EVT000046,EMP00043,Salary Increase,2023-12-20,+0.5%
EVT000047,EMP00044,Salary Increase,2024-06-01,+4.9%
EVT000048,EMP00045,Salary Increase,2023-08-07,+3.1%
EVT000049,EMP00045,Salary Increase,2024-11-20,+5.7%
EVT000050,EMP00046,Promotion,2024-05-21,Level up: 2 grades
EVT000051,EMP00046,Salary Increase,2025-01-19,+6.2%
EVT000052,EMP00047,Promotion,2023-08-26,Level up: 1 grade
EVT000053,EMP00047,Salary Increase,2024-09-05,+9.1%
EVT000054,EMP00047,Salary Increase,2023-01-09,+9.4%
EVT000055,EMP00048,Salary Increase,2024-09-21,+4.6%
EVT000056,EMP00048,Salary Increase,2025-01-29,+8.0%
EVT000057,EMP00049,Salary Increase,2023-12-05,+8.8%
EVT000058,EMP00050,Salary Increase,2023-08-05,+7.9%
EVT000059,EMP00050,Salary Increase,2024-07-31,+6.2%
EVT000060,EMP00051,Salary Increase,2025-02-23,+10.7%
EVT000061,EMP00052,Salary Increase,2023-07-12,+2.4%
EVT000062,EMP00052,Salary Increase,2024-07-17,+6.9%
EVT000063,EMP00053,Salary Increase,2024-04-15,+1.9%
EVT000064,EMP00055,Salary Increase,2024-11-14,+4.0%
EVT000065,EMP00057,Salary Increase,2025-06-18,+10.6%
EVT000066,EMP00057,Salary Increase,2024-08-07,+4.5%
EVT000067,EMP00057,Exit,2023-06-13,Voluntary - Career Growth
EVT000068,EMP00062,Exit,2024-04-30,Voluntary - Better Opportunity
EVT000069,EMP00063,Salary Increase,2023-10-27,+6.4%
EVT000070,EMP00063,Salary Increase,2023-02-01,+5.9%
EVT000071,EMP00063,Salary Increase,2024-07-28,+2.3%
EVT000072,EMP00063,Salary Increase,2025-01-08,+4.0%
EVT000073,EMP00064,Promotion,2025-06-29,Level up: 1 grade
EVT000074,EMP00064,Salary Increase,2024-09-06,+5.2%
EVT000075,EMP00064,Salary Increase,2024-06-25,+4.6%
EVT000076,EMP00066,Promotion,2025-01-26,Level up: 1 grade
EVT000077,EMP00067,Salary Increase,2023-09-04,+7.5%
EVT000078,EMP00067,Salary Increase,2023-09-27,+4.6%
EVT000079,EMP00068,Salary Increase,2025-03-07,+1.4%
EVT000080,EMP00070,Salary Increase,2023-04-14,+9.1%
EVT000081,EMP00071,Salary Increase,2025-05-02,+2.7%
EVT000082,EMP00072,Salary Increase,2023-03-06,+6.7%
EVT000083,EMP00072,Salary Increase,2023-10-20,+9.2%
EVT000084,EMP00073,Salary Increase,2023-05-11,+5.3%
EVT000085,EMP00073,Salary Increase,2024-05-23,+10.6%
EVT000086,EMP00074,Promotion,2025-06-01,Level up: 1 grade
EVT000087,EMP00074,Salary Increase,2025-05-19,+7.7%
EVT000088,EMP00074,Salary Increase,2024-10-12,+6.4%
EVT000089,EMP00075,Salary Increase,2023-12-05,+3.9%
EVT000090,EMP00075,Salary Increase,2024-01-26,+5.8%
EVT000091,EMP00076,Salary Increase,2023-03-28,+3.8%
EVT000092,EMP00078,Promotion,2024-12-20,Level up: 1 grade
EVT000093,EMP00079,Salary Increase,2023-12-11,+5.2%
EVT000094,EMP00079,Salary Increase,2024-12-08,+5.4%
EVT000095,EMP00080,Promotion,2024-03-21,Level up: 1 grade
EVT000096,EMP00081,Salary Increase,2024-10-21,+7.5%
EVT000097,EMP00082,Salary Increase,2023-04-19,+1.6%
EVT000098,EMP00083,Promotion,2023-11-20,Level up: 1 grade
EVT000099,EMP00085,Salary Increase,2023-05-19,+1.8%
EVT000100,EMP00087,Salary Increase,2023-04-02,+5.8%
EVT000101,EMP00087,Salary Increase,2023-04-09,+5.1%
EVT000102,EMP00087,Salary Increase,2023-12-05,+3.8%
EVT000103,EMP00088,Salary Increase,2023-05-12,+3.3%
EVT000104,EMP00089,Salary Increase,2024-11-05,+7.6%
EVT000105,EMP00089,Salary Increase,2023-09-24,+2.3%
EVT000106,EMP00091,Promotion,2024-04-24,Level up: 1 grade
EVT000107,EMP00091,Salary Increase,2025-02-18,+6.1%
EVT000108,EMP00091,Salary Increase,2024-12-17,+5.2%
EVT000109,EMP00092,Salary Increase,2024-03-07,+9.9%
EVT000110,EMP00092,Salary Increase,2024-03-14,+7.1%
EVT000111,EMP00094,Salary Increase,2024-08-22,+5.9%
EVT000112,EMP00094,Salary Increase,2024-01-02,+3.2%
EVT000113,EMP00095,Salary Increase,2024-04-20,+9.3%
EVT000114,EMP00096,Promotion,2023-09-23,Level up: 1 grade
EVT000115,EMP00096,Salary Increase,2023-02-03,+10.4%
EVT000116,EMP00096,Salary Increase,2023-07-06,+4.8%
EVT000117,EMP00097,Salary Increase,2024-11-09,+2.4%
EVT000118,EMP00097,Exit,2024-02-24,Voluntary - Personal Reasons
EVT000119,EMP00098,Promotion,2025-05-09,Level up: 1 grade
EVT000120,EMP00098,Salary Increase,2024-01-26,+6.3%
EVT000121,EMP00098,Salary Increase,2024-12-06,+0.5%
EVT000122,EMP00098,Salary Increase,2024-12-10,+4.3%
EVT000123,EMP00099,Salary Increase,2025-03-30,+7.6%
EVT000124,EMP00100,Promotion,2025-04-28,Level up: 2 grades
EVT000125,EMP00100,Salary Increase,2024-04-08,+5.2%
EVT000126,EMP00101,Salary Increase,2024-06-03,+5.0%
EVT000127,EMP00104,Salary Increase,2024-03-07,+6.8%
EVT000128,EMP00107,Promotion,2024-07-10,Level up: 1 grade
EVT000129,EMP00107,Salary Increase,2024-02-13,+4.8%
EVT000130,EMP00108,Salary Increase,2024-01-20,+12.2%
EVT000131,EMP00108,Salary Increase,2024-04-13,+5.4%
EVT000132,EMP00109,Salary Increase,2024-05-29,+7.0%
EVT000133,EMP00110,Salary Increase,2024-07-09,+5.6%
EVT000134,EMP00111,Salary Increase,2024-11-13,+7.9%
EVT000135,EMP00112,Promotion,2023-09-24,Level up: 2 grades
EVT000136,EMP00112,Salary Increase,2025-01-24,+6.2%
EVT000137,EMP00112,Salary Increase,2025-06-30,+7.5%
EVT000138,EMP00113,Salary Increase,2023-03-19,+6.7%
EVT000139,EMP00113,Salary Increase,2025-06-20,+6.3%
EVT000140,EMP00114,Salary Increase,2024-03-02,+2.5%
EVT000141,EMP00114,Salary Increase,2024-05-12,+8.2%
EVT000142,EMP00114,Salary Increase,2023-06-09,+3.7%
EVT000143,EMP00116,Promotion,2025-02-01,Level up: 1 grade
EVT000144,EMP00116,Salary Increase,2024-09-18,+4.1%
EVT000145,EMP00116,Salary Increase,2023-01-14,+8.3%
EVT000146,EMP00117,Salary Increase,2024-04-15,+1.4%
EVT000147,EMP00117,Exit,2024-12-08,Voluntary - Personal Reasons
EVT000148,EMP00118,Salary Increase,2025-06-12,+7.9%
EVT000149,EMP00118,Salary Increase,2025-01-09,+2.1%
EVT000150,EMP00119,Salary Increase,2024-03-13,+10.1%
EVT000151,EMP00119,Salary Increase,2025-01-13,+9.7%
EVT000152,EMP00120,Salary Increase,2024-03-09,+4.2%
EVT000153,EMP00121,Salary Increase,2023-09-25,+5.0%
EVT000154,EMP00121,Salary Increase,2025-04-26,+5.6%
EVT000155,EMP00122,Promotion,2024-07-03,Level up: 2 grades
EVT000156,EMP00122,Salary Increase,2023-04-15,+6.6%
EVT000157,EMP00122,Salary Increase,2024-09-23,+4.2%
EVT000158,EMP00124,Promotion,2023-12-22,Level up: 2 grades
EVT000159,EMP00124,Salary Increase,2024-06-14,+3.4%
EVT000160,EMP00124,Salary Increase,2023-07-01,+8.6%
EVT000161,EMP00125,Salary Increase,2024-05-05,+2.9%
EVT000162,EMP00125,Salary Increase,2024-04-03,+4.1%
EVT000163,EMP00125,Salary Increase,2025-01-28,+10.5%
EVT000164,EMP00126,Salary Increase,2025-03-03,+7.5%
EVT000165,EMP00126,Salary Increase,2024-10-28,+4.4%
EVT000166,EMP00127,Salary Increase,2024-12-10,+5.8%
EVT000167,EMP00127,Salary Increase,2023-01-06,+1.8%
EVT000168,EMP00128,Salary Increase,2024-07-13,+3.6%
EVT000169,EMP00128,Salary Increase,2024-04-19,+7.2%
EVT000170,EMP00131,Salary Increase,2024-10-15,+5.3%
EVT000171,EMP00131,Salary Increase,2024-01-05,+8.6%
EVT000172,EMP00131,Salary Increase,2025-02-23,+9.8%
EVT000173,EMP00132,Salary Increase,2024-02-25,+8.8%
EVT000174,EMP00132,Salary Increase,2023-08-28,+6.7%
EVT000175,EMP00132,Salary Increase,2023-11-23,+7.1%
EVT000176,EMP00133,Salary Increase,2024-10-07,+2.9%
EVT000177,EMP00133,Salary Increase,2023-11-17,+8.0%
EVT000178,EMP00135,Salary Increase,2025-03-03,+8.0%
EVT000179,EMP00137,Exit,2024-12-16,Voluntary - Career Growth
EVT000180,EMP00138,Salary Increase,2025-04-28,+5.4%
EVT000181,EMP00138,Salary Increase,2023-04-30,+6.0%
EVT000182,EMP00139,Salary Increase,2024-03-27,+4.2%
EVT000183,EMP00139,Exit,2023-12-03,Voluntary - Personal Reasons
EVT000184,EMP00140,Promotion,2023-08-23,Level up: 1 grade
EVT000185,EMP00140,Salary Increase,2024-01-20,+4.7%
EVT000186,EMP00141,Salary Increase,2024-09-15,+4.4%
EVT000187,EMP00142,Salary Increase,2023-06-01,+7.7%
EVT000188,EMP00142,Salary Increase,2024-10-23,+5.4%
EVT000189,EMP00142,Salary Increase,2023-01-14,+8.4%
EVT000190,EMP00143,Salary Increase,2023-11-21,+6.4%
EVT000191,EMP00143,Exit,2024-08-20,Voluntary - Career Growth
EVT000192,EMP00144,Salary Increase,2024-12-23,+4.4%
EVT000193,EMP00146,Promotion,2024-02-04,Level up: 2 grades
EVT000194,EMP00146,Salary Increase,2023-04-20,+2.3%
EVT000195,EMP00147,Promotion,2025-06-27,Level up: 1 grade
EVT000196,EMP00148,Promotion,2024-08-27,Level up: 1 grade
EVT000197,EMP00148,Salary Increase,2024-10-05,+6.4%
EVT000198,EMP00148,Salary Increase,2023-12-14,+8.2%
EVT000199,EMP00149,Salary Increase,2024-07-30,+4.7%
EVT000200,EMP00149,Salary Increase,2024-07-29,+8.5%
EVT000201,EMP00149,Salary Increase,2024-08-14,+5.7%
EVT000202,EMP00153,Salary Increase,2023-01-13,+5.9%
EVT000203,EMP00154,Promotion,2025-06-02,Level up: 1 grade
EVT000204,EMP00155,Salary Increase,2023-02-14,+11.2%
EVT000205,EMP00156,Exit,2023-04-24,Voluntary - Better Opportunity
EVT000206,EMP00157,Salary Increase,2024-11-14,+2.5%
EVT000207,EMP00158,Salary Increase,2023-09-06,+5.9%
EVT000208,EMP00158,Exit,2023-08-17,Voluntary - Career Growth
EVT000209,EMP00159,Salary Increase,2025-03-30,+4.5%
EVT000210,EMP00160,Salary Increase,2024-05-16,+4.8%
EVT000211,EMP00160,Exit,2024-11-03,Voluntary - Better Opportunity
EVT000212,EMP00161,Salary Increase,2024-11-22,+2.0%
EVT000213,EMP00161,Salary Increase,2023-08-19,+4.9%
EVT000214,EMP00164,Salary Increase,2023-12-13,+6.7%
EVT000215,EMP00165,Salary Increase,2025-02-04,+8.5%
EVT000216,EMP00167,Salary Increase,2024-01-19,+1.4%
EVT000217,EMP00168,Promotion,2025-01-21,Level up: 1 grade
EVT000218,EMP00168,Salary Increase,2023-04-14,+5.4%
EVT000219,EMP00169,Salary Increase,2023-11-19,+9.2%
EVT000220,EMP00170,Promotion,2023-08-23,Level up: 2 grades
EVT000221,EMP00171,Salary Increase,2025-05-10,+5.8%
EVT000222,EMP00171,Salary Increase,2023-06-10,+8.3%
EVT000223,EMP00171,Salary Increase,2024-05-30,+5.3%
EVT000224,EMP00171,Salary Increase,2023-10-04,+8.9%
EVT000225,EMP00172,Promotion,2024-12-03,Level up: 2 grades
EVT000226,EMP00172,Salary Increase,2023-07-17,+6.5%
EVT000227,EMP00172,Salary Increase,2024-07-11,+7.9%
EVT000228,EMP00173,Salary Increase,2025-04-07,+2.7%
EVT000229,EMP00174,Salary Increase,2025-02-13,+7.0%
EVT000230,EMP00175,Promotion,2024-01-07,Level up: 1 grade
EVT000231,EMP00176,Salary Increase,2023-03-13,+8.2%
EVT000232,EMP00176,Salary Increase,2024-05-22,+6.9%
EVT000233,EMP00177,Promotion,2024-01-20,Level up: 1 grade
EVT000234,EMP00177,Salary Increase,2024-08-27,+5.5%
EVT000235,EMP00177,Salary Increase,2023-05-29,+5.9%
EVT000236,EMP00178,Salary Increase,2023-09-13,+5.7%
EVT000237,EMP00179,Salary Increase,2023-03-31,+1.5%
EVT000238,EMP00181,Salary Increase,2023-07-01,+9.1%
EVT000239,EMP00183,Promotion,2023-07-24,Level up: 1 grade
EVT000240,EMP00183,Salary Increase,2023-07-15,+5.2%
EVT000241,EMP00185,Promotion,2024-03-24,Level up: 1 grade
EVT000242,EMP00185,Salary Increase,2023-05-25,+1.9%
EVT000243,EMP00187,Exit,2025-02-06,Voluntary - Better Opportunity
EVT000244,EMP00188,Salary Increase,2024-06-25,+3.0%
EVT000245,EMP00188,Salary Increase,2025-01-22,+4.7%
EVT000246,EMP00192,Salary Increase,2025-02-09,+7.1%
EVT000247,EMP00192,Salary Increase,2023-01-27,+4.0%
EVT000248,EMP00193,Salary Increase,2023-08-24,+6.1%
EVT000249,EMP00194,Salary Increase,2024-11-30,+6.3%
EVT000250,EMP00194,Salary Increase,2024-06-07,+8.1%
EVT000251,EMP00194,Salary Increase,2024-05-16,+2.5%
EVT000252,EMP00194,Salary Increase,2023-04-17,+10.0%
EVT000253,EMP00195,Salary Increase,2024-09-07,+5.0%
EVT000254,EMP00196,Salary Increase,2023-09-06,+4.3%
EVT000255,EMP00197,Salary Increase,2023-08-04,+5.8%
EVT000256,EMP00197,Salary Increase,2024-08-15,+2.9%
EVT000257,EMP00198,Salary Increase,2023-02-17,+7.6%
EVT000258,EMP00198,Salary Increase,2023-07-26,+4.7%
EVT000259,EMP00198,Salary Increase,2023-02-03,+8.0%
EVT000260,EMP00199,Promotion,2024-10-29,Level up: 1 grade
EVT000261,EMP00200,Promotion,2024-05-18,Level up: 1 grade
EVT000262,EMP00201,Salary Increase,2024-06-16,+5.9%
EVT000263,EMP00202,Salary Increase,2025-06-02,+5.9%
EVT000264,EMP00202,Salary Increase,2025-02-28,+4.9%
EVT000265,EMP00203,Salary Increase,2024-02-09,+5.7%
EVT000266,EMP00203,Salary Increase,2025-05-31,+0.5%
EVT000267,EMP00203,Salary Increase,2023-09-05,+4.6%
EVT000268,EMP00204,Salary Increase,2024-01-13,+5.4%
EVT000269,EMP00205,Salary Increase,2023-05-25,+5.3%
EVT000270,EMP00207,Salary Increase,2023-11-03,+7.0%
EVT000271,EMP00207,Salary Increase,2025-02-21,+2.3%
EVT000272,EMP00209,Salary Increase,2023-10-19,+11.6%
EVT000273,EMP00209,Salary Increase,2024-05-14,+5.9%
EVT000274,EMP00210,Salary Increase,2023-03-30,+3.8%
EVT000275,EMP00210,Salary Increase,2023-11-19,+5.3%
EVT000276,EMP00213,Salary Increase,2023-11-12,+2.6%
EVT000277,EMP00213,Salary Increase,2023-11-25,+6.5%
EVT000278,EMP00214,Salary Increase,2024-09-19,+11.3%
EVT000279,EMP00214,Salary Increase,2023-12-28,+8.0%
EVT000280,EMP00214,Salary Increase,2023-02-02,+7.2%
EVT000281,EMP00215,Salary Increase,2023-03-13,+9.2%
EVT000282,EMP00215,Salary Increase,2024-06-02,+7.1%
EVT000283,EMP00215,Salary Increase,2025-03-25,+6.7%
EVT000284,EMP00215,Salary Increase,2023-04-10,+8.0%
EVT000285,EMP00215,Salary Increase,2024-05-16,+8.6%
EVT000286,EMP00216,Salary Increase,2024-07-30,+0.5%
EVT000287,EMP00216,Salary Increase,2025-01-21,+5.8%
EVT000288,EMP00216,Salary Increase,2024-05-05,+6.4%
EVT000289,EMP00216,Salary Increase,2023-02-27,+6.7%
EVT000290,EMP00217,Salary Increase,2023-08-22,+6.1%
EVT000291,EMP00218,Promotion,2023-09-11,Level up: 1 grade
EVT000292,EMP00218,Salary Increase,2023-12-29,+5.6%
EVT000293,EMP00220,Salary Increase,2023-12-01,+5.3%
EVT000294,EMP00222,Salary Increase,2023-05-11,+6.1%
EVT000295,EMP00222,Salary Increase,2023-11-23,+10.1%
EVT000296,EMP00223,Salary Increase,2025-02-06,+5.8%
EVT000297,EMP00226,Salary Increase,2025-03-28,+8.7%
EVT000298,EMP00228,Salary Increase,2023-01-27,+4.0%
EVT000299,EMP00229,Salary Increase,2023-08-16,+10.1%
EVT000300,EMP00229,Salary Increase,2023-06-25,+7.6%
EVT000301,EMP00230,Salary Increase,2025-05-25,+4.7%
EVT000302,EMP00231,Promotion,2023-09-25,Level up: 2 grades
EVT000303,EMP00231,Salary Increase,2024-11-13,+4.7%
EVT000304,EMP00231,Salary Increase,2023-12-04,+7.2%
EVT000305,EMP00231,Salary Increase,2024-06-09,+4.7%
EVT000306,EMP00231,Salary Increase,2024-02-08,+6.3%
EVT000307,EMP00231,Salary Increase,2024-09-24,+7.6%
EVT000308,EMP00232,Salary Increase,2024-12-29,+4.8%
EVT000309,EMP00233,Salary Increase,2024-08-18,+8.7%
EVT000310,EMP00233,Salary Increase,2024-06-11,+7.2%
EVT000311,EMP00233,Salary Increase,2025-03-16,+4.8%
EVT000312,EMP00235,Salary Increase,2024-07-01,+4.1%
EVT000313,EMP00235,Salary Increase,2025-04-14,+4.7%
EVT000314,EMP00236,Salary Increase,2023-03-10,+6.5%
EVT000315,EMP00237,Salary Increase,2025-03-14,+3.8%
EVT000316,EMP00237,Salary Increase,2024-08-26,+4.2%
EVT000317,EMP00238,Salary Increase,2024-02-07,+2.7%
EVT000318,EMP00239,Salary Increase,2024-08-18,+1.9%
EVT000319,EMP00240,Promotion,2024-06-07,Level up: 1 grade
EVT000320,EMP00240,Salary Increase,2024-02-14,+8.5%
EVT000321,EMP00241,Promotion,2024-04-07,Level up: 2 grades
EVT000322,EMP00244,Salary Increase,2024-09-02,+4.5%
EVT000323,EMP00245,Salary Increase,2023-03-30,+7.2%
EVT000324,EMP00245,Salary Increase,2024-10-17,+5.2%
EVT000325,EMP00246,Salary Increase,2024-05-20,+7.5%
EVT000326,EMP00247,Exit,2023-05-13,Voluntary - Compensation
EVT000327,EMP00248,Salary Increase,2023-06-29,+7.9%
EVT000328,EMP00248,Salary Increase,2024-04-20,+5.0%
EVT000329,EMP00249,Promotion,2024-09-25,Level up: 1 grade
EVT000330,EMP00249,Salary Increase,2024-03-26,+4.3%
EVT000331,EMP00249,Salary Increase,2024-12-16,+3.4%
EVT000332,EMP00251,Promotion,2023-12-13,Level up: 1 grade
EVT000333,EMP00252,Promotion,2024-09-30,Level up: 2 grades
EVT000334,EMP00252,Salary Increase,2023-06-04,+3.8%
EVT000335,EMP00253,Promotion,2024-12-31,Level up: 1 grade
EVT000336,EMP00255,Salary Increase,2024-02-02,+8.9%
EVT000337,EMP00255,Salary Increase,2024-04-24,+8.5%
EVT000338,EMP00260,Salary Increase,2024-01-10,+3.4%
EVT000339,EMP00260,Salary Increase,2023-04-08,+4.2%
EVT000340,EMP00260,Salary Increase,2024-09-30,+7.3%
EVT000341,EMP00262,Salary Increase,2024-03-22,+4.1%
EVT000342,EMP00262,Salary Increase,2024-02-09,+4.5%
EVT000343,EMP00264,Salary Increase,2025-02-16,+6.2%
EVT000344,EMP00264,Salary Increase,2024-09-19,+3.3%
EVT000345,EMP00266,Salary Increase,2024-08-22,+9.2%
EVT000346,EMP00267,Salary Increase,2023-08-19,+3.4%
EVT000347,EMP00268,Promotion,2024-05-23,Level up: 1 grade
EVT000348,EMP00269,Promotion,2025-06-01,Level up: 1 grade
EVT000349,EMP00269,Salary Increase,2023-07-15,+7.3%
EVT000350,EMP00270,Salary Increase,2023-07-08,+6.1%
EVT000351,EMP00270,Salary Increase,2024-03-11,+6.9%
EVT000352,EMP00270,Salary Increase,2024-08-11,+1.7%
EVT000353,EMP00270,Exit,2024-07-19,Voluntary - Better Opportunity
EVT000354,EMP00271,Promotion,2024-06-24,Level up: 2 grades
EVT000355,EMP00271,Salary Increase,2025-05-24,+4.3%
EVT000356,EMP00272,Salary Increase,2024-08-09,+1.8%
EVT000357,EMP00273,Promotion,2025-05-14,Level up: 2 grades
EVT000358,EMP00273,Exit,2025-01-25,Voluntary - Career Growth
EVT000359,EMP00275,Salary Increase,2025-05-22,+4.2%
EVT000360,EMP00275,Salary Increase,2023-10-20,+7.9%
EVT000361,EMP00276,Salary Increase,2025-03-20,+3.8%
EVT000362,EMP00277,Salary Increase,2023-03-05,+5.5%
EVT000363,EMP00278,Salary Increase,2024-02-13,+7.5%
EVT000364,EMP00278,Salary Increase,2024-11-18,+5.4%
EVT000365,EMP00279,Promotion,2024-02-03,Level up: 1 grade
EVT000366,EMP00279,Salary Increase,2023-03-09,+7.2%
EVT000367,EMP00279,Salary Increase,2024-04-10,+3.4%
EVT000368,EMP00279,Exit,2025-04-12,Involuntary - Performance
EVT000369,EMP00280,Promotion,2024-05-11,Level up: 1 grade
EVT000370,EMP00282,Promotion,2023-12-04,Level up: 1 grade
EVT000371,EMP00282,Salary Increase,2024-12-11,+4.8%
EVT000372,EMP00283,Promotion,2024-08-27,Level up: 1 grade
EVT000373,EMP00283,Salary Increase,2023-01-15,+4.8%
EVT000374,EMP00284,Salary Increase,2023-01-10,+3.9%
EVT000375,EMP00286,Salary Increase,2024-10-06,+6.3%
EVT000376,EMP00287,Salary Increase,2024-03-01,+3.4%
EVT000377,EMP00288,Promotion,2024-11-29,Level up: 1 grade
EVT000378,EMP00288,Salary Increase,2024-03-15,+7.4%
EVT000379,EMP00288,Salary Increase,2024-01-23,+3.8%
EVT000380,EMP00289,Salary Increase,2024-07-12,+6.6%
EVT000381,EMP00292,Salary Increase,2025-02-23,+8.4%
EVT000382,EMP00293,Promotion,2025-05-15,Level up: 1 grade
EVT000383,EMP00293,Salary Increase,2024-04-22,+0.5%
EVT000384,EMP00294,Salary Increase,2024-01-18,+8.1%
EVT000385,EMP00295,Salary Increase,2024-06-26,+5.6%
EVT000386,EMP00296,Promotion,2024-10-23,Level up: 1 grade
EVT000387,EMP00296,Salary Increase,2023-10-31,+8.5%
EVT000388,EMP00297,Salary Increase,2023-10-06,+7.1%
EVT000389,EMP00297,Salary Increase,2024-11-17,+6.0%
EVT000390,EMP00298,Salary Increase,2023-10-24,+3.3%
EVT000391,EMP00298,Salary Increase,2024-09-19,+9.7%
EVT000392,EMP00298,Salary Increase,2024-11-01,+5.8%
EVT000393,EMP00300,Salary Increase,2023-11-17,+9.7%
EVT000394,EMP00300,Salary Increase,2024-02-02,+6.5%
EVT000395,EMP00300,Salary Increase,2024-04-07,+5.5%
EVT000396,EMP00301,Salary Increase,2024-08-23,+3.0%
EVT000397,EMP00302,Salary Increase,2023-05-10,+10.2%
EVT000398,EMP00303,Promotion,2024-01-09,Level up: 2 grades
EVT000399,EMP00303,Salary Increase,2025-05-30,+7.1%
EVT000400,EMP00304,Salary Increase,2023-03-03,+4.1%
EVT000401,EMP00305,Salary Increase,2023-04-18,+3.3%
EVT000402,EMP00308,Salary Increase,2025-01-18,+7.9%
EVT000403,EMP00309,Salary Increase,2023-08-26,+6.9%
EVT000404,EMP00309,Salary Increase,2024-01-07,+6.6%
EVT000405,EMP00309,Salary Increase,2023-10-03,+7.7%
EVT000406,EMP00310,Salary Increase,2025-04-23,+4.9%
EVT000407,EMP00315,Salary Increase,2024-08-16,+5.6%
EVT000408,EMP00315,Salary Increase,2024-12-04,+2.5%
EVT000409,EMP00315,Salary Increase,2024-05-27,+8.7%
EVT000410,EMP00315,Salary Increase,2024-03-23,+6.5%
EVT000411,EMP00316,Salary Increase,2024-04-30,+8.6%
EVT000412,EMP00317,Salary Increase,2024-09-13,+5.9%
EVT000413,EMP00319,Salary Increase,2025-01-26,+3.2%
EVT000414,EMP00319,Salary Increase,2023-05-23,+6.3%
EVT000415,EMP00320,Salary Increase,2023-08-03,+6.7%
EVT000416,EMP00322,Promotion,2024-10-23,Level up: 2 grades
EVT000417,EMP00323,Salary Increase,2024-12-24,+1.7%
EVT000418,EMP00323,Salary Increase,2023-09-04,+0.5%
EVT000419,EMP00324,Salary Increase,2024-12-17,+5.7%
EVT000420,EMP00324,Salary Increase,2025-06-04,+8.8%
EVT000421,EMP00325,Salary Increase,2025-03-26,+6.4%
EVT000422,EMP00327,Promotion,2024-05-26,Level up: 1 grade
EVT000423,EMP00328,Promotion,2025-06-25,Level up: 1 grade
EVT000424,EMP00328,Salary Increase,2025-05-15,+7.1%
EVT000425,EMP00329,Promotion,2024-10-29,Level up: 1 grade
EVT000426,EMP00329,Salary Increase,2023-05-08,+4.0%
EVT000427,EMP00329,Salary Increase,2024-02-01,+4.2%
EVT000428,EMP00329,Salary Increase,2023-02-10,+6.8%
EVT000429,EMP00329,Salary Increase,2023-06-01,+9.2%
EVT000430,EMP00330,Salary Increase,2023-01-19,+4.6%
EVT000431,EMP00330,Salary Increase,2023-02-16,+5.9%
EVT000432,EMP00331,Salary Increase,2024-07-24,+9.4%
EVT000433,EMP00332,Salary Increase,2024-03-02,+5.7%
EVT000434,EMP00332,Salary Increase,2025-01-26,+4.6%
EVT000435,EMP00332,Salary Increase,2023-06-12,+9.3%
EVT000436,EMP00333,Promotion,2024-10-10,Level up: 2 grades
EVT000437,EMP00333,Salary Increase,2023-09-06,+3.9%
EVT000438,EMP00333,Salary Increase,2023-12-06,+1.8%
EVT000439,EMP00334,Salary Increase,2024-01-15,+5.4%
EVT000440,EMP00334,Salary Increase,2024-07-07,+6.2%
EVT000441,EMP00334,Salary Increase,2024-04-14,+3.1%
EVT000442,EMP00336,Salary Increase,2024-05-09,+3.3%
EVT000443,EMP00336,Salary Increase,2025-02-24,+8.7%
EVT000444,EMP00336,Salary Increase,2025-06-28,+1.6%
EVT000445,EMP00336,Salary Increase,2023-10-10,+2.6%
EVT000446,EMP00337,Salary Increase,2024-07-06,+2.7%
EVT000447,EMP00338,Salary Increase,2024-09-28,+7.2%
EVT000448,EMP00339,Salary Increase,2023-02-14,+5.5%
EVT000449,EMP00340,Salary Increase,2025-04-18,+6.7%
EVT000450,EMP00340,Salary Increase,2023-07-04,+7.4%
EVT000451,EMP00341,Salary Increase,2024-04-04,+5.7%
EVT000452,EMP00342,Salary Increase,2023-04-04,+2.2%
EVT000453,EMP00344,Promotion,2025-03-04,Level up: 1 grade
EVT000454,EMP00344,Salary Increase,2023-02-25,+6.2%
EVT000455,EMP00346,Promotion,2025-01-12,Level up: 1 grade
EVT000456,EMP00346,Salary Increase,2024-04-17,+6.5%
EVT000457,EMP00347,Salary Increase,2023-09-23,+4.5%
EVT000458,EMP00348,Salary Increase,2023-11-30,+3.6%
EVT000459,EMP00349,Salary Increase,2023-06-08,+4.9%
EVT000460,EMP00349,Salary Increase,2023-12-03,+6.7%
EVT000461,EMP00350,Salary Increase,2025-03-17,+7.2%
EVT000462,EMP00350,Salary Increase,2023-03-14,+7.8%
EVT000463,EMP00352,Salary Increase,2023-11-20,+8.3%
EVT000464,EMP00353,Salary Increase,2024-05-05,+4.9%
EVT000465,EMP00353,Salary Increase,2023-03-21,+3.6%
EVT000466,EMP00353,Salary Increase,2023-06-08,+3.2%
EVT000467,EMP00353,Salary Increase,2023-07-25,+3.9%
EVT000468,EMP00354,Salary Increase,2023-08-23,+8.2%
EVT000469,EMP00355,Promotion,2025-06-29,Level up: 1 grade
EVT000470,EMP00355,Salary Increase,2024-12-26,+3.6%
EVT000471,EMP00355,Salary Increase,2024-11-23,+1.2%
EVT000472,EMP00356,Salary Increase,2025-05-21,+4.5%
EVT000473,EMP00356,Salary Increase,2023-05-23,+3.5%
EVT000474,EMP00357,Salary Increase,2023-06-11,+6.1%
EVT000475,EMP00357,Salary Increase,2024-10-29,+8.6%
EVT000476,EMP00358,Salary Increase,2024-08-06,+6.8%
EVT000477,EMP00358,Salary Increase,2025-06-09,+2.4%
EVT000478,EMP00358,Salary Increase,2024-03-27,+6.9%
EVT000479,EMP00359,Salary Increase,2024-01-21,+1.6%
EVT000480,EMP00359,Salary Increase,2023-11-25,+3.0%
EVT000481,EMP00361,Salary Increase,2023-07-23,+6.7%
EVT000482,EMP00362,Salary Increase,2023-06-23,+7.0%
EVT000483,EMP00362,Salary Increase,2023-01-19,+8.0%
EVT000484,EMP00362,Exit,2023-06-15,Voluntary - Compensation
EVT000485,EMP00363,Salary Increase,2023-11-17,+2.4%
EVT000486,EMP00363,Salary Increase,2023-01-10,+6.7%
EVT000487,EMP00364,Promotion,2024-09-27,Level up: 1 grade
EVT000488,EMP00367,Salary Increase,2024-03-18,+5.3%
EVT000489,EMP00368,Promotion,2025-01-02,Level up: 1 grade
EVT000490,EMP00368,Salary Increase,2023-01-08,+6.5%
EVT000491,EMP00370,Salary Increase,2023-09-29,+6.8%
EVT000492,EMP00370,Salary Increase,2023-01-18,+4.6%
EVT000493,EMP00371,Salary Increase,2024-02-11,+6.1%
EVT000494,EMP00371,Salary Increase,2025-04-27,+7.0%
EVT000495,EMP00373,Salary Increase,2024-05-11,+2.2%
EVT000496,EMP00374,Salary Increase,2023-08-03,+8.6%
EVT000497,EMP00374,Salary Increase,2024-01-29,+10.4%
EVT000498,EMP00376,Salary Increase,2024-03-07,+5.2%
EVT000499,EMP00376,Salary Increase,2023-04-07,+0.5%
EVT000500,EMP00377,Salary Increase,2024-08-17,+5.4%
EVT000501,EMP00377,Salary Increase,2024-05-22,+8.7%
EVT000502,EMP00377,Exit,2023-09-01,Voluntary - Better Opportunity
EVT000503,EMP00378,Salary Increase,2023-01-18,+6.1%
EVT000504,EMP00380,Promotion,2024-04-29,Level up: 2 grades
EVT000505,EMP00380,Salary Increase,2025-03-09,+0.8%
EVT000506,EMP00381,Salary Increase,2024-02-25,+4.6%
EVT000507,EMP00381,Salary Increase,2023-04-24,+5.8%
EVT000508,EMP00382,Salary Increase,2024-11-16,+9.3%
EVT000509,EMP00383,Promotion,2025-05-15,Level up: 1 grade
EVT000510,EMP00383,Salary Increase,2025-01-19,+6.8%
EVT000511,EMP00384,Salary Increase,2024-07-28,+6.6%
EVT000512,EMP00387,Salary Increase,2025-04-25,+7.3%
EVT000513,EMP00392,Salary Increase,2023-08-29,+5.3%
EVT000514,EMP00392,Salary Increase,2024-04-28,+5.9%
EVT000515,EMP00392,Salary Increase,2023-02-02,+7.9%
EVT000516,EMP00393,Salary Increase,2024-10-10,+5.9%
EVT000517,EMP00393,Salary Increase,2023-10-17,+3.0%
EVT000518,EMP00394,Salary Increase,2025-01-11,+7.6%
EVT000519,EMP00394,Salary Increase,2023-11-10,+4.1%
EVT000520,EMP00394,Salary Increase,2024-08-12,+0.5%
EVT000521,EMP00395,Promotion,2023-08-26,Level up: 2 grades
EVT000522,EMP00395,Salary Increase,2023-11-16,+4.8%
EVT000523,EMP00395,Salary Increase,2024-02-03,+5.8%
EVT000524,EMP00395,Salary Increase,2025-04-09,+10.4%
EVT000525,EMP00397,Salary Increase,2024-09-18,+4.3%
EVT000526,EMP00398,Salary Increase,2025-02-15,+5.7%
EVT000527,EMP00398,Salary Increase,2024-07-04,+6.1%
EVT000528,EMP00399,Salary Increase,2025-05-26,+6.4%
EVT000529,EMP00399,Salary Increase,2024-03-16,+5.2%
EVT000530,EMP00401,Salary Increase,2024-12-02,+5.0%
EVT000531,EMP00401,Salary Increase,2024-07-29,+4.2%
EVT000532,EMP00401,Salary Increase,2023-01-10,+9.8%
EVT000533,EMP00401,Salary Increase,2023-06-16,+5.4%
EVT000534,EMP00402,Salary Increase,2024-07-28,+4.5%
EVT000535,EMP00403,Promotion,2024-08-09,Level up: 2 grades
EVT000536,EMP00403,Salary Increase,2023-12-14,+6.9%
EVT000537,EMP00403,Salary Increase,2025-05-03,+3.9%
EVT000538,EMP00403,Salary Increase,2023-10-10,+4.7%
EVT000539,EMP00404,Salary Increase,2023-02-14,+2.9%
EVT000540,EMP00404,Salary Increase,2024-12-03,+3.2%
EVT000541,EMP00406,Salary Increase,2024-08-26,+7.2%
EVT000542,EMP00406,Salary Increase,2023-04-06,+8.9%
EVT000543,EMP00407,Promotion,2023-09-06,Level up: 2 grades
EVT000544,EMP00408,Promotion,2025-03-06,Level up: 1 grade
EVT000545,EMP00408,Salary Increase,2023-05-14,+7.9%
EVT000546,EMP00409,Salary Increase,2025-01-04,+6.2%
EVT000547,EMP00411,Salary Increase,2023-06-11,+4.4%
EVT000548,EMP00411,Salary Increase,2023-04-24,+6.1%
EVT000549,EMP00412,Salary Increase,2024-02-25,+4.7%
EVT000550,EMP00412,Exit,2023-10-14,Voluntary - Better Opportunity
EVT000551,EMP00413,Salary Increase,2023-02-15,+4.7%
EVT000552,EMP00415,Salary Increase,2023-08-31,+5.6%
EVT000553,EMP00416,Promotion,2025-05-07,Level up: 1 grade
EVT000554,EMP00417,Salary Increase,2023-04-02,+6.0%
EVT000555,EMP00418,Salary Increase,2024-01-08,+7.1%
EVT000556,EMP00418,Salary Increase,2023-10-03,+5.3%
EVT000557,EMP00419,Promotion,2025-03-05,Level up: 1 grade
EVT000558,EMP00419,Salary Increase,2025-06-28,+8.6%
EVT000559,EMP00420,Salary Increase,2024-03-06,+5.3%
EVT000560,EMP00420,Salary Increase,2023-07-12,+7.6%
EVT000561,EMP00420,Salary Increase,2023-06-13,+7.7%
EVT000562,EMP00422,Salary Increase,2024-12-28,+0.5%
EVT000563,EMP00422,Salary Increase,2025-01-17,+11.6%
EVT000564,EMP00423,Salary Increase,2023-09-25,+4.4%
EVT000565,EMP00423,Exit,2024-06-02,Voluntary - Personal Reasons
EVT000566,EMP00424,Salary Increase,2025-06-27,+5.6%
EVT000567,EMP00425,Salary Increase,2023-01-29,+1.1%
EVT000568,EMP00428,Salary Increase,2023-05-18,+5.8%
EVT000569,EMP00428,Salary Increase,2024-06-04,+8.0%
EVT000570,EMP00432,Salary Increase,2024-05-28,+3.2%
EVT000571,EMP00433,Promotion,2025-03-18,Level up: 1 grade
EVT000572,EMP00433,Salary Increase,2025-02-20,+7.9%
EVT000573,EMP00434,Promotion,2024-05-15,Level up: 1 grade
EVT000574,EMP00434,Salary Increase,2024-04-18,+6.8%
EVT000575,EMP00435,Promotion,2024-01-14,Level up: 1 grade
EVT000576,EMP00435,Salary Increase,2023-01-31,+5.4%
EVT000577,EMP00436,Promotion,2025-01-19,Level up: 1 grade
EVT000578,EMP00436,Salary Increase,2025-04-25,+8.8%
EVT000579,EMP00437,Salary Increase,2023-02-07,+5.2%
EVT000580,EMP00437,Salary Increase,2024-05-09,+7.0%
EVT000581,EMP00438,Salary Increase,2024-05-14,+5.8%
EVT000582,EMP00439,Salary Increase,2024-02-02,+6.7%
EVT000583,EMP00440,Salary Increase,2025-01-21,+8.1%
EVT000584,EMP00441,Salary Increase,2023-08-24,+2.3%
EVT000585,EMP00441,Exit,2024-03-01,Involuntary - Restructuring
EVT000586,EMP00442,Salary Increase,2025-02-14,+7.1%
EVT000587,EMP00448,Salary Increase,2025-05-29,+7.8%
EVT000588,EMP00448,Salary Increase,2024-08-18,+4.1%
EVT000589,EMP00449,Salary Increase,2025-05-29,+9.4%
EVT000590,EMP00451,Promotion,2025-04-22,Level up: 2 grades
EVT000591,EMP00452,Salary Increase,2025-05-06,+6.7%
EVT000592,EMP00452,Salary Increase,2023-05-04,+5.1%
EVT000593,EMP00452,Salary Increase,2024-10-30,+4.5%
EVT000594,EMP00453,Salary Increase,2024-02-19,+1.2%
EVT000595,EMP00456,Salary Increase,2024-01-01,+7.4%
EVT000596,EMP00456,Salary Increase,2024-08-23,+2.5%
EVT000597,EMP00457,Salary Increase,2023-11-15,+8.9%
EVT000598,EMP00457,Salary Increase,2023-12-20,+5.0%
EVT000599,EMP00457,Salary Increase,2024-11-26,+9.3%
EVT000600,EMP00458,Salary Increase,2024-04-15,+9.0%
EVT000601,EMP00458,Salary Increase,2023-04-29,+4.2%
EVT000602,EMP00460,Salary Increase,2024-01-12,+11.7%
EVT000603,EMP00461,Salary Increase,2024-05-07,+4.4%
EVT000604,EMP00463,Salary Increase,2023-08-16,+8.8%
EVT000605,EMP00463,Salary Increase,2024-10-07,+7.9%
EVT000606,EMP00464,Promotion,2024-11-20,Level up: 2 grades
EVT000607,EMP00464,Salary Increase,2023-01-22,+6.4%
EVT000608,EMP00465,Salary Increase,2025-06-03,+5.9%
EVT000609,EMP00466,Salary Increase,2024-04-25,+1.0%
EVT000610,EMP00467,Salary Increase,2025-04-21,+9.3%
EVT000611,EMP00467,Salary Increase,2023-09-21,+1.2%
EVT000612,EMP00467,Salary Increase,2023-03-19,+9.1%
EVT000613,EMP00468,Salary Increase,2023-12-29,+4.2%
EVT000614,EMP00468,Salary Increase,2025-03-20,+4.6%
EVT000615,EMP00469,Salary Increase,2024-12-08,+3.7%
EVT000616,EMP00470,Promotion,2024-07-06,Level up: 2 grades
EVT000617,EMP00470,Salary Increase,2024-07-12,+5.0%
EVT000618,EMP00470,Salary Increase,2023-09-22,+3.5%
EVT000619,EMP00471,Salary Increase,2025-06-26,+3.1%
EVT000620,EMP00472,Salary Increase,2025-04-05,+7.9%
EVT000621,EMP00473,Salary Increase,2023-01-05,+5.0%
EVT000622,EMP00475,Promotion,2023-12-22,Level up: 1 grade
EVT000623,EMP00475,Salary Increase,2024-09-28,+7.6%
EVT000624,EMP00476,Promotion,2023-10-06,Level up: 2 grades
EVT000625,EMP00476,Salary Increase,2024-09-10,+5.2%
EVT000626,EMP00477,Salary Increase,2024-12-14,+6.9%
EVT000627,EMP00477,Salary Increase,2025-05-12,+2.6%
EVT000628,EMP00478,Salary Increase,2023-09-06,+8.2%
EVT000629,EMP00478,Salary Increase,2024-04-03,+3.3%
EVT000630,EMP00478,Salary Increase,2023-03-03,+3.4%
EVT000631,EMP00479,Salary Increase,2024-06-12,+7.4%
EVT000632,EMP00479,Salary Increase,2024-01-11,+3.1%
EVT000633,EMP00479,Exit,2023-08-23,Voluntary - Compensation
EVT000634,EMP00480,Salary Increase,2024-10-05,+6.5%
EVT000635,EMP00481,Salary Increase,2024-07-01,+6.9%
EVT000636,EMP00482,Salary Increase,2025-05-23,+4.0%
EVT000637,EMP00482,Salary Increase,2023-08-04,+5.5%
EVT000638,EMP00483,Salary Increase,2024-03-02,+3.2%
EVT000639,EMP00484,Promotion,2023-11-23,Level up: 1 grade
EVT000640,EMP00484,Salary Increase,2023-10-16,+3.8%
EVT000641,EMP00484,Salary Increase,2025-05-23,+6.4%
EVT000642,EMP00485,Promotion,2023-12-19,Level up: 1 grade
EVT000643,EMP00485,Salary Increase,2024-02-22,+9.2%
EVT000644,EMP00485,Salary Increase,2024-07-13,+2.8%
EVT000645,EMP00485,Salary Increase,2023-01-25,+7.5%
EVT000646,EMP00486,Salary Increase,2024-05-11,+5.4%
EVT000647,EMP00487,Promotion,2023-11-25,Level up: 1 grade
EVT000648,EMP00487,Salary Increase,2023-05-22,+7.7%
EVT000649,EMP00488,Salary Increase,2025-01-31,+7.1%
EVT000650,EMP00489,Salary Increase,2024-11-26,+8.7%
EVT000651,EMP00491,Salary Increase,2023-06-19,+3.4%
EVT000652,EMP00492,Salary Increase,2025-05-20,+6.7%
EVT000653,EMP00492,Salary Increase,2023-04-14,+6.5%
EVT000654,EMP00493,Salary Increase,2025-02-21,+2.6%
EVT000655,EMP00493,Salary Increase,2023-02-25,+7.1%
EVT000656,EMP00493,Salary Increase,2024-12-02,+5.9%
EVT000657,EMP00493,Salary Increase,2024-07-31,+5.5%
EVT000658,EMP00493,Salary Increase,2024-08-16,+3.9%
EVT000659,EMP00494,Promotion,2024-12-03,Level up: 1 grade
EVT000660,EMP00494,Salary Increase,2023-09-06,+6.9%
EVT000661,EMP00497,Salary Increase,2023-04-01,+5.5%
EVT000662,EMP00499,Salary Increase,2024-04-10,+2.4%
EVT000663,EMP00501,Salary Increase,2025-05-08,+4.8%
EVT000664,EMP00501,Salary Increase,2023-08-26,+8.7%
EVT000665,EMP00502,Salary Increase,2024-02-24,+8.3%
EVT000666,EMP00503,Promotion,2024-12-21,Level up: 1 grade
EVT000667,EMP00503,Salary Increase,2023-08-06,+4.5%
EVT000668,EMP00503,Salary Increase,2023-07-03,+5.7%
EVT000669,EMP00503,Salary Increase,2024-10-03,+5.9%
EVT000670,EMP00505,Promotion,2024-10-17,Level up: 1 grade
EVT000671,EMP00505,Salary Increase,2023-10-20,+3.6%
EVT000672,EMP00507,Salary Increase,2024-12-15,+4.9%
EVT000673,EMP00508,Salary Increase,2023-01-17,+6.7%
EVT000674,EMP00509,Promotion,2025-02-27,Level up: 1 grade
EVT000675,EMP00509,Salary Increase,2023-06-23,+7.8%
EVT000676,EMP00512,Promotion,2025-02-11,Level up: 2 grades
EVT000677,EMP00513,Salary Increase,2025-01-18,+9.0%
EVT000678,EMP00515,Salary Increase,2025-06-01,+4.3%
EVT000679,EMP00517,Salary Increase,2024-03-10,+4.9%
EVT000680,EMP00518,Salary Increase,2024-01-22,+4.0%
EVT000681,EMP00518,Exit,2024-01-18,Voluntary - Better Opportunity
EVT000682,EMP00519,Promotion,2023-08-02,Level up: 2 grades
EVT000683,EMP00519,Salary Increase,2024-04-01,+7.0%
EVT000684,EMP00519,Salary Increase,2024-11-07,+3.2%
EVT000685,EMP00520,Salary Increase,2025-02-13,+3.1%
EVT000686,EMP00520,Salary Increase,2023-01-17,+7.9%
EVT000687,EMP00525,Salary Increase,2024-08-13,+3.5%
EVT000688,EMP00526,Salary Increase,2023-06-18,+5.9%
EVT000689,EMP00527,Salary Increase,2025-01-15,+5.7%
EVT000690,EMP00528,Promotion,2023-12-10,Level up: 1 grade
EVT000691,EMP00528,Salary Increase,2023-08-17,+2.4%
EVT000692,EMP00528,Salary Increase,2024-03-12,+3.4%
EVT000693,EMP00530,Salary Increase,2023-03-21,+7.1%
EVT000694,EMP00531,Salary Increase,2024-10-03,+5.8%
EVT000695,EMP00531,Salary Increase,2025-06-16,+5.8%
EVT000696,EMP00533,Salary Increase,2023-08-05,+3.5%
EVT000697,EMP00534,Salary Increase,2023-07-26,+4.6%
EVT000698,EMP00535,Salary Increase,2024-12-18,+6.3%
EVT000699,EMP00536,Salary Increase,2023-07-28,+1.5%
EVT000700,EMP00536,Salary Increase,2023-10-16,+9.9%
EVT000701,EMP00536,Salary Increase,2023-02-20,+7.6%
EVT000702,EMP00537,Salary Increase,2023-06-14,+4.3%
EVT000703,EMP00541,Salary Increase,2023-08-22,+0.5%
EVT000704,EMP00543,Salary Increase,2025-01-23,+5.8%
EVT000705,EMP00543,Salary Increase,2025-06-19,+7.0%
EVT000706,EMP00544,Salary Increase,2023-07-16,+9.2%
EVT000707,EMP00544,Salary Increase,2024-10-06,+6.4%
EVT000708,EMP00546,Salary Increase,2024-01-23,+3.7%
EVT000709,EMP00546,Salary Increase,2023-12-19,+7.1%
EVT000710,EMP00547,Salary Increase,2025-03-23,+6.9%
EVT000711,EMP00547,Salary Increase,2024-05-10,+9.1%
EVT000712,EMP00548,Salary Increase,2025-03-01,+8.2%
EVT000713,EMP00549,Salary Increase,2024-10-18,+6.5%
EVT000714,EMP00549,Salary Increase,2023-05-09,+1.7%
EVT000715,EMP00549,Exit,2025-02-03,Voluntary - Compensation
EVT000716,EMP00550,Salary Increase,2024-02-16,+3.4%
EVT000717,EMP00552,Salary Increase,2024-05-08,+1.7%
EVT000718,EMP00553,Salary Increase,2025-05-22,+4.3%
EVT000719,EMP00553,Salary Increase,2025-03-07,+0.8%
EVT000720,EMP00554,Salary Increase,2023-05-17,+4.4%
EVT000721,EMP00556,Salary Increase,2025-02-07,+1.0%
EVT000722,EMP00557,Salary Increase,2025-06-21,+7.7%
EVT000723,EMP00557,Salary Increase,2023-05-24,+3.7%
EVT000724,EMP00559,Salary Increase,2023-12-17,+3.4%
EVT000725,EMP00560,Salary Increase,2023-05-01,+5.2%
EVT000726,EMP00561,Salary Increase,2023-05-16,+6.1%
EVT000727,EMP00562,Salary Increase,2024-02-28,+7.7%
EVT000728,EMP00562,Salary Increase,2025-04-14,+8.8%
EVT000729,EMP00562,Exit,2023-08-25,Voluntary - Better Opportunity
EVT000730,EMP00565,Salary Increase,2024-11-07,+7.7%
EVT000731,EMP00567,Salary Increase,2023-10-15,+3.0%
EVT000732,EMP00569,Salary Increase,2025-02-04,+8.7%
EVT000733,EMP00569,Salary Increase,2023-01-31,+9.8%
EVT000734,EMP00570,Salary Increase,2023-09-27,+3.3%
EVT000735,EMP00570,Salary Increase,2024-10-14,+4.3%
EVT000736,EMP00570,Exit,2024-01-06,Voluntary - Better Opportunity
EVT000737,EMP00571,Salary Increase,2023-06-23,+5.8%
EVT000738,EMP00571,Salary Increase,2023-01-16,+9.4%
EVT000739,EMP00574,Salary Increase,2025-06-23,+7.2%
EVT000740,EMP00574,Salary Increase,2024-08-23,+6.8%
EVT000741,EMP00576,Promotion,2024-08-11,Level up: 2 grades
EVT000742,EMP00576,Salary Increase,2023-03-15,+10.8%
EVT000743,EMP00577,Salary Increase,2023-02-07,+4.8%
EVT000744,EMP00577,Salary Increase,2023-03-21,+9.5%
EVT000745,EMP00578,Salary Increase,2023-06-18,+8.3%
EVT000746,EMP00579,Promotion,2023-10-31,Level up: 1 grade
EVT000747,EMP00579,Salary Increase,2024-10-25,+6.9%
EVT000748,EMP00580,Promotion,2025-02-15,Level up: 1 grade
EVT000749,EMP00580,Salary Increase,2023-12-01,+4.2%
EVT000750,EMP00581,Salary Increase,2025-04-08,+5.4%
EVT000751,EMP00581,Salary Increase,2024-11-18,+4.9%
EVT000752,EMP00582,Salary Increase,2024-04-26,+2.9%
EVT000753,EMP00582,Salary Increase,2024-03-06,+2.5%
EVT000754,EMP00584,Promotion,2023-07-23,Level up: 1 grade
EVT000755,EMP00586,Salary Increase,2024-03-18,+5.1%
EVT000756,EMP00586,Salary Increase,2025-02-03,+8.4%
EVT000757,EMP00587,Promotion,2024-03-10,Level up: 2 grades
EVT000758,EMP00587,Salary Increase,2025-05-08,+3.0%
EVT000759,EMP00588,Salary Increase,2024-04-27,+6.8%
EVT000760,EMP00588,Salary Increase,2025-01-23,+6.9%
EVT000761,EMP00588,Salary Increase,2023-03-04,+6.5%
EVT000762,EMP00588,Salary Increase,2024-08-28,+4.2%
EVT000763,EMP00589,Salary Increase,2023-08-28,+4.5%
EVT000764,EMP00590,Salary Increase,2023-06-29,+2.2%
EVT000765,EMP00590,Salary Increase,2025-01-23,+3.4%
EVT000766,EMP00590,Salary Increase,2024-07-09,+8.1%
EVT000767,EMP00590,Salary Increase,2024-07-31,+7.3%
EVT000768,EMP00591,Salary Increase,2024-10-17,+5.8%
EVT000769,EMP00591,Salary Increase,2024-07-01,+7.3%
EVT000770,EMP00594,Promotion,2025-03-04,Level up: 2 grades
EVT000771,EMP00594,Salary Increase,2025-05-31,+3.7%
EVT000772,EMP00595,Salary Increase,2023-06-18,+0.5%
EVT000773,EMP00595,Salary Increase,2024-12-15,+3.6%
EVT000774,EMP00595,Salary Increase,2025-05-05,+5.7%
EVT000775,EMP00596,Promotion,2023-10-16,Level up: 1 grade
EVT000776,EMP00597,Exit,2023-09-23,Voluntary - Compensation
EVT000777,EMP00598,Salary Increase,2024-02-01,+7.9%
EVT000778,EMP00599,Exit,2024-02-17,Voluntary - Career Growth
EVT000779,EMP00600,Salary Increase,2023-04-17,+3.6%
EVT000780,EMP00601,Salary Increase,2023-12-15,+10.7%
EVT000781,EMP00604,Salary Increase,2025-05-29,+5.9%
EVT000782,EMP00605,Salary Increase,2025-03-08,+6.7%
EVT000783,EMP00608,Salary Increase,2025-06-04,+6.2%
EVT000784,EMP00608,Salary Increase,2025-03-15,+10.9%
EVT000785,EMP00610,Promotion,2024-05-28,Level up: 1 grade
EVT000786,EMP00611,Promotion,2024-10-20,Level up: 2 grades
EVT000787,EMP00611,Exit,2023-10-26,Voluntary - Better Opportunity
EVT000788,EMP00612,Promotion,2024-04-17,Level up: 1 grade
EVT000789,EMP00612,Salary Increase,2025-06-15,+6.0%
EVT000790,EMP00612,Salary Increase,2023-04-29,+3.4%
EVT000791,EMP00613,Promotion,2023-12-01,Level up: 1 grade
EVT000792,EMP00613,Salary Increase,2024-11-29,+10.2%
EVT000793,EMP00613,Salary Increase,2024-01-20,+5.5%
EVT000794,EMP00613,Salary Increase,2024-05-16,+3.5%
EVT000795,EMP00614,Salary Increase,2023-04-22,+6.8%
EVT000796,EMP00616,Salary Increase,2023-02-20,+9.9%
EVT000797,EMP00616,Salary Increase,2024-01-02,+2.0%
EVT000798,EMP00616,Salary Increase,2023-07-11,+8.9%
EVT000799,EMP00616,Salary Increase,2023-02-12,+4.7%
EVT000800,EMP00617,Salary Increase,2023-12-08,+5.2%
EVT000801,EMP00617,Salary Increase,2023-07-03,+3.3%
EVT000802,EMP00618,Salary Increase,2023-01-15,+4.8%
EVT000803,EMP00620,Salary Increase,2024-07-23,+11.3%
EVT000804,EMP00620,Salary Increase,2025-01-31,+9.3%
EVT000805,EMP00620,Salary Increase,2023-02-18,+8.1%
EVT000806,EMP00621,Salary Increase,2024-10-04,+6.7%
EVT000807,EMP00624,Promotion,2024-08-21,Level up: 2 grades
EVT000808,EMP00624,Salary Increase,2024-06-23,+2.8%
EVT000809,EMP00624,Salary Increase,2025-05-19,+5.9%
EVT000810,EMP00625,Salary Increase,2024-03-13,+5.9%
EVT000811,EMP00628,Salary Increase,2023-05-19,+0.5%
EVT000812,EMP00629,Promotion,2023-11-30,Level up: 2 grades
EVT000813,EMP00629,Salary Increase,2025-01-22,+5.3%
EVT000814,EMP00630,Salary Increase,2025-05-10,+9.5%
EVT000815,EMP00630,Salary Increase,2024-08-31,+2.6%
EVT000816,EMP00631,Salary Increase,2023-02-08,+4.6%
EVT000817,EMP00632,Promotion,2024-04-18,Level up: 2 grades
EVT000818,EMP00632,Salary Increase,2023-05-17,+7.9%
EVT000819,EMP00633,Salary Increase,2024-02-28,+6.0%
EVT000820,EMP00636,Promotion,2025-03-16,Level up: 2 grades
EVT000821,EMP00636,Salary Increase,2023-06-11,+5.9%
EVT000822,EMP00637,Salary Increase,2025-04-22,+6.3%
EVT000823,EMP00638,Salary Increase,2023-03-23,+9.3%
EVT000824,EMP00639,Salary Increase,2025-06-16,+5.7%
EVT000825,EMP00640,Salary Increase,2023-10-15,+6.6%
EVT000826,EMP00640,Salary Increase,2025-05-08,+4.4%
EVT000827,EMP00640,Salary Increase,2024-12-01,+4.5%
EVT000828,EMP00643,Salary Increase,2024-10-17,+6.4%
EVT000829,EMP00643,Salary Increase,2024-04-16,+5.8%
EVT000830,EMP00644,Promotion,2024-02-14,Level up: 2 grades
EVT000831,EMP00645,Salary Increase,2024-02-24,+8.9%
EVT000832,EMP00645,Salary Increase,2024-03-19,+8.5%
EVT000833,EMP00645,Salary Increase,2025-04-07,+3.5%
EVT000834,EMP00645,Salary Increase,2024-09-04,+5.7%
EVT000835,EMP00646,Salary Increase,2025-05-29,+5.6%
EVT000836,EMP00646,Salary Increase,2024-09-14,+8.5%
EVT000837,EMP00647,Salary Increase,2024-10-20,+9.0%
EVT000838,EMP00648,Salary Increase,2023-02-27,+11.2%
EVT000839,EMP00648,Salary Increase,2024-02-02,+8.9%
EVT000840,EMP00651,Promotion,2024-07-07,Level up: 1 grade
EVT000841,EMP00651,Salary Increase,2024-04-11,+0.5%
EVT000842,EMP00653,Promotion,2025-02-13,Level up: 1 grade
EVT000843,EMP00653,Salary Increase,2024-02-17,+6.2%
EVT000844,EMP00657,Salary Increase,2025-04-16,+8.3%
EVT000845,EMP00657,Salary Increase,2023-08-12,+10.6%
EVT000846,EMP00659,Promotion,2025-01-04,Level up: 1 grade
EVT000847,EMP00659,Salary Increase,2024-02-06,+3.3%
EVT000848,EMP00660,Promotion,2025-02-04,Level up: 1 grade
EVT000849,EMP00661,Salary Increase,2025-06-18,+6.7%
EVT000850,EMP00662,Salary Increase,2023-11-03,+10.6%
EVT000851,EMP00662,Salary Increase,2023-05-07,+5.5%
EVT000852,EMP00663,Promotion,2024-02-06,Level up: 2 grades
EVT000853,EMP00664,Salary Increase,2023-09-28,+1.7%
EVT000854,EMP00665,Salary Increase,2023-12-06,+4.3%
EVT000855,EMP00666,Salary Increase,2024-07-04,+11.9%
EVT000856,EMP00667,Promotion,2023-08-19,Level up: 1 grade
EVT000857,EMP00667,Salary Increase,2023-09-17,+5.0%
EVT000858,EMP00667,Exit,2024-10-12,Voluntary - Career Growth
EVT000859,EMP00668,Salary Increase,2024-09-11,+1.8%
EVT000860,EMP00668,Salary Increase,2025-03-01,+6.7%
EVT000861,EMP00668,Salary Increase,2024-03-31,+6.7%
EVT000862,EMP00668,Salary Increase,2024-06-15,+8.2%
EVT000863,EMP00668,Exit,2023-10-16,Voluntary - Career Growth
EVT000864,EMP00669,Salary Increase,2023-04-04,+9.1%
EVT000865,EMP00669,Salary Increase,2023-12-21,+9.4%
EVT000866,EMP00670,Promotion,2025-04-04,Level up: 2 grades
EVT000867,EMP00670,Salary Increase,2024-08-04,+2.4%
EVT000868,EMP00670,Salary Increase,2023-09-05,+8.4%
EVT000869,EMP00672,Salary Increase,2023-11-16,+5.6%
EVT000870,EMP00673,Salary Increase,2024-04-06,+8.6%
EVT000871,EMP00674,Promotion,2024-08-18,Level up: 2 grades
EVT000872,EMP00674,Salary Increase,2025-03-19,+3.5%
EVT000873,EMP00676,Salary Increase,2025-01-29,+6.8%
EVT000874,EMP00677,Salary Increase,2025-01-14,+7.5%
EVT000875,EMP00677,Salary Increase,2025-02-10,+7.1%
EVT000876,EMP00677,Salary Increase,2025-02-01,+8.5%
EVT000877,EMP00677,Salary Increase,2024-11-11,+2.4%
EVT000878,EMP00679,Salary Increase,2024-11-04,+4.3%
EVT000879,EMP00680,Promotion,2025-04-11,Level up: 1 grade
EVT000880,EMP00680,Salary Increase,2024-10-14,+3.5%
EVT000881,EMP00681,Salary Increase,2025-01-01,+7.1%
EVT000882,EMP00681,Salary Increase,2025-01-31,+4.8%
EVT000883,EMP00681,Salary Increase,2023-01-01,+5.0%
EVT000884,EMP00681,Salary Increase,2023-02-25,+4.6%
EVT000885,EMP00681,Salary Increase,2024-02-15,+7.0%
EVT000886,EMP00682,Salary Increase,2023-07-26,+3.5%
EVT000887,EMP00682,Salary Increase,2023-08-05,+8.2%
EVT000888,EMP00684,Salary Increase,2023-07-19,+1.2%
EVT000889,EMP00684,Salary Increase,2023-11-16,+5.5%
EVT000890,EMP00685,Salary Increase,2024-12-23,+7.2%
EVT000891,EMP00686,Salary Increase,2023-11-26,+1.8%
EVT000892,EMP00688,Salary Increase,2023-06-24,+5.4%
EVT000893,EMP00688,Salary Increase,2024-03-08,+6.0%
EVT000894,EMP00689,Promotion,2024-12-09,Level up: 1 grade
EVT000895,EMP00689,Salary Increase,2023-08-11,+9.8%
EVT000896,EMP00690,Salary Increase,2023-07-19,+13.9%
EVT000897,EMP00691,Salary Increase,2023-05-01,+6.8%
EVT000898,EMP00691,Salary Increase,2024-04-27,+5.4%
EVT000899,EMP00692,Salary Increase,2024-01-19,+4.7%
EVT000900,EMP00693,Promotion,2024-06-17,Level up: 1 grade
EVT000901,EMP00695,Salary Increase,2025-02-18,+9.7%
EVT000902,EMP00695,Salary Increase,2024-09-04,+4.8%
EVT000903,EMP00695,Salary Increase,2023-07-01,+2.5%
EVT000904,EMP00696,Exit,2023-05-12,Voluntary - Career Growth
EVT000905,EMP00697,Salary Increase,2024-12-27,+4.0%
EVT000906,EMP00697,Salary Increase,2023-01-05,+5.5%
EVT000907,EMP00697,Salary Increase,2023-10-25,+12.2%
EVT000908,EMP00698,Salary Increase,2023-03-18,+3.7%
EVT000909,EMP00700,Salary Increase,2024-06-04,+5.1%
EVT000910,EMP00703,Salary Increase,2023-05-16,+2.5%
EVT000911,EMP00708,Salary Increase,2024-01-24,+3.6%
EVT000912,EMP00708,Exit,2024-05-10,Voluntary - Compensation
EVT000913,EMP00709,Salary Increase,2024-11-18,+6.2%
EVT000914,EMP00709,Salary Increase,2025-05-06,+8.5%
EVT000915,EMP00710,Salary Increase,2023-06-23,+6.6%
EVT000916,EMP00710,Exit,2025-04-08,Involuntary - Performance
EVT000917,EMP00711,Promotion,2024-05-14,Level up: 1 grade
EVT000918,EMP00713,Salary Increase,2023-04-24,+4.6%
EVT000919,EMP00714,Salary Increase,2025-04-27,+0.5%
EVT000920,EMP00715,Salary Increase,2025-06-03,+3.0%
EVT000921,EMP00716,Salary Increase,2023-10-24,+2.1%
EVT000922,EMP00716,Salary Increase,2023-01-25,+7.2%
EVT000923,EMP00717,Promotion,2024-01-08,Level up: 1 grade
EVT000924,EMP00717,Salary Increase,2023-07-26,+5.8%
EVT000925,EMP00717,Salary Increase,2023-06-06,+7.6%
EVT000926,EMP00718,Salary Increase,2023-12-18,+2.1%
EVT000927,EMP00718,Salary Increase,2023-10-25,+2.7%
EVT000928,EMP00721,Salary Increase,2024-10-05,+4.7%
EVT000929,EMP00721,Salary Increase,2023-04-04,+3.2%
EVT000930,EMP00721,Salary Increase,2023-10-09,+2.7%
EVT000931,EMP00722,Salary Increase,2023-04-26,+5.1%
EVT000932,EMP00723,Salary Increase,2024-04-28,+7.0%
EVT000933,EMP00725,Exit,2025-01-02,Voluntary - Compensation
EVT000934,EMP00726,Salary Increase,2024-08-23,+3.0%
EVT000935,EMP00728,Salary Increase,2025-06-22,+0.5%
EVT000936,EMP00728,Salary Increase,2025-02-10,+2.1%
EVT000937,EMP00729,Salary Increase,2023-08-09,+2.0%
EVT000938,EMP00730,Salary Increase,2024-02-13,+9.8%
EVT000939,EMP00731,Salary Increase,2023-04-28,+1.4%
EVT000940,EMP00732,Promotion,2025-05-10,Level up: 1 grade
EVT000941,EMP00732,Salary Increase,2024-09-09,+1.9%
EVT000942,EMP00732,Salary Increase,2024-08-02,+7.5%
EVT000943,EMP00733,Salary Increase,2025-01-27,+9.5%
EVT000944,EMP00734,Promotion,2023-09-03,Level up: 2 grades
EVT000945,EMP00737,Promotion,2023-10-03,Level up: 1 grade
EVT000946,EMP00737,Salary Increase,2023-01-05,+2.8%
EVT000947,EMP00737,Salary Increase,2024-01-30,+0.6%
EVT000948,EMP00737,Salary Increase,2025-03-13,+1.9%
EVT000949,EMP00738,Salary Increase,2023-02-01,+2.8%
EVT000950,EMP00738,Salary Increase,2023-02-03,+6.9%
EVT000951,EMP00739,Salary Increase,2023-10-13,+7.3%
EVT000952,EMP00739,Salary Increase,2025-03-19,+7.0%
EVT000953,EMP00739,Salary Increase,2025-02-18,+6.3%
EVT000954,EMP00741,Promotion,2024-11-20,Level up: 2 grades
EVT000955,EMP00742,Promotion,2025-03-04,Level up: 2 grades
EVT000956,EMP00743,Salary Increase,2024-02-02,+5.1%
EVT000957,EMP00744,Salary Increase,2025-03-21,+7.5%
EVT000958,EMP00744,Salary Increase,2023-07-30,+0.5%
EVT000959,EMP00745,Promotion,2023-07-21,Level up: 1 grade
EVT000960,EMP00745,Salary Increase,2024-02-05,+2.3%
EVT000961,EMP00746,Promotion,2023-12-04,Level up: 1 grade
EVT000962,EMP00746,Salary Increase,2024-07-10,+3.6%
EVT000963,EMP00747,Salary Increase,2023-03-13,+2.9%
EVT000964,EMP00747,Salary Increase,2024-05-25,+4.5%
EVT000965,EMP00748,Promotion,2024-02-23,Level up: 1 grade
EVT000966,EMP00748,Salary Increase,2023-01-25,+5.4%
EVT000967,EMP00748,Salary Increase,2024-10-10,+4.1%
EVT000968,EMP00748,Salary Increase,2023-06-09,+10.0%
EVT000969,EMP00749,Salary Increase,2024-04-13,+5.9%
EVT000970,EMP00749,Salary Increase,2024-11-12,+3.3%
EVT000971,EMP00750,Salary Increase,2025-06-02,+6.5%
EVT000972,EMP00750,Salary Increase,2024-07-22,+5.0%
EVT000973,EMP00751,Salary Increase,2023-08-08,+4.9%
EVT000974,EMP00752,Salary Increase,2023-09-26,+7.3%
EVT000975,EMP00753,Promotion,2024-05-14,Level up: 1 grade
EVT000976,EMP00753,Salary Increase,2023-02-19,+6.5%
EVT000977,EMP00755,Salary Increase,2023-06-12,+1.3%
EVT000978,EMP00755,Salary Increase,2025-05-17,+1.5%
EVT000979,EMP00756,Salary Increase,2023-10-31,+2.4%
EVT000980,EMP00756,Salary Increase,2023-05-30,+10.9%
EVT000981,EMP00756,Salary Increase,2023-11-08,+2.8%
EVT000982,EMP00756,Salary Increase,2025-04-29,+4.7%
EVT000983,EMP00758,Salary Increase,2024-11-19,+6.6%
EVT000984,EMP00759,Salary Increase,2023-03-28,+4.1%
EVT000985,EMP00760,Salary Increase,2023-12-17,+0.5%
EVT000986,EMP00761,Salary Increase,2023-03-22,+1.9%
EVT000987,EMP00762,Salary Increase,2023-08-12,+3.3%
EVT000988,EMP00762,Salary Increase,2025-05-25,+4.6%
EVT000989,EMP00763,Promotion,2024-05-03,Level up: 2 grades
EVT000990,EMP00763,Salary Increase,2025-04-02,+3.2%
EVT000991,EMP00763,Salary Increase,2024-03-23,+1.5%
EVT000992,EMP00763,Salary Increase,2025-02-21,+7.6%
EVT000993,EMP00765,Salary Increase,2023-02-19,+8.2%
EVT000994,EMP00765,Salary Increase,2024-11-22,+6.3%
EVT000995,EMP00765,Salary Increase,2024-02-23,+3.2%
EVT000996,EMP00768,Salary Increase,2024-11-22,+8.1%
EVT000997,EMP00769,Salary Increase,2023-04-11,+4.3%
EVT000998,EMP00769,Salary Increase,2024-07-23,+4.9%
EVT000999,EMP00769,Salary Increase,2024-08-20,+1.2%
EVT001000,EMP00769,Exit,2024-09-25,Voluntary - Career Growth
EVT001001,EMP00770,Exit,2024-04-19,Involuntary - Restructuring
EVT001002,EMP00771,Salary Increase,2025-01-05,+6.4%
EVT001003,EMP00771,Salary Increase,2024-08-09,+9.1%
EVT001004,EMP00772,Salary Increase,2023-05-18,+7.6%
EVT001005,EMP00772,Exit,2023-06-17,Voluntary - Better Opportunity
EVT001006,EMP00773,Salary Increase,2023-01-22,+4.6%
EVT001007,EMP00777,Promotion,2024-04-07,Level up: 1 grade
EVT001008,EMP00778,Salary Increase,2024-01-04,+5.4%
EVT001009,EMP00781,Salary Increase,2023-06-29,+3.3%
EVT001010,EMP00781,Salary Increase,2023-05-01,+2.7%
EVT001011,EMP00782,Salary Increase,2024-12-06,+4.5%
EVT001012,EMP00783,Salary Increase,2023-01-16,+5.0%
EVT001013,EMP00783,Salary Increase,2024-03-27,+1.3%
EVT001014,EMP00784,Salary Increase,2023-09-23,+3.6%
EVT001015,EMP00786,Salary Increase,2024-12-01,+9.9%
EVT001016,EMP00786,Salary Increase,2024-01-27,+5.8%
EVT001017,EMP00788,Salary Increase,2024-09-03,+4.0%
EVT001018,EMP00788,Salary Increase,2025-01-27,+5.7%
EVT001019,EMP00788,Salary Increase,2025-06-03,+9.7%
EVT001020,EMP00789,Salary Increase,2025-04-05,+8.8%
EVT001021,EMP00790,Salary Increase,2025-01-10,+5.9%
EVT001022,EMP00792,Salary Increase,2023-05-05,+3.8%
EVT001023,EMP00792,Salary Increase,2024-05-23,+4.9%
EVT001024,EMP00792,Exit,2023-09-08,Voluntary - Career Growth
EVT001025,EMP00793,Promotion,2023-12-28,Level up: 2 grades
EVT001026,EMP00793,Salary Increase,2023-03-29,+8.7%
EVT001027,EMP00794,Salary Increase,2024-04-26,+1.0%
EVT001028,EMP00794,Salary Increase,2023-12-29,+8.4%
EVT001029,EMP00794,Salary Increase,2023-10-22,+1.3%
EVT001030,EMP00794,Exit,2024-07-05,Voluntary - Compensation
EVT001031,EMP00795,Salary Increase,2024-07-10,+0.8%
EVT001032,EMP00796,Promotion,2023-08-28,Level up: 2 grades
EVT001033,EMP00796,Salary Increase,2023-11-18,+2.2%
EVT001034,EMP00796,Salary Increase,2023-05-22,+2.9%
EVT001035,EMP00798,Promotion,2023-10-29,Level up: 2 grades
EVT001036,EMP00798,Salary Increase,2024-06-04,+9.3%
EVT001037,EMP00798,Salary Increase,2024-03-23,+6.1%
EVT001038,EMP00798,Salary Increase,2025-06-04,+10.4%
EVT001039,EMP00799,Promotion,2025-06-19,Level up: 1 grade
EVT001040,EMP00799,Salary Increase,2023-04-24,+4.2%
EVT001041,EMP00799,Salary Increase,2024-12-30,+4.0%
EVT001042,EMP00800,Salary Increase,2023-08-10,+4.3%
EVT001043,EMP00800,Salary Increase,2023-04-17,+5.6%
EVT001044,EMP00800,Salary Increase,2023-01-25,+4.7%
EVT001045,EMP00801,Salary Increase,2024-06-23,+2.6%
EVT001046,EMP00801,Salary Increase,2023-01-13,+6.6%
EVT001047,EMP00802,Salary Increase,2023-06-15,+0.5%
EVT001048,EMP00804,Salary Increase,2023-01-16,+2.2%
EVT001049,EMP00807,Promotion,2025-03-04,Level up: 1 grade
EVT001050,EMP00808,Promotion,2025-01-04,Level up: 1 grade
EVT001051,EMP00808,Salary Increase,2023-05-15,+4.3%
EVT001052,EMP00809,Salary Increase,2023-06-20,+9.6%
EVT001053,EMP00809,Salary Increase,2023-10-25,+4.6%
EVT001054,EMP00809,Salary Increase,2023-07-10,+7.6%
EVT001055,EMP00809,Salary Increase,2023-07-17,+7.9%
EVT001056,EMP00810,Promotion,2023-07-28,Level up: 1 grade
EVT001057,EMP00810,Salary Increase,2023-02-21,+1.2%
EVT001058,EMP00812,Salary Increase,2024-05-03,+9.8%
EVT001059,EMP00812,Salary Increase,2023-06-25,+6.6%
EVT001060,EMP00813,Salary Increase,2024-07-06,+6.7%
EVT001061,EMP00813,Salary Increase,2023-08-23,+0.5%
EVT001062,EMP00814,Salary Increase,2024-09-18,+3.3%
EVT001063,EMP00814,Salary Increase,2024-08-31,+5.2%
EVT001064,EMP00815,Salary Increase,2024-11-24,+1.8%
EVT001065,EMP00816,Salary Increase,2024-08-29,+3.3%
EVT001066,EMP00817,Salary Increase,2024-04-28,+8.9%
EVT001067,EMP00817,Salary Increase,2023-09-13,+6.7%
EVT001068,EMP00818,Salary Increase,2025-01-08,+4.8%
EVT001069,EMP00818,Salary Increase,2024-09-27,+10.4%
EVT001070,EMP00818,Salary Increase,2024-12-21,+6.0%
EVT001071,EMP00818,Salary Increase,2025-06-05,+3.8%
EVT001072,EMP00819,Salary Increase,2023-07-19,+6.0%
EVT001073,EMP00820,Promotion,2025-05-14,Level up: 2 grades
EVT001074,EMP00820,Salary Increase,2023-02-15,+8.9%
EVT001075,EMP00820,Salary Increase,2024-12-07,+10.3%
EVT001076,EMP00820,Salary Increase,2025-01-07,+3.7%
EVT001077,EMP00820,Salary Increase,2023-06-28,+6.0%
EVT001078,EMP00824,Salary Increase,2023-12-19,+6.8%
EVT001079,EMP00826,Salary Increase,2025-01-22,+5.5%
EVT001080,EMP00827,Salary Increase,2023-05-18,+3.4%
EVT001081,EMP00828,Promotion,2024-08-28,Level up: 1 grade
EVT001082,EMP00829,Exit,2025-01-30,Voluntary - Personal Reasons
EVT001083,EMP00830,Promotion,2023-12-28,Level up: 2 grades
EVT001084,EMP00830,Salary Increase,2023-02-20,+2.2%
EVT001085,EMP00830,Salary Increase,2023-06-02,+0.5%
EVT001086,EMP00831,Salary Increase,2024-02-27,+2.3%
EVT001087,EMP00831,Salary Increase,2023-04-20,+1.6%
EVT001088,EMP00832,Salary Increase,2024-08-10,+4.0%
EVT001089,EMP00832,Salary Increase,2023-04-30,+8.9%
EVT001090,EMP00833,Salary Increase,2023-07-10,+4.3%
EVT001091,EMP00834,Salary Increase,2025-06-12,+9.2%
EVT001092,EMP00834,Salary Increase,2024-10-16,+6.2%
EVT001093,EMP00835,Salary Increase,2024-04-11,+4.1%
EVT001094,EMP00836,Salary Increase,2023-04-28,+5.7%
EVT001095,EMP00836,Salary Increase,2023-03-01,+8.7%
EVT001096,EMP00837,Salary Increase,2023-08-23,+10.0%
EVT001097,EMP00837,Salary Increase,2025-04-19,+7.4%
EVT001098,EMP00837,Salary Increase,2023-03-08,+6.8%
EVT001099,EMP00837,Salary Increase,2023-07-19,+4.8%
EVT001100,EMP00837,Salary Increase,2023-03-14,+2.9%
EVT001101,EMP00838,Salary Increase,2023-03-12,+5.6%
EVT001102,EMP00841,Salary Increase,2023-07-10,+4.5%
EVT001103,EMP00841,Salary Increase,2025-06-03,+2.9%
EVT001104,EMP00842,Salary Increase,2023-08-19,+3.8%
EVT001105,EMP00844,Promotion,2024-06-07,Level up: 1 grade
EVT001106,EMP00844,Salary Increase,2025-01-13,+6.0%
EVT001107,EMP00844,Salary Increase,2024-11-08,+9.7%
EVT001108,EMP00844,Salary Increase,2023-02-21,+2.3%
EVT001109,EMP00845,Salary Increase,2023-09-14,+3.6%
EVT001110,EMP00847,Salary Increase,2023-11-10,+0.9%
EVT001111,EMP00848,Salary Increase,2025-02-13,+7.3%
EVT001112,EMP00848,Salary Increase,2024-09-03,+7.8%
EVT001113,EMP00848,Salary Increase,2025-01-27,+5.2%
EVT001114,EMP00848,Salary Increase,2024-08-12,+5.1%
EVT001115,EMP00849,Promotion,2024-01-19,Level up: 1 grade
EVT001116,EMP00849,Salary Increase,2024-08-03,+5.2%
EVT001117,EMP00850,Salary Increase,2024-05-07,+7.8%
EVT001118,EMP00851,Promotion,2025-03-18,Level up: 1 grade
EVT001119,EMP00851,Salary Increase,2023-09-17,+2.0%
EVT001120,EMP00851,Salary Increase,2023-05-14,+3.8%
EVT001121,EMP00851,Salary Increase,2023-01-29,+6.9%
EVT001122,EMP00851,Salary Increase,2023-10-24,+2.9%
EVT001123,EMP00852,Salary Increase,2023-04-19,+8.8%
EVT001124,EMP00852,Salary Increase,2023-12-12,+6.0%
EVT001125,EMP00853,Salary Increase,2025-05-25,+5.4%
EVT001126,EMP00854,Salary Increase,2023-05-09,+6.3%
EVT001127,EMP00854,Salary Increase,2023-06-27,+8.7%
EVT001128,EMP00854,Salary Increase,2025-06-14,+4.7%
EVT001129,EMP00854,Salary Increase,2024-09-11,+7.9%
EVT001130,EMP00855,Promotion,2024-02-24,Level up: 2 grades
EVT001131,EMP00855,Salary Increase,2023-06-28,+0.5%
EVT001132,EMP00857,Salary Increase,2024-11-28,+12.7%
EVT001133,EMP00857,Exit,2025-05-24,Voluntary - Better Opportunity
EVT001134,EMP00858,Salary Increase,2024-05-14,+3.9%
EVT001135,EMP00859,Salary Increase,2025-02-24,+6.0%
EVT001136,EMP00859,Salary Increase,2024-09-21,+7.2%
EVT001137,EMP00859,Salary Increase,2025-04-03,+3.5%
EVT001138,EMP00860,Salary Increase,2025-01-11,+4.8%
EVT001139,EMP00860,Salary Increase,2023-12-04,+5.4%
EVT001140,EMP00861,Promotion,2024-08-30,Level up: 1 grade
EVT001141,EMP00862,Salary Increase,2024-01-28,+13.0%
EVT001142,EMP00862,Salary Increase,2024-04-05,+2.2%
EVT001143,EMP00863,Salary Increase,2024-11-08,+4.2%
EVT001144,EMP00865,Salary Increase,2024-01-05,+6.4%
EVT001145,EMP00867,Salary Increase,2024-08-17,+8.0%
EVT001146,EMP00867,Salary Increase,2023-09-20,+5.7%
EVT001147,EMP00867,Salary Increase,2023-10-22,+6.3%
EVT001148,EMP00869,Salary Increase,2024-09-22,+6.0%
EVT001149,EMP00869,Salary Increase,2024-08-03,+2.6%
EVT001150,EMP00869,Exit,2024-12-07,Involuntary - Restructuring
EVT001151,EMP00870,Salary Increase,2023-12-10,+6.5%
EVT001152,EMP00870,Salary Increase,2024-06-11,+4.1%
EVT001153,EMP00871,Salary Increase,2024-07-15,+3.7%
EVT001154,EMP00872,Salary Increase,2023-06-06,+6.9%
EVT001155,EMP00872,Exit,2024-10-04,Voluntary - Personal Reasons
EVT001156,EMP00873,Salary Increase,2023-01-16,+8.9%
EVT001157,EMP00873,Exit,2024-11-23,Voluntary - Personal Reasons
EVT001158,EMP00874,Salary Increase,2023-02-07,+7.4%
EVT001159,EMP00874,Salary Increase,2024-06-14,+7.0%
EVT001160,EMP00874,Salary Increase,2023-12-12,+2.1%
EVT001161,EMP00877,Salary Increase,2023-09-19,+4.4%
EVT001162,EMP00877,Salary Increase,2024-06-23,+7.1%
EVT001163,EMP00878,Salary Increase,2023-06-02,+8.2%
EVT001164,EMP00878,Exit,2025-02-23,Voluntary - Compensation
EVT001165,EMP00882,Salary Increase,2024-07-07,+3.5%
EVT001166,EMP00883,Promotion,2024-02-01,Level up: 1 grade
EVT001167,EMP00883,Salary Increase,2023-09-13,+8.5%
EVT001168,EMP00883,Salary Increase,2023-12-10,+7.6%
EVT001169,EMP00884,Exit,2023-08-06,Involuntary - Performance
EVT001170,EMP00889,Salary Increase,2023-11-13,+6.8%
EVT001171,EMP00889,Salary Increase,2023-05-09,+8.7%
EVT001172,EMP00890,Salary Increase,2025-06-24,+5.4%
EVT001173,EMP00890,Salary Increase,2024-01-14,+8.8%
EVT001174,EMP00890,Salary Increase,2024-08-17,+5.1%
EVT001175,EMP00891,Promotion,2024-05-20,Level up: 2 grades
EVT001176,EMP00893,Salary Increase,2024-01-24,+4.3%
EVT001177,EMP00893,Exit,2023-07-25,Voluntary - Better Opportunity
EVT001178,EMP00894,Salary Increase,2023-08-10,+5.4%
EVT001179,EMP00894,Salary Increase,2023-07-14,+4.4%
EVT001180,EMP00895,Salary Increase,2024-09-20,+5.0%
EVT001181,EMP00895,Salary Increase,2024-12-11,+7.6%
EVT001182,EMP00898,Salary Increase,2023-10-04,+8.1%
EVT001183,EMP00899,Salary Increase,2023-01-23,+3.9%
EVT001184,EMP00899,Salary Increase,2025-01-26,+0.5%
EVT001185,EMP00899,Salary Increase,2024-10-11,+8.4%
EVT001186,EMP00901,Salary Increase,2024-08-25,+0.5%
EVT001187,EMP00901,Salary Increase,2024-03-01,+5.2%
EVT001188,EMP00902,Salary Increase,2024-11-17,+6.1%
EVT001189,EMP00903,Salary Increase,2025-05-16,+0.5%
EVT001190,EMP00903,Salary Increase,2023-11-28,+3.6%
EVT001191,EMP00903,Salary Increase,2025-06-28,+5.2%
EVT001192,EMP00906,Salary Increase,2023-12-23,+7.7%
EVT001193,EMP00907,Salary Increase,2024-09-24,+6.1%
EVT001194,EMP00907,Salary Increase,2023-06-14,+9.0%
EVT001195,EMP00909,Salary Increase,2025-01-04,+8.1%
EVT001196,EMP00909,Salary Increase,2023-01-21,+6.6%
EVT001197,EMP00910,Promotion,2023-10-24,Level up: 1 grade
EVT001198,EMP00910,Salary Increase,2024-02-23,+7.1%
EVT001199,EMP00911,Exit,2024-06-14,Voluntary - Compensation
EVT001200,EMP00912,Promotion,2025-01-17,Level up: 2 grades
EVT001201,EMP00912,Salary Increase,2023-02-06,+10.0%
EVT001202,EMP00912,Salary Increase,2024-06-21,+4.4%
EVT001203,EMP00912,Salary Increase,2024-05-29,+7.5%
EVT001204,EMP00913,Salary Increase,2023-11-07,+5.6%
EVT001205,EMP00913,Salary Increase,2024-12-12,+6.4%
EVT001206,EMP00914,Salary Increase,2024-04-26,+5.1%
EVT001207,EMP00914,Salary Increase,2025-03-04,+5.1%
EVT001208,EMP00916,Salary Increase,2024-01-06,+5.1%
EVT001209,EMP00917,Salary Increase,2023-03-14,+9.1%
EVT001210,EMP00917,Salary Increase,2023-05-02,+5.6%
EVT001211,EMP00918,Promotion,2025-04-18,Level up: 2 grades
EVT001212,EMP00918,Salary Increase,2024-06-12,+7.7%
EVT001213,EMP00918,Salary Increase,2023-11-01,+6.7%
EVT001214,EMP00919,Salary Increase,2023-02-11,+3.7%
EVT001215,EMP00919,Salary Increase,2024-07-14,+5.5%
EVT001216,EMP00920,Salary Increase,2025-06-11,+8.9%
EVT001217,EMP00920,Salary Increase,2024-04-22,+9.0%
EVT001218,EMP00921,Salary Increase,2023-01-07,+4.7%
EVT001219,EMP00922,Salary Increase,2025-06-30,+6.5%
EVT001220,EMP00923,Salary Increase,2024-08-18,+2.5%
EVT001221,EMP00924,Salary Increase,2025-02-04,+5.2%
EVT001222,EMP00925,Salary Increase,2023-11-08,+5.5%
EVT001223,EMP00926,Salary Increase,2024-08-02,+9.3%
EVT001224,EMP00927,Promotion,2023-11-07,Level up: 1 grade
EVT001225,EMP00927,Salary Increase,2024-05-25,+4.9%
EVT001226,EMP00927,Exit,2023-11-04,Involuntary - Performance
EVT001227,EMP00928,Promotion,2024-05-03,Level up: 1 grade
EVT001228,EMP00928,Salary Increase,2023-07-06,+4.1%
EVT001229,EMP00928,Salary Increase,2024-08-07,+1.8%
EVT001230,EMP00929,Salary Increase,2024-08-07,+5.3%
EVT001231,EMP00931,Salary Increase,2024-04-08,+2.8%
EVT001232,EMP00931,Salary Increase,2024-11-20,+5.0%
EVT001233,EMP00931,Salary Increase,2024-10-09,+3.5%
EVT001234,EMP00932,Promotion,2024-10-11,Level up: 2 grades
EVT001235,EMP00936,Promotion,2023-10-02,Level up: 2 grades
EVT001236,EMP00936,Salary Increase,2025-04-15,+8.8%
EVT001237,EMP00937,Salary Increase,2024-02-03,+4.1%
EVT001238,EMP00938,Promotion,2024-07-11,Level up: 2 grades
EVT001239,EMP00938,Salary Increase,2024-01-08,+3.2%
EVT001240,EMP00939,Salary Increase,2023-04-07,+2.7%
EVT001241,EMP00940,Salary Increase,2023-04-21,+0.5%
EVT001242,EMP00940,Salary Increase,2024-09-22,+8.0%
EVT001243,EMP00940,Salary Increase,2025-01-14,+5.7%
EVT001244,EMP00940,Exit,2025-06-20,Voluntary - Career Growth
EVT001245,EMP00941,Salary Increase,2024-06-11,+2.0%
EVT001246,EMP00942,Salary Increase,2024-04-14,+5.5%
EVT001247,EMP00943,Salary Increase,2023-04-04,+4.9%
EVT001248,EMP00943,Salary Increase,2025-01-13,+7.3%
EVT001249,EMP00945,Salary Increase,2024-08-13,+1.7%
EVT001250,EMP00946,Promotion,2024-03-30,Level up: 1 grade
EVT001251,EMP00947,Salary Increase,2024-10-19,+7.4%
EVT001252,EMP00947,Salary Increase,2023-02-04,+7.0%
EVT001253,EMP00948,Promotion,2024-01-20,Level up: 1 grade
EVT001254,EMP00948,Salary Increase,2025-06-13,+6.5%
EVT001255,EMP00949,Salary Increase,2024-05-26,+2.7%
EVT001256,EMP00949,Salary Increase,2025-04-29,+3.6%
EVT001257,EMP00950,Salary Increase,2023-12-31,+4.5%
EVT001258,EMP00950,Salary Increase,2023-02-06,+7.3%
EVT001259,EMP00951,Salary Increase,2024-01-17,+3.6%
EVT001260,EMP00951,Salary Increase,2023-09-02,+9.1%
EVT001261,EMP00951,Salary Increase,2024-11-07,+6.7%
EVT001262,EMP00952,Salary Increase,2023-03-27,+6.8%
EVT001263,EMP00953,Salary Increase,2023-10-22,+6.1%
EVT001264,EMP00953,Salary Increase,2023-10-15,+2.5%
EVT001265,EMP00955,Promotion,2024-01-25,Level up: 1 grade
EVT001266,EMP00955,Salary Increase,2023-09-09,+6.2%
EVT001267,EMP00955,Salary Increase,2023-04-30,+8.6%
EVT001268,EMP00958,Promotion,2023-09-21,Level up: 1 grade
EVT001269,EMP00958,Salary Increase,2024-07-19,+5.7%
EVT001270,EMP00960,Salary Increase,2023-11-01,+5.0%
EVT001271,EMP00960,Salary Increase,2023-02-05,+2.7%
EVT001272,EMP00960,Salary Increase,2024-09-14,+3.6%
EVT001273,EMP00960,Exit,2024-03-10,Involuntary - Restructuring
EVT001274,EMP00962,Salary Increase,2024-11-23,+4.8%
EVT001275,EMP00962,Salary Increase,2024-07-21,+6.4%
EVT001276,EMP00962,Salary Increase,2023-08-13,+3.2%
EVT001277,EMP00963,Salary Increase,2023-05-11,+7.2%
EVT001278,EMP00964,Salary Increase,2025-05-29,+8.3%
EVT001279,EMP00967,Promotion,2024-09-25,Level up: 2 grades
EVT001280,EMP00967,Salary Increase,2023-09-21,+7.2%
EVT001281,EMP00968,Salary Increase,2023-12-02,+7.7%
EVT001282,EMP00968,Salary Increase,2025-03-19,+2.6%
EVT001283,EMP00970,Salary Increase,2024-11-17,+5.7%
EVT001284,EMP00971,Salary Increase,2025-06-06,+4.7%
EVT001285,EMP00972,Salary Increase,2023-01-31,+5.6%
EVT001286,EMP00972,Salary Increase,2023-08-30,+7.2%
EVT001287,EMP00973,Salary Increase,2024-03-28,+6.3%
EVT001288,EMP00974,Salary Increase,2024-10-12,+9.7%
EVT001289,EMP00975,Promotion,2023-11-10,Level up: 2 grades
EVT001290,EMP00976,Salary Increase,2024-03-03,+0.5%
EVT001291,EMP00977,Salary Increase,2023-12-26,+5.4%
EVT001292,EMP00977,Salary Increase,2025-04-10,+4.9%
EVT001293,EMP00978,Salary Increase,2023-06-05,+6.5%
EVT001294,EMP00978,Salary Increase,2024-01-26,+3.4%
EVT001295,EMP00978,Salary Increase,2023-04-20,+8.7%
EVT001296,EMP00979,Salary Increase,2023-01-16,+4.4%
EVT001297,EMP00981,Salary Increase,2025-04-26,+7.6%
EVT001298,EMP00981,Salary Increase,2023-07-30,+0.7%
EVT001299,EMP00982,Promotion,2025-05-20,Level up: 1 grade
EVT001300,EMP00982,Salary Increase,2025-04-27,+6.8%
EVT001301,EMP00983,Salary Increase,2023-07-28,+4.8%
EVT001302,EMP00983,Salary Increase,2024-09-25,+6.4%
EVT001303,EMP00985,Promotion,2024-10-18,Level up: 2 grades
EVT001304,EMP00985,Salary Increase,2025-02-15,+2.7%
EVT001305,EMP00985,Salary Increase,2024-03-16,+7.0%
EVT001306,EMP00986,Salary Increase,2025-02-17,+7.6%
EVT001307,EMP00986,Salary Increase,2024-12-16,+3.7%
EVT001308,EMP00986,Salary Increase,2024-04-21,+6.9%
EVT001309,EMP00986,Exit,2024-10-26,Voluntary - Personal Reasons
EVT001310,EMP00987,Salary Increase,2023-11-11,+3.7%
EVT001311,EMP00987,Salary Increase,2024-09-28,+7.2%
EVT001312,EMP00988,Salary Increase,2024-07-17,+2.4%
EVT001313,EMP00989,Salary Increase,2024-09-18,+7.9%
EVT001314,EMP00990,Salary Increase,2023-08-22,+2.2%
EVT001315,EMP00990,Salary Increase,2025-04-04,+6.6%
EVT001316,EMP00990,Salary Increase,2023-05-15,+4.0%
EVT001317,EMP00991,Salary Increase,2023-07-15,+6.2%
EVT001318,EMP00991,Salary Increase,2023-02-22,+3.1%
EVT001319,EMP00993,Salary Increase,2024-12-04,+8.3%
EVT001320,EMP00993,Salary Increase,2025-04-09,+6.3%
EVT001321,EMP00994,Promotion,2024-03-08,Level up: 1 grade
EVT001322,EMP00994,Salary Increase,2024-04-27,+8.4%
EVT001323,EMP00994,Salary Increase,2023-10-17,+5.0%
EVT001324,EMP00995,Salary Increase,2025-02-21,+8.3%
EVT001325,EMP00995,Salary Increase,2023-08-31,+7.4%
EVT001326,EMP00996,Salary Increase,2024-10-31,+4.9%
EVT001327,EMP00996,Salary Increase,2023-05-05,+5.5%
EVT001328,EMP00997,Salary Increase,2023-12-30,+6.3%
EVT001329,EMP00999,Promotion,2023-08-14,Level up: 1 grade
EVT001330,EMP00999,Salary Increase,2025-01-25,+4.9%
EVT001331,EMP00999,Salary Increase,2024-08-30,+6.6%
EVT001332,EMP00999,Salary Increase,2023-09-16,+3.1%
EVT001333,EMP01001,Salary Increase,2023-04-25,+5.3%
EVT001334,EMP01001,Salary Increase,2023-03-12,+8.6%
EVT001335,EMP01002,Promotion,2024-05-19,Level up: 2 grades
EVT001336,EMP01003,Salary Increase,2023-05-21,+4.6%
EVT001337,EMP01003,Salary Increase,2024-09-24,+6.0%
EVT001338,EMP01004,Salary Increase,2024-01-24,+12.1%
EVT001339,EMP01005,Salary Increase,2025-05-29,+7.6%
EVT001340,EMP01006,Salary Increase,2025-01-14,+5.0%
EVT001341,EMP01006,Salary Increase,2024-11-15,+0.5%
EVT001342,EMP01007,Salary Increase,2023-10-14,+10.2%
EVT001343,EMP01009,Promotion,2025-05-22,Level up: 1 grade
EVT001344,EMP01009,Salary Increase,2024-08-17,+5.8%
EVT001345,EMP01010,Salary Increase,2023-08-02,+10.6%
EVT001346,EMP01011,Salary Increase,2023-03-31,+8.8%
EVT001347,EMP01011,Salary Increase,2023-02-13,+7.3%
EVT001348,EMP01013,Salary Increase,2024-08-11,+8.1%
EVT001349,EMP01013,Salary Increase,2025-06-16,+4.7%
EVT001350,EMP01014,Salary Increase,2023-02-15,+5.2%
EVT001351,EMP01018,Salary Increase,2023-11-03,+1.8%
EVT001352,EMP01019,Salary Increase,2025-03-25,+6.3%
EVT001353,EMP01020,Salary Increase,2024-03-05,+13.5%
EVT001354,EMP01020,Salary Increase,2023-02-24,+8.9%
EVT001355,EMP01021,Promotion,2024-07-17,Level up: 2 grades
EVT001356,EMP01022,Promotion,2024-08-30,Level up: 1 grade
EVT001357,EMP01022,Salary Increase,2025-05-04,+6.1%
EVT001358,EMP01024,Promotion,2024-09-08,Level up: 1 grade
EVT001359,EMP01024,Exit,2024-02-27,Involuntary - Performance
EVT001360,EMP01025,Salary Increase,2023-11-08,+5.3%
EVT001361,EMP01028,Salary Increase,2025-04-16,+10.5%
EVT001362,EMP01028,Salary Increase,2024-01-17,+6.1%
EVT001363,EMP01028,Salary Increase,2023-10-24,+11.5%
EVT001364,EMP01028,Exit,2025-04-02,Voluntary - Career Growth
EVT001365,EMP01030,Promotion,2024-05-03,Level up: 1 grade
EVT001366,EMP01030,Salary Increase,2023-04-19,+8.7%
EVT001367,EMP01031,Salary Increase,2024-02-07,+3.6%
EVT001368,EMP01031,Salary Increase,2025-05-23,+6.3%
EVT001369,EMP01032,Salary Increase,2024-04-22,+6.2%
EVT001370,EMP01033,Salary Increase,2025-05-20,+6.3%
EVT001371,EMP01034,Promotion,2025-02-22,Level up: 1 grade
EVT001372,EMP01036,Salary Increase,2023-10-07,+4.0%
EVT001373,EMP01038,Promotion,2024-02-02,Level up: 1 grade
EVT001374,EMP01039,Salary Increase,2023-01-14,+8.0%
EVT001375,EMP01039,Salary Increase,2024-05-30,+4.4%
EVT001376,EMP01041,Salary Increase,2024-05-18,+8.6%
EVT001377,EMP01042,Salary Increase,2023-07-31,+3.5%
EVT001378,EMP01043,Salary Increase,2023-06-06,+1.4%
EVT001379,EMP01043,Salary Increase,2023-12-02,+2.6%
EVT001380,EMP01044,Salary Increase,2025-06-05,+6.5%
EVT001381,EMP01046,Salary Increase,2023-01-18,+5.4%
EVT001382,EMP01047,Salary Increase,2024-11-15,+6.6%
EVT001383,EMP01049,Salary Increase,2023-02-17,+7.1%
EVT001384,EMP01050,Salary Increase,2025-06-04,+5.3%
EVT001385,EMP01050,Salary Increase,2023-10-29,+6.0%
EVT001386,EMP01051,Salary Increase,2024-01-31,+2.9%
EVT001387,EMP01051,Salary Increase,2025-02-15,+4.5%
EVT001388,EMP01052,Salary Increase,2025-04-13,+9.0%
EVT001389,EMP01052,Salary Increase,2023-02-22,+7.6%
EVT001390,EMP01053,Promotion,2024-04-11,Level up: 1 grade
EVT001391,EMP01054,Exit,2024-08-20,Voluntary - Better Opportunity
EVT001392,EMP01055,Salary Increase,2025-04-09,+7.7%
EVT001393,EMP01056,Promotion,2024-04-03,Level up: 1 grade
EVT001394,EMP01056,Salary Increase,2024-03-18,+8.5%
EVT001395,EMP01057,Salary Increase,2024-06-12,+7.8%
EVT001396,EMP01058,Salary Increase,2023-12-31,+5.2%
EVT001397,EMP01058,Salary Increase,2023-06-24,+2.9%
EVT001398,EMP01059,Salary Increase,2025-03-11,+9.2%
EVT001399,EMP01059,Salary Increase,2024-04-28,+6.4%
EVT001400,EMP01060,Salary Increase,2024-09-02,+8.4%
EVT001401,EMP01060,Salary Increase,2023-11-19,+6.7%
EVT001402,EMP01060,Salary Increase,2023-03-20,+7.7%
EVT001403,EMP01061,Salary Increase,2023-07-15,+7.5%
EVT001404,EMP01063,Promotion,2023-11-06,Level up: 2 grades
EVT001405,EMP01065,Salary Increase,2024-07-29,+6.8%
EVT001406,EMP01065,Salary Increase,2023-03-12,+6.6%
EVT001407,EMP01067,Salary Increase,2023-09-12,+6.4%
EVT001408,EMP01067,Salary Increase,2024-07-05,+8.3%
EVT001409,EMP01068,Promotion,2024-01-15,Level up: 2 grades
EVT001410,EMP01068,Salary Increase,2024-03-30,+8.1%
EVT001411,EMP01068,Salary Increase,2024-07-28,+6.7%
EVT001412,EMP01070,Promotion,2023-10-27,Level up: 1 grade
EVT001413,EMP01072,Salary Increase,2023-01-08,+8.1%
EVT001414,EMP01073,Promotion,2024-11-03,Level up: 1 grade
EVT001415,EMP01073,Salary Increase,2023-01-18,+5.0%
EVT001416,EMP01074,Salary Increase,2024-06-18,+5.8%
EVT001417,EMP01074,Salary Increase,2024-11-27,+6.6%
EVT001418,EMP01076,Salary Increase,2023-06-10,+10.4%
EVT001419,EMP01076,Salary Increase,2023-01-16,+7.0%
EVT001420,EMP01077,Salary Increase,2024-06-12,+6.3%
EVT001421,EMP01077,Salary Increase,2023-08-15,+7.9%
EVT001422,EMP01077,Salary Increase,2025-05-22,+7.6%
EVT001423,EMP01079,Salary Increase,2023-05-16,+4.6%
EVT001424,EMP01080,Salary Increase,2024-04-13,+4.3%
EVT001425,EMP01081,Promotion,2024-07-25,Level up: 2 grades
EVT001426,EMP01082,Salary Increase,2023-12-24,+5.8%
EVT001427,EMP01084,Salary Increase,2025-04-29,+3.0%
EVT001428,EMP01085,Salary Increase,2024-05-28,+12.0%
EVT001429,EMP01087,Salary Increase,2025-03-15,+5.9%
EVT001430,EMP01087,Salary Increase,2023-04-26,+8.4%
EVT001431,EMP01087,Salary Increase,2024-09-18,+5.8%
EVT001432,EMP01087,Salary Increase,2023-05-17,+4.0%
EVT001433,EMP01088,Exit,2023-12-30,Voluntary - Career Growth
EVT001434,EMP01089,Promotion,2024-05-29,Level up: 2 grades
EVT001435,EMP01094,Promotion,2025-05-28,Level up: 1 grade
EVT001436,EMP01096,Salary Increase,2023-11-07,+6.2%
EVT001437,EMP01096,Salary Increase,2025-04-09,+7.1%
EVT001438,EMP01096,Salary Increase,2023-03-10,+2.5%
EVT001439,EMP01098,Promotion,2024-04-16,Level up: 1 grade
EVT001440,EMP01098,Salary Increase,2024-04-13,+8.1%
EVT001441,EMP01098,Salary Increase,2024-04-11,+6.0%
EVT001442,EMP01099,Salary Increase,2024-11-28,+5.4%
EVT001443,EMP01100,Salary Increase,2023-03-18,+2.6%
EVT001444,EMP01100,Salary Increase,2023-12-24,+7.6%
EVT001445,EMP01102,Salary Increase,2024-02-16,+4.0%
EVT001446,EMP01103,Salary Increase,2025-01-25,+6.8%
EVT001447,EMP01104,Promotion,2025-03-28,Level up: 1 grade
EVT001448,EMP01105,Salary Increase,2024-09-09,+4.9%
EVT001449,EMP01106,Salary Increase,2025-05-31,+5.4%
EVT001450,EMP01107,Salary Increase,2025-03-07,+1.9%
EVT001451,EMP01108,Salary Increase,2023-02-25,+1.4%
EVT001452,EMP01108,Salary Increase,2023-12-20,+1.1%
EVT001453,EMP01111,Salary Increase,2023-02-05,+5.8%
EVT001454,EMP01113,Salary Increase,2024-04-06,+7.0%
EVT001455,EMP01113,Salary Increase,2023-05-22,+7.3%
EVT001456,EMP01114,Salary Increase,2024-08-12,+8.8%
EVT001457,EMP01115,Salary Increase,2023-10-12,+7.1%
EVT001458,EMP01117,Salary Increase,2024-02-04,+8.3%
EVT001459,EMP01119,Salary Increase,2024-02-04,+3.2%
EVT001460,EMP01119,Salary Increase,2024-05-10,+3.6%
EVT001461,EMP01121,Salary Increase,2023-12-24,+8.5%
EVT001462,EMP01121,Salary Increase,2025-03-02,+7.2%
EVT001463,EMP01123,Promotion,2024-03-26,Level up: 2 grades
EVT001464,EMP01123,Salary Increase,2023-12-23,+4.3%
EVT001465,EMP01124,Salary Increase,2024-05-01,+5.1%
EVT001466,EMP01124,Salary Increase,2024-09-06,+3.2%
EVT001467,EMP01125,Exit,2023-09-25,Involuntary - Performance
EVT001468,EMP01128,Salary Increase,2024-01-19,+1.0%
EVT001469,EMP01128,Exit,2025-03-04,Voluntary - Personal Reasons
EVT001470,EMP01129,Salary Increase,2023-04-27,+8.4%
EVT001471,EMP01130,Promotion,2025-03-18,Level up: 1 grade
EVT001472,EMP01130,Salary Increase,2024-06-28,+4.5%
EVT001473,EMP01131,Salary Increase,2023-07-10,+3.8%
EVT001474,EMP01131,Salary Increase,2023-10-24,+5.5%
EVT001475,EMP01132,Salary Increase,2025-06-11,+5.7%
EVT001476,EMP01132,Salary Increase,2024-08-31,+6.7%
EVT001477,EMP01132,Salary Increase,2023-06-08,+7.9%
EVT001478,EMP01132,Salary Increase,2024-12-30,+6.9%
EVT001479,EMP01133,Salary Increase,2024-10-23,+10.3%
EVT001480,EMP01134,Salary Increase,2023-10-13,+9.7%
EVT001481,EMP01137,Promotion,2024-02-01,Level up: 1 grade
EVT001482,EMP01137,Salary Increase,2025-05-01,+4.3%
EVT001483,EMP01137,Salary Increase,2024-03-09,+5.9%
EVT001484,EMP01138,Salary Increase,2024-08-15,+5.6%
EVT001485,EMP01138,Salary Increase,2024-12-07,+6.1%
EVT001486,EMP01139,Salary Increase,2025-04-25,+5.0%
EVT001487,EMP01140,Salary Increase,2023-10-14,+4.3%
EVT001488,EMP01140,Salary Increase,2024-12-09,+8.5%
EVT001489,EMP01141,Salary Increase,2025-03-18,+2.5%
EVT001490,EMP01141,Salary Increase,2024-06-24,+4.3%
EVT001491,EMP01142,Salary Increase,2023-06-03,+6.9%
EVT001492,EMP01142,Salary Increase,2024-09-14,+6.1%
EVT001493,EMP01142,Salary Increase,2024-11-26,+3.4%
EVT001494,EMP01142,Salary Increase,2024-07-21,+5.8%
EVT001495,EMP01142,Salary Increase,2024-11-04,+7.4%
EVT001496,EMP01142,Exit,2024-07-17,Voluntary - Personal Reasons
EVT001497,EMP01145,Promotion,2024-10-05,Level up: 1 grade
EVT001498,EMP01147,Salary Increase,2024-03-19,+4.7%
EVT001499,EMP01147,Exit,2024-11-24,Voluntary - Career Growth
EVT001500,EMP01155,Salary Increase,2023-10-03,+4.8%
EVT001501,EMP01156,Salary Increase,2024-10-13,+8.6%
EVT001502,EMP01157,Salary Increase,2023-03-12,+7.1%
EVT001503,EMP01157,Salary Increase,2025-04-23,+4.8%
EVT001504,EMP01159,Promotion,2023-11-09,Level up: 1 grade
EVT001505,EMP01159,Salary Increase,2023-05-23,+3.1%
EVT001506,EMP01159,Salary Increase,2024-01-30,+5.4%
EVT001507,EMP01160,Salary Increase,2023-05-17,+3.6%
EVT001508,EMP01161,Salary Increase,2023-08-29,+7.5%
EVT001509,EMP01161,Salary Increase,2023-04-16,+6.5%
EVT001510,EMP01162,Salary Increase,2023-01-02,+0.5%
EVT001511,EMP01162,Salary Increase,2023-11-25,+7.4%
EVT001512,EMP01163,Salary Increase,2023-03-23,+4.4%
EVT001513,EMP01163,Salary Increase,2025-05-05,+2.9%
EVT001514,EMP01164,Salary Increase,2024-06-11,+4.4%
EVT001515,EMP01164,Salary Increase,2025-03-23,+4.8%
EVT001516,EMP01165,Salary Increase,2023-06-03,+3.3%
EVT001517,EMP01165,Salary Increase,2024-06-29,+4.4%
EVT001518,EMP01166,Promotion,2023-12-05,Level up: 1 grade
EVT001519,EMP01166,Salary Increase,2023-10-12,+5.4%
EVT001520,EMP01167,Salary Increase,2024-01-24,+3.6%
EVT001521,EMP01168,Promotion,2024-12-28,Level up: 1 grade
EVT001522,EMP01168,Salary Increase,2025-01-30,+0.7%
EVT001523,EMP01169,Salary Increase,2024-05-04,+4.8%
EVT001524,EMP01170,Salary Increase,2024-04-02,+9.2%
EVT001525,EMP01174,Salary Increase,2023-07-11,+5.6%
EVT001526,EMP01174,Salary Increase,2024-02-25,+10.9%
EVT001527,EMP01176,Salary Increase,2023-06-24,+7.8%
EVT001528,EMP01177,Salary Increase,2023-09-09,+4.2%
EVT001529,EMP01180,Salary Increase,2024-11-27,+5.2%
EVT001530,EMP01180,Salary Increase,2023-04-26,+5.1%
EVT001531,EMP01180,Salary Increase,2025-01-17,+7.2%
EVT001532,EMP01182,Promotion,2024-06-28,Level up: 1 grade
EVT001533,EMP01183,Promotion,2023-12-04,Level up: 1 grade
EVT001534,EMP01183,Salary Increase,2024-10-15,+2.9%
EVT001535,EMP01185,Salary Increase,2023-03-19,+1.5%
EVT001536,EMP01186,Salary Increase,2024-07-01,+3.5%
EVT001537,EMP01187,Salary Increase,2024-02-06,+7.2%
EVT001538,EMP01188,Salary Increase,2023-03-03,+6.2%
EVT001539,EMP01189,Salary Increase,2024-06-09,+4.3%
EVT001540,EMP01189,Salary Increase,2024-09-04,+7.6%
EVT001541,EMP01191,Salary Increase,2025-03-02,+6.3%
EVT001542,EMP01192,Salary Increase,2025-04-13,+0.5%
EVT001543,EMP01193,Salary Increase,2024-08-24,+8.6%
EVT001544,EMP01193,Salary Increase,2025-03-25,+7.1%
EVT001545,EMP01194,Salary Increase,2024-11-12,+8.4%
EVT001546,EMP01195,Salary Increase,2024-05-06,+4.5%
EVT001547,EMP01195,Salary Increase,2024-09-14,+5.8%
EVT001548,EMP01196,Salary Increase,2025-04-10,+5.4%
EVT001549,EMP01196,Salary Increase,2024-06-01,+6.9%
EVT001550,EMP01198,Promotion,2024-07-04,Level up: 2 grades
EVT001551,EMP01198,Salary Increase,2023-08-01,+2.6%
EVT001552,EMP01199,Salary Increase,2023-10-18,+9.7%
EVT001553,EMP01199,Salary Increase,2024-10-07,+8.9%
EVT001554,EMP01199,Salary Increase,2023-05-11,+5.2%
EVT001555,EMP01201,Promotion,2024-12-16,Level up: 1 grade
EVT001556,EMP01201,Salary Increase,2024-01-23,+10.9%
EVT001557,EMP01202,Salary Increase,2023-08-04,+4.1%
EVT001558,EMP01202,Salary Increase,2024-09-10,+6.4%
EVT001559,EMP01202,Salary Increase,2025-03-20,+6.0%
EVT001560,EMP01204,Promotion,2024-11-27,Level up: 1 grade
EVT001561,EMP01204,Salary Increase,2023-10-31,+0.6%
EVT001562,EMP01205,Salary Increase,2023-03-11,+5.2%
EVT001563,EMP01206,Salary Increase,2024-03-29,+2.8%
EVT001564,EMP01206,Salary Increase,2025-03-27,+1.3%
EVT001565,EMP01206,Salary Increase,2024-07-31,+5.9%
EVT001566,EMP01207,Salary Increase,2024-12-11,+9.7%
EVT001567,EMP01207,Salary Increase,2024-07-15,+5.9%
EVT001568,EMP01207,Salary Increase,2024-08-11,+6.1%
EVT001569,EMP01208,Salary Increase,2023-02-16,+1.7%
EVT001570,EMP01209,Salary Increase,2024-03-04,+9.1%
EVT001571,EMP01209,Salary Increase,2023-04-04,+6.5%
EVT001572,EMP01210,Promotion,2024-02-14,Level up: 2 grades
EVT001573,EMP01212,Salary Increase,2023-10-11,+8.6%
EVT001574,EMP01213,Salary Increase,2024-05-26,+7.5%
EVT001575,EMP01213,Salary Increase,2024-02-16,+3.7%
EVT001576,EMP01213,Salary Increase,2023-02-03,+2.4%
EVT001577,EMP01214,Salary Increase,2025-05-01,+9.4%
EVT001578,EMP01214,Exit,2023-12-21,Involuntary - Performance
EVT001579,EMP01215,Promotion,2025-05-12,Level up: 1 grade
EVT001580,EMP01215,Salary Increase,2024-03-15,+3.3%
EVT001581,EMP01215,Salary Increase,2023-05-05,+7.1%
EVT001582,EMP01216,Salary Increase,2024-03-12,+7.9%
EVT001583,EMP01217,Salary Increase,2023-11-23,+5.0%
EVT001584,EMP01217,Salary Increase,2025-05-07,+4.5%
EVT001585,EMP01217,Salary Increase,2023-11-18,+4.5%
EVT001586,EMP01218,Salary Increase,2023-07-20,+3.9%
EVT001587,EMP01218,Salary Increase,2024-08-04,+5.8%
EVT001588,EMP01218,Salary Increase,2024-09-07,+4.9%
EVT001589,EMP01219,Promotion,2025-04-16,Level up: 1 grade
EVT001590,EMP01219,Salary Increase,2024-07-28,+7.2%
EVT001591,EMP01222,Salary Increase,2023-07-28,+4.8%
EVT001592,EMP01223,Salary Increase,2024-08-16,+5.8%
EVT001593,EMP01223,Salary Increase,2025-04-13,+9.5%
EVT001594,EMP01224,Salary Increase,2024-02-13,+7.5%
EVT001595,EMP01224,Salary Increase,2025-04-07,+11.2%
EVT001596,EMP01225,Salary Increase,2025-03-29,+1.5%
EVT001597,EMP01226,Salary Increase,2024-11-07,+6.1%
EVT001598,EMP01226,Salary Increase,2023-09-12,+0.5%
EVT001599,EMP01226,Salary Increase,2023-01-25,+8.7%
EVT001600,EMP01227,Salary Increase,2023-11-27,+2.9%
EVT001601,EMP01227,Salary Increase,2023-07-01,+4.5%
EVT001602,EMP01230,Salary Increase,2023-03-27,+4.9%
EVT001603,EMP01230,Salary Increase,2023-09-26,+4.6%
EVT001604,EMP01230,Salary Increase,2023-07-22,+7.9%
EVT001605,EMP01233,Salary Increase,2023-05-07,+4.0%
EVT001606,EMP01234,Salary Increase,2024-01-09,+4.6%
EVT001607,EMP01234,Exit,2023-11-10,Involuntary - Performance
EVT001608,EMP01236,Salary Increase,2024-03-26,+6.1%
EVT001609,EMP01237,Salary Increase,2024-10-05,+4.1%
EVT001610,EMP01238,Salary Increase,2024-07-30,+3.2%
EVT001611,EMP01239,Salary Increase,2023-12-30,+8.1%
EVT001612,EMP01239,Salary Increase,2023-08-07,+2.8%
EVT001613,EMP01239,Salary Increase,2023-06-14,+5.5%
EVT001614,EMP01240,Salary Increase,2024-09-14,+8.1%
EVT001615,EMP01241,Promotion,2025-02-08,Level up: 2 grades
EVT001616,EMP01244,Salary Increase,2023-12-17,+7.9%
EVT001617,EMP01244,Salary Increase,2025-06-16,+8.8%
EVT001618,EMP01244,Salary Increase,2024-11-06,+7.7%
EVT001619,EMP01244,Exit,2024-11-26,Voluntary - Better Opportunity
EVT001620,EMP01245,Salary Increase,2024-11-18,+4.6%
EVT001621,EMP01247,Salary Increase,2024-11-30,+3.1%
EVT001622,EMP01247,Salary Increase,2023-09-19,+3.2%
EVT001623,EMP01249,Promotion,2024-09-25,Level up: 1 grade
EVT001624,EMP01250,Salary Increase,2024-05-02,+8.4%
EVT001625,EMP01250,Salary Increase,2023-03-31,+6.9%
EVT001626,EMP01251,Promotion,2023-08-10,Level up: 2 grades
EVT001627,EMP01251,Salary Increase,2025-04-05,+7.1%
EVT001628,EMP01251,Salary Increase,2024-12-17,+4.9%
EVT001629,EMP01251,Salary Increase,2025-01-20,+6.2%
EVT001630,EMP01251,Salary Increase,2023-09-09,+5.2%
EVT001631,EMP01252,Salary Increase,2025-04-20,+9.2%
EVT001632,EMP01252,Salary Increase,2025-02-11,+5.3%
EVT001633,EMP01253,Promotion,2023-12-19,Level up: 1 grade
EVT001634,EMP01253,Salary Increase,2024-12-29,+1.5%
EVT001635,EMP01254,Salary Increase,2023-04-09,+0.5%
EVT001636,EMP01254,Salary Increase,2025-02-25,+8.4%
EVT001637,EMP01254,Salary Increase,2024-10-03,+4.9%
EVT001638,EMP01255,Salary Increase,2024-01-10,+3.9%
EVT001639,EMP01255,Salary Increase,2024-06-22,+5.9%
EVT001640,EMP01255,Salary Increase,2023-05-12,+4.4%
EVT001641,EMP01258,Salary Increase,2024-01-20,+4.6%
EVT001642,EMP01259,Salary Increase,2024-05-17,+8.0%
EVT001643,EMP01259,Salary Increase,2025-03-13,+7.1%
EVT001644,EMP01260,Salary Increase,2024-02-03,+5.4%
EVT001645,EMP01262,Salary Increase,2023-04-02,+9.1%
EVT001646,EMP01262,Salary Increase,2023-03-24,+11.6%
EVT001647,EMP01262,Salary Increase,2024-11-02,+3.5%
EVT001648,EMP01263,Salary Increase,2023-08-13,+13.3%
EVT001649,EMP01263,Salary Increase,2025-01-02,+3.7%
EVT001650,EMP01264,Salary Increase,2025-04-25,+3.2%
EVT001651,EMP01265,Salary Increase,2024-06-05,+3.1%
EVT001652,EMP01267,Salary Increase,2023-09-15,+0.5%
EVT001653,EMP01268,Salary Increase,2024-04-03,+5.0%
EVT001654,EMP01268,Salary Increase,2023-04-15,+8.2%
EVT001655,EMP01269,Salary Increase,2024-09-01,+7.3%
EVT001656,EMP01270,Promotion,2024-04-13,Level up: 1 grade
EVT001657,EMP01271,Promotion,2024-08-20,Level up: 1 grade
EVT001658,EMP01272,Salary Increase,2023-01-25,+4.2%
EVT001659,EMP01273,Promotion,2025-04-02,Level up: 2 grades
EVT001660,EMP01274,Salary Increase,2024-03-13,+7.9%
EVT001661,EMP01274,Salary Increase,2024-12-19,+4.7%
EVT001662,EMP01277,Salary Increase,2023-12-04,+5.3%
EVT001663,EMP01277,Salary Increase,2024-06-12,+7.9%
EVT001664,EMP01278,Salary Increase,2023-09-29,+6.3%
EVT001665,EMP01279,Salary Increase,2023-01-15,+6.7%
EVT001666,EMP01280,Salary Increase,2023-11-12,+5.4%
EVT001667,EMP01281,Salary Increase,2025-02-14,+2.3%
EVT001668,EMP01281,Salary Increase,2023-07-06,+4.5%
EVT001669,EMP01282,Salary Increase,2023-07-08,+6.1%
EVT001670,EMP01283,Promotion,2023-09-25,Level up: 1 grade
EVT001671,EMP01283,Salary Increase,2025-04-29,+8.3%
EVT001672,EMP01284,Salary Increase,2023-07-05,+6.9%
EVT001673,EMP01285,Promotion,2025-03-01,Level up: 1 grade
EVT001674,EMP01285,Salary Increase,2024-07-06,+6.1%
EVT001675,EMP01286,Salary Increase,2024-04-03,+6.5%
EVT001676,EMP01286,Salary Increase,2025-02-26,+7.0%
EVT001677,EMP01288,Salary Increase,2025-06-10,+8.8%
EVT001678,EMP01290,Salary Increase,2024-08-30,+4.3%
EVT001679,EMP01291,Salary Increase,2024-02-24,+6.1%
EVT001680,EMP01291,Salary Increase,2025-02-11,+6.2%
EVT001681,EMP01292,Exit,2024-11-17,Voluntary - Personal Reasons
EVT001682,EMP01293,Salary Increase,2023-06-25,+4.5%
EVT001683,EMP01294,Salary Increase,2025-02-22,+4.2%
EVT001684,EMP01295,Salary Increase,2023-10-28,+5.2%
EVT001685,EMP01296,Salary Increase,2024-11-12,+3.6%
EVT001686,EMP01296,Salary Increase,2024-07-24,+5.6%
EVT001687,EMP01296,Salary Increase,2025-05-31,+0.5%
EVT001688,EMP01296,Salary Increase,2024-07-06,+3.4%
EVT001689,EMP01297,Salary Increase,2023-03-16,+7.1%
EVT001690,EMP01297,Exit,2024-06-06,Voluntary - Better Opportunity
EVT001691,EMP01298,Salary Increase,2025-04-22,+6.0%
EVT001692,EMP01298,Salary Increase,2023-07-03,+4.0%
EVT001693,EMP01299,Salary Increase,2023-09-04,+5.6%
EVT001694,EMP01299,Salary Increase,2023-12-19,+5.8%
EVT001695,EMP01299,Salary Increase,2023-10-28,+5.1%
EVT001696,EMP01300,Salary Increase,2023-11-20,+3.8%
EVT001697,EMP01302,Salary Increase,2023-06-15,+5.5%
EVT001698,EMP01303,Salary Increase,2023-07-10,+5.3%
EVT001699,EMP01303,Salary Increase,2025-01-20,+7.5%
EVT001700,EMP01303,Salary Increase,2023-08-31,+6.0%
EVT001701,EMP01304,Salary Increase,2024-07-08,+4.4%
EVT001702,EMP01305,Salary Increase,2023-01-10,+6.7%
EVT001703,EMP01307,Promotion,2025-03-16,Level up: 1 grade
EVT001704,EMP01308,Salary Increase,2025-05-06,+6.2%
EVT001705,EMP01309,Salary Increase,2023-06-05,+0.7%
EVT001706,EMP01310,Salary Increase,2025-02-19,+2.2%
EVT001707,EMP01310,Salary Increase,2024-04-19,+8.2%
EVT001708,EMP01310,Salary Increase,2023-02-16,+4.0%
EVT001709,EMP01311,Salary Increase,2024-08-14,+5.1%
EVT001710,EMP01312,Salary Increase,2025-03-12,+7.8%
EVT001711,EMP01313,Salary Increase,2023-01-26,+9.1%
EVT001712,EMP01315,Promotion,2024-07-28,Level up: 1 grade
EVT001713,EMP01315,Salary Increase,2023-08-06,+6.6%
EVT001714,EMP01317,Salary Increase,2023-04-11,+6.4%
EVT001715,EMP01317,Salary Increase,2024-01-04,+6.9%
EVT001716,EMP01318,Promotion,2024-02-03,Level up: 2 grades
EVT001717,EMP01318,Salary Increase,2023-10-28,+3.7%
EVT001718,EMP01320,Salary Increase,2023-11-17,+5.2%
EVT001719,EMP01322,Salary Increase,2024-05-10,+4.7%
EVT001720,EMP01324,Salary Increase,2024-10-02,+3.0%
EVT001721,EMP01325,Salary Increase,2024-09-22,+7.4%
EVT001722,EMP01325,Salary Increase,2024-01-30,+8.6%
EVT001723,EMP01327,Promotion,2024-09-15,Level up: 2 grades
EVT001724,EMP01327,Salary Increase,2024-09-22,+2.9%
EVT001725,EMP01327,Salary Increase,2024-01-07,+6.9%
EVT001726,EMP01327,Salary Increase,2023-11-16,+7.9%
EVT001727,EMP01327,Salary Increase,2024-04-24,+7.1%
EVT001728,EMP01328,Salary Increase,2024-08-22,+8.5%
EVT001729,EMP01328,Salary Increase,2024-02-15,+8.8%
EVT001730,EMP01328,Salary Increase,2023-11-03,+6.7%
EVT001731,EMP01329,Salary Increase,2023-08-02,+5.6%
EVT001732,EMP01331,Salary Increase,2025-03-05,+10.0%
EVT001733,EMP01333,Promotion,2025-03-16,Level up: 1 grade
EVT001734,EMP01333,Salary Increase,2024-11-20,+3.8%
EVT001735,EMP01334,Promotion,2025-03-04,Level up: 2 grades
EVT001736,EMP01337,Salary Increase,2023-05-01,+3.2%
EVT001737,EMP01337,Salary Increase,2025-02-08,+8.7%
EVT001738,EMP01338,Salary Increase,2023-02-11,+10.8%
EVT001739,EMP01338,Salary Increase,2024-02-04,+15.0%
EVT001740,EMP01339,Salary Increase,2023-02-25,+9.3%
EVT001741,EMP01339,Salary Increase,2023-04-11,+5.3%
EVT001742,EMP01341,Promotion,2024-04-03,Level up: 1 grade
EVT001743,EMP01342,Salary Increase,2025-06-06,+4.9%
EVT001744,EMP01343,Salary Increase,2024-09-15,+3.3%
EVT001745,EMP01344,Salary Increase,2023-01-17,+5.9%
EVT001746,EMP01345,Salary Increase,2023-04-08,+7.9%
EVT001747,EMP01346,Salary Increase,2024-06-07,+9.7%
EVT001748,EMP01347,Salary Increase,2024-12-14,+8.5%
EVT001749,EMP01347,Salary Increase,2024-11-14,+7.6%
EVT001750,EMP01348,Salary Increase,2025-03-26,+4.2%
EVT001751,EMP01349,Salary Increase,2025-04-25,+3.0%
EVT001752,EMP01349,Salary Increase,2025-06-03,+2.5%
EVT001753,EMP01349,Salary Increase,2023-07-01,+5.6%
EVT001754,EMP01350,Salary Increase,2024-08-27,+3.1%
EVT001755,EMP01351,Salary Increase,2023-03-29,+5.1%
EVT001756,EMP01352,Salary Increase,2025-04-11,+3.3%
EVT001757,EMP01353,Salary Increase,2025-02-21,+1.1%
EVT001758,EMP01353,Salary Increase,2025-01-25,+4.7%
EVT001759,EMP01353,Salary Increase,2024-12-26,+8.5%
EVT001760,EMP01355,Promotion,2025-05-03,Level up: 1 grade
EVT001761,EMP01356,Salary Increase,2023-01-04,+7.2%
EVT001762,EMP01356,Salary Increase,2023-10-09,+8.2%
EVT001763,EMP01356,Salary Increase,2024-11-10,+4.8%
EVT001764,EMP01363,Salary Increase,2024-08-23,+6.0%
EVT001765,EMP01364,Salary Increase,2025-04-16,+4.4%
EVT001766,EMP01365,Promotion,2024-10-08,Level up: 1 grade
EVT001767,EMP01367,Promotion,2025-05-10,Level up: 1 grade
EVT001768,EMP01367,Salary Increase,2023-09-28,+7.0%
EVT001769,EMP01367,Salary Increase,2025-01-25,+10.3%
EVT001770,EMP01368,Salary Increase,2023-07-29,+9.1%
EVT001771,EMP01369,Salary Increase,2023-10-10,+5.4%
EVT001772,EMP01372,Salary Increase,2024-02-21,+8.8%
EVT001773,EMP01373,Salary Increase,2023-04-10,+6.8%
EVT001774,EMP01373,Salary Increase,2025-03-28,+6.2%
EVT001775,EMP01375,Salary Increase,2025-04-26,+10.5%
EVT001776,EMP01376,Promotion,2024-03-06,Level up: 2 grades
EVT001777,EMP01377,Promotion,2024-06-03,Level up: 1 grade
EVT001778,EMP01377,Salary Increase,2025-05-29,+4.4%
EVT001779,EMP01377,Salary Increase,2025-02-19,+5.3%
EVT001780,EMP01378,Salary Increase,2023-02-23,+5.9%
EVT001781,EMP01380,Salary Increase,2024-06-09,+4.9%
EVT001782,EMP01381,Salary Increase,2025-02-28,+5.6%
EVT001783,EMP01381,Salary Increase,2024-02-10,+3.3%
EVT001784,EMP01383,Salary Increase,2024-04-17,+4.6%
EVT001785,EMP01385,Exit,2023-06-05,Voluntary - Better Opportunity
EVT001786,EMP01386,Salary Increase,2023-07-07,+6.0%
EVT001787,EMP01386,Salary Increase,2025-02-25,+6.2%
EVT001788,EMP01387,Salary Increase,2024-12-12,+8.6%
EVT001789,EMP01387,Salary Increase,2025-05-03,+5.3%
EVT001790,EMP01389,Salary Increase,2023-11-05,+0.5%
EVT001791,EMP01389,Salary Increase,2024-08-19,+3.7%
EVT001792,EMP01389,Salary Increase,2023-06-13,+5.9%
EVT001793,EMP01390,Salary Increase,2023-07-02,+4.4%
EVT001794,EMP01390,Salary Increase,2025-03-06,+5.3%
EVT001795,EMP01390,Salary Increase,2024-07-02,+6.9%
EVT001796,EMP01390,Salary Increase,2025-01-20,+8.8%
EVT001797,EMP01390,Salary Increase,2024-11-05,+9.3%
EVT001798,EMP01391,Salary Increase,2024-12-11,+4.6%
EVT001799,EMP01392,Salary Increase,2024-04-13,+7.5%
EVT001800,EMP01392,Salary Increase,2025-01-10,+3.3%
EVT001801,EMP01392,Salary Increase,2025-03-11,+10.0%
EVT001802,EMP01394,Salary Increase,2024-06-30,+4.3%
EVT001803,EMP01394,Salary Increase,2023-09-28,+3.7%
EVT001804,EMP01396,Salary Increase,2024-12-03,+5.1%
EVT001805,EMP01397,Salary Increase,2024-04-15,+4.0%
EVT001806,EMP01398,Promotion,2024-12-29,Level up: 1 grade
EVT001807,EMP01400,Promotion,2025-02-24,Level up: 2 grades
EVT001808,EMP01400,Salary Increase,2024-12-22,+4.9%
EVT001809,EMP01400,Salary Increase,2025-04-28,+4.4%
EVT001810,EMP01401,Salary Increase,2023-05-22,+2.3%
EVT001811,EMP01402,Promotion,2023-10-30,Level up: 1 grade
EVT001812,EMP01403,Salary Increase,2023-11-25,+8.9%
EVT001813,EMP01403,Salary Increase,2023-03-28,+5.2%
EVT001814,EMP01404,Promotion,2023-09-10,Level up: 1 grade
EVT001815,EMP01404,Salary Increase,2023-02-16,+0.5%
EVT001816,EMP01404,Salary Increase,2025-03-24,+5.4%
EVT001817,EMP01404,Salary Increase,2025-04-13,+5.8%
EVT001818,EMP01405,Salary Increase,2023-08-21,+10.6%
EVT001819,EMP01406,Salary Increase,2025-03-18,+6.8%
EVT001820,EMP01407,Salary Increase,2023-07-28,+9.2%
EVT001821,EMP01408,Salary Increase,2023-01-29,+9.2%
EVT001822,EMP01409,Exit,2024-11-07,Voluntary - Personal Reasons
EVT001823,EMP01411,Salary Increase,2024-01-06,+4.1%
EVT001824,EMP01413,Salary Increase,2025-01-31,+8.3%
EVT001825,EMP01415,Salary Increase,2023-01-16,+5.9%
EVT001826,EMP01415,Salary Increase,2024-02-29,+8.0%
EVT001827,EMP01418,Salary Increase,2023-02-25,+4.8%
EVT001828,EMP01418,Salary Increase,2023-10-19,+3.4%
EVT001829,EMP01420,Salary Increase,2023-05-10,+5.5%
EVT001830,EMP01423,Promotion,2023-09-29,Level up: 1 grade
EVT001831,EMP01423,Salary Increase,2024-07-10,+2.9%
EVT001832,EMP01423,Salary Increase,2023-10-18,+5.5%
EVT001833,EMP01423,Salary Increase,2023-10-18,+8.7%
EVT001834,EMP01424,Salary Increase,2025-02-20,+9.7%
EVT001835,EMP01424,Salary Increase,2024-03-01,+3.3%
EVT001836,EMP01426,Salary Increase,2023-03-05,+6.6%
EVT001837,EMP01427,Salary Increase,2023-07-06,+7.3%
EVT001838,EMP01427,Salary Increase,2025-02-23,+4.0%
EVT001839,EMP01428,Salary Increase,2025-02-28,+7.9%
EVT001840,EMP01429,Salary Increase,2023-10-09,+6.4%
EVT001841,EMP01429,Salary Increase,2025-03-30,+4.9%
EVT001842,EMP01429,Salary Increase,2023-06-03,+8.5%
EVT001843,EMP01431,Salary Increase,2023-03-02,+5.0%
EVT001844,EMP01431,Salary Increase,2023-12-15,+7.6%
EVT001845,EMP01431,Salary Increase,2025-03-01,+5.4%
EVT001846,EMP01433,Salary Increase,2023-09-25,+6.5%
EVT001847,EMP01433,Salary Increase,2024-03-02,+2.7%
EVT001848,EMP01435,Salary Increase,2025-06-20,+0.9%
EVT001849,EMP01436,Promotion,2024-10-09,Level up: 2 grades
EVT001850,EMP01437,Salary Increase,2025-01-10,+0.9%
EVT001851,EMP01437,Exit,2023-06-22,Voluntary - Better Opportunity
EVT001852,EMP01439,Salary Increase,2024-07-30,+9.4%
EVT001853,EMP01440,Salary Increase,2024-09-24,+7.3%
EVT001854,EMP01441,Promotion,2023-08-29,Level up: 1 grade
EVT001855,EMP01441,Salary Increase,2024-05-08,+5.7%
EVT001856,EMP01441,Salary Increase,2024-03-19,+7.7%
EVT001857,EMP01441,Salary Increase,2024-07-10,+7.3%
EVT001858,EMP01441,Salary Increase,2024-07-28,+8.7%
EVT001859,EMP01442,Salary Increase,2024-08-21,+4.5%
EVT001860,EMP01442,Salary Increase,2024-11-02,+4.8%
EVT001861,EMP01443,Salary Increase,2024-09-26,+7.8%
EVT001862,EMP01444,Salary Increase,2023-11-08,+1.7%
EVT001863,EMP01444,Salary Increase,2024-06-23,+2.7%
EVT001864,EMP01444,Salary Increase,2024-10-19,+4.2%
EVT001865,EMP01445,Salary Increase,2023-08-30,+8.7%
EVT001866,EMP01445,Salary Increase,2024-08-06,+8.2%
EVT001867,EMP01447,Salary Increase,2024-05-19,+8.1%
EVT001868,EMP01448,Salary Increase,2024-10-10,+10.6%
EVT001869,EMP01448,Salary Increase,2025-06-18,+6.1%
EVT001870,EMP01448,Exit,2025-06-08,Involuntary - Restructuring
EVT001871,EMP01449,Salary Increase,2025-04-02,+8.3%
EVT001872,EMP01450,Salary Increase,2025-05-13,+4.1%
EVT001873,EMP01451,Promotion,2024-02-07,Level up: 1 grade
EVT001874,EMP01451,Salary Increase,2023-08-11,+2.9%
EVT001875,EMP01451,Salary Increase,2024-09-05,+3.8%
EVT001876,EMP01452,Promotion,2024-02-29,Level up: 1 grade
EVT001877,EMP01452,Salary Increase,2023-07-15,+5.0%
EVT001878,EMP01455,Salary Increase,2025-02-11,+7.7%
EVT001879,EMP01457,Salary Increase,2024-08-25,+5.6%
EVT001880,EMP01458,Salary Increase,2023-06-15,+4.0%
EVT001881,EMP01458,Salary Increase,2023-03-10,+5.2%
EVT001882,EMP01458,Exit,2024-01-31,Voluntary - Better Opportunity
EVT001883,EMP01460,Salary Increase,2024-12-21,+10.8%
EVT001884,EMP01462,Salary Increase,2024-01-16,+0.8%
EVT001885,EMP01462,Salary Increase,2023-04-24,+5.0%
EVT001886,EMP01462,Salary Increase,2024-07-27,+6.5%
EVT001887,EMP01463,Salary Increase,2024-01-16,+9.9%
EVT001888,EMP01463,Salary Increase,2023-04-12,+4.3%
EVT001889,EMP01464,Salary Increase,2023-01-02,+0.6%
EVT001890,EMP01464,Exit,2023-06-01,Voluntary - Personal Reasons
EVT001891,EMP01465,Salary Increase,2025-06-05,+3.3%
EVT001892,EMP01465,Salary Increase,2024-08-25,+5.1%
EVT001893,EMP01465,Salary Increase,2023-05-20,+3.3%
EVT001894,EMP01466,Salary Increase,2025-03-27,+3.3%
EVT001895,EMP01467,Salary Increase,2023-12-18,+7.3%
EVT001896,EMP01469,Salary Increase,2025-01-19,+3.6%
EVT001897,EMP01470,Salary Increase,2025-02-16,+5.2%
EVT001898,EMP01473,Salary Increase,2024-05-14,+3.5%
EVT001899,EMP01474,Salary Increase,2023-06-18,+7.9%
EVT001900,EMP01474,Salary Increase,2023-01-09,+7.5%
EVT001901,EMP01476,Promotion,2024-10-17,Level up: 1 grade
EVT001902,EMP01476,Salary Increase,2023-05-19,+8.0%
EVT001903,EMP01476,Salary Increase,2023-12-18,+10.9%
EVT001904,EMP01476,Exit,2025-01-23,Involuntary - Restructuring
EVT001905,EMP01477,Exit,2024-11-25,Involuntary - Performance
EVT001906,EMP01478,Salary Increase,2023-05-15,+3.9%
EVT001907,EMP01480,Salary Increase,2024-06-09,+8.1%
EVT001908,EMP01481,Salary Increase,2024-05-26,+5.7%
EVT001909,EMP01482,Salary Increase,2025-05-31,+6.5%
EVT001910,EMP01483,Salary Increase,2024-04-04,+2.1%
EVT001911,EMP01485,Salary Increase,2025-04-14,+4.3%
EVT001912,EMP01485,Salary Increase,2024-12-28,+3.9%
EVT001913,EMP01487,Salary Increase,2025-02-01,+6.8%
EVT001914,EMP01489,Salary Increase,2023-10-14,+5.5%
EVT001915,EMP01489,Salary Increase,2024-12-07,+2.4%
EVT001916,EMP01489,Exit,2024-01-08,Voluntary - Better Opportunity
EVT001917,EMP01490,Salary Increase,2023-10-31,+7.9%
EVT001918,EMP01491,Salary Increase,2025-01-02,+3.8%
EVT001919,EMP01494,Salary Increase,2024-10-10,+3.3%
EVT001920,EMP01496,Promotion,2024-11-09,Level up: 1 grade
EVT001921,EMP01496,Salary Increase,2023-05-15,+5.6%
EVT001922,EMP01496,Salary Increase,2025-03-04,+9.4%
EVT001923,EMP01497,Promotion,2024-03-25,Level up: 1 grade
EVT001924,EMP01499,Salary Increase,2025-05-10,+2.9%
EVT001925,EMP01499,Salary Increase,2025-06-25,+5.7%
EVT001926,EMP01499,Salary Increase,2025-05-08,+3.9%
EVT001927,EMP01499,Salary Increase,2024-02-06,+4.0%
EVT001928,EMP01501,Salary Increase,2023-10-17,+6.6%
EVT001929,EMP01504,Salary Increase,2023-11-17,+6.3%
EVT001930,EMP01505,Promotion,2024-10-25,Level up: 2 grades
EVT001931,EMP01506,Salary Increase,2024-10-10,+5.9%
EVT001932,EMP01507,Salary Increase,2024-05-05,+4.2%
EVT001933,EMP01507,Salary Increase,2023-08-21,+6.9%
EVT001934,EMP01507,Salary Increase,2023-12-02,+6.4%
EVT001935,EMP01508,Promotion,2024-07-24,Level up: 2 grades
EVT001936,EMP01509,Promotion,2025-01-31,Level up: 2 grades
EVT001937,EMP01510,Salary Increase,2025-04-14,+6.7%
EVT001938,EMP01510,Salary Increase,2023-11-17,+4.7%
EVT001939,EMP01510,Salary Increase,2024-05-20,+7.6%
EVT001940,EMP01511,Salary Increase,2025-04-24,+5.7%
EVT001941,EMP01512,Salary Increase,2023-08-07,+5.9%
EVT001942,EMP01513,Salary Increase,2024-08-01,+7.8%
EVT001943,EMP01513,Exit,2024-11-17,Involuntary - Restructuring
EVT001944,EMP01514,Promotion,2023-12-28,Level up: 2 grades
EVT001945,EMP01514,Salary Increase,2024-11-20,+1.9%
EVT001946,EMP01515,Salary Increase,2024-11-27,+6.5%
EVT001947,EMP01515,Salary Increase,2023-06-09,+3.6%
EVT001948,EMP01515,Salary Increase,2023-09-24,+5.1%
EVT001949,EMP01516,Salary Increase,2023-09-04,+7.0%
EVT001950,EMP01520,Salary Increase,2023-08-08,+6.9%
EVT001951,EMP01520,Salary Increase,2024-08-28,+2.4%
EVT001952,EMP01520,Salary Increase,2025-05-16,+4.9%
EVT001953,EMP01520,Salary Increase,2023-07-10,+5.9%
EVT001954,EMP01521,Salary Increase,2023-07-18,+5.0%
EVT001955,EMP01521,Salary Increase,2024-05-10,+1.8%
EVT001956,EMP01522,Salary Increase,2023-09-13,+4.6%
EVT001957,EMP01523,Salary Increase,2023-04-18,+6.0%
EVT001958,EMP01524,Salary Increase,2025-05-16,+4.7%
EVT001959,EMP01525,Salary Increase,2024-12-11,+1.8%
EVT001960,EMP01526,Promotion,2025-01-09,Level up: 1 grade
EVT001961,EMP01530,Salary Increase,2023-04-30,+3.2%
EVT001962,EMP01531,Promotion,2023-10-14,Level up: 1 grade
EVT001963,EMP01531,Salary Increase,2023-05-01,+3.9%
EVT001964,EMP01532,Salary Increase,2024-02-25,+1.6%
EVT001965,EMP01532,Salary Increase,2024-01-23,+2.4%
EVT001966,EMP01534,Salary Increase,2024-05-20,+2.7%
EVT001967,EMP01534,Salary Increase,2023-07-21,+5.6%
EVT001968,EMP01536,Salary Increase,2024-03-12,+3.8%
EVT001969,EMP01537,Salary Increase,2024-05-19,+4.5%
EVT001970,EMP01537,Salary Increase,2023-10-30,+7.5%
EVT001971,EMP01537,Salary Increase,2023-09-26,+4.5%
EVT001972,EMP01538,Promotion,2025-01-15,Level up: 1 grade
EVT001973,EMP01539,Salary Increase,2023-09-27,+3.7%
EVT001974,EMP01540,Salary Increase,2023-06-22,+6.2%
EVT001975,EMP01542,Promotion,2025-04-01,Level up: 1 grade
EVT001976,EMP01544,Salary Increase,2024-11-12,+6.7%
EVT001977,EMP01544,Salary Increase,2023-05-22,+10.6%
EVT001978,EMP01544,Salary Increase,2023-10-03,+8.3%
EVT001979,EMP01545,Promotion,2024-01-14,Level up: 1 grade
EVT001980,EMP01545,Salary Increase,2023-06-23,+5.6%
EVT001981,EMP01546,Salary Increase,2023-10-30,+4.7%
EVT001982,EMP01548,Salary Increase,2025-03-05,+4.5%
EVT001983,EMP01548,Salary Increase,2024-07-16,+11.1%
EVT001984,EMP01548,Salary Increase,2024-02-18,+3.6%
EVT001985,EMP01549,Salary Increase,2024-06-05,+3.9%
EVT001986,EMP01549,Salary Increase,2024-10-09,+1.4%
EVT001987,EMP01550,Promotion,2023-11-07,Level up: 2 grades
EVT001988,EMP01550,Salary Increase,2023-11-24,+3.2%
EVT001989,EMP01551,Promotion,2024-10-27,Level up: 2 grades
EVT001990,EMP01551,Salary Increase,2024-03-04,+1.7%
EVT001991,EMP01552,Salary Increase,2023-09-19,+12.6%
EVT001992,EMP01552,Salary Increase,2024-11-19,+4.7%
EVT001993,EMP01552,Salary Increase,2024-07-18,+5.3%
EVT001994,EMP01553,Promotion,2023-12-02,Level up: 2 grades
EVT001995,EMP01553,Salary Increase,2024-09-08,+7.5%
EVT001996,EMP01554,Salary Increase,2024-04-24,+5.5%
EVT001997,EMP01555,Salary Increase,2023-07-29,+9.8%
EVT001998,EMP01555,Salary Increase,2023-06-09,+2.2%
EVT001999,EMP01557,Salary Increase,2023-05-19,+5.4%
EVT002000,EMP01557,Salary Increase,2024-06-10,+8.9%
EVT002001,EMP01558,Salary Increase,2025-06-20,+8.1%
EVT002002,EMP01558,Exit,2023-11-17,Voluntary - Better Opportunity
EVT002003,EMP01559,Salary Increase,2024-10-28,+5.7%
EVT002004,EMP01560,Salary Increase,2024-02-06,+0.5%
EVT002005,EMP01561,Salary Increase,2025-03-24,+2.9%
EVT002006,EMP01562,Salary Increase,2025-04-20,+3.8%
EVT002007,EMP01563,Salary Increase,2024-01-10,+8.6%
EVT002008,EMP01564,Salary Increase,2025-01-05,+6.7%
EVT002009,EMP01564,Salary Increase,2023-03-07,+1.5%
EVT002010,EMP01564,Salary Increase,2023-03-30,+6.9%
EVT002011,EMP01565,Promotion,2024-06-06,Level up: 2 grades
EVT002012,EMP01566,Promotion,2025-05-07,Level up: 1 grade
EVT002013,EMP01567,Salary Increase,2024-07-03,+8.4%
EVT002014,EMP01568,Salary Increase,2023-05-16,+3.1%
EVT002015,EMP01571,Salary Increase,2023-03-10,+7.7%
EVT002016,EMP01571,Salary Increase,2024-10-04,+6.5%
EVT002017,EMP01573,Salary Increase,2024-01-29,+4.7%
EVT002018,EMP01574,Salary Increase,2025-01-25,+5.9%
EVT002019,EMP01574,Salary Increase,2023-06-21,+7.6%
EVT002020,EMP01574,Salary Increase,2024-12-04,+3.7%
EVT002021,EMP01575,Salary Increase,2024-02-10,+6.1%
EVT002022,EMP01576,Promotion,2024-08-01,Level up: 1 grade
EVT002023,EMP01576,Salary Increase,2024-02-27,+9.6%
EVT002024,EMP01577,Promotion,2024-11-26,Level up: 2 grades
EVT002025,EMP01577,Salary Increase,2024-11-23,+7.5%
EVT002026,EMP01579,Salary Increase,2024-07-14,+6.5%
EVT002027,EMP01579,Salary Increase,2024-02-01,+7.8%
EVT002028,EMP01579,Salary Increase,2024-09-28,+7.8%
EVT002029,EMP01580,Salary Increase,2023-11-17,+5.9%
EVT002030,EMP01581,Promotion,2025-01-25,Level up: 1 grade
EVT002031,EMP01581,Salary Increase,2024-07-01,+3.0%
EVT002032,EMP01582,Salary Increase,2023-01-02,+7.3%
EVT002033,EMP01583,Salary Increase,2023-11-17,+4.6%
EVT002034,EMP01584,Promotion,2025-01-29,Level up: 2 grades
EVT002035,EMP01584,Salary Increase,2024-02-02,+6.4%
EVT002036,EMP01584,Salary Increase,2024-12-14,+8.0%
EVT002037,EMP01585,Salary Increase,2023-07-31,+4.7%
EVT002038,EMP01585,Salary Increase,2025-01-23,+1.6%
EVT002039,EMP01585,Salary Increase,2025-06-28,+3.4%
EVT002040,EMP01586,Salary Increase,2024-07-05,+3.9%
EVT002041,EMP01587,Promotion,2024-01-08,Level up: 1 grade
EVT002042,EMP01587,Salary Increase,2023-09-02,+7.7%
EVT002043,EMP01587,Salary Increase,2024-12-09,+4.5%
EVT002044,EMP01588,Salary Increase,2025-04-21,+5.3%
EVT002045,EMP01589,Salary Increase,2024-02-21,+6.2%
EVT002046,EMP01593,Salary Increase,2024-09-28,+1.7%
EVT002047,EMP01594,Salary Increase,2024-06-29,+3.9%
EVT002048,EMP01595,Promotion,2025-06-22,Level up: 1 grade
EVT002049,EMP01595,Salary Increase,2024-12-19,+8.4%
EVT002050,EMP01597,Salary Increase,2025-04-03,+6.3%
EVT002051,EMP01597,Salary Increase,2024-03-02,+5.6%
EVT002052,EMP01598,Salary Increase,2023-10-26,+5.9%
EVT002053,EMP01600,Salary Increase,2024-07-29,+6.8%
EVT002054,EMP01601,Salary Increase,2023-01-29,+7.6%
EVT002055,EMP01601,Salary Increase,2023-08-18,+3.9%
EVT002056,EMP01601,Salary Increase,2023-10-12,+5.1%
EVT002057,EMP01602,Promotion,2024-01-03,Level up: 1 grade
EVT002058,EMP01603,Promotion,2024-07-27,Level up: 1 grade
EVT002059,EMP01603,Salary Increase,2023-12-06,+5.8%
EVT002060,EMP01604,Salary Increase,2025-04-02,+7.4%
EVT002061,EMP01605,Promotion,2025-02-28,Level up: 2 grades
EVT002062,EMP01605,Salary Increase,2023-08-01,+2.4%
EVT002063,EMP01605,Salary Increase,2024-03-19,+4.0%
EVT002064,EMP01605,Salary Increase,2023-09-28,+4.1%
EVT002065,EMP01607,Salary Increase,2023-01-16,+3.6%
EVT002066,EMP01608,Salary Increase,2023-03-11,+4.4%
EVT002067,EMP01608,Salary Increase,2023-10-01,+6.9%
EVT002068,EMP01609,Salary Increase,2024-09-05,+2.2%
EVT002069,EMP01609,Salary Increase,2023-07-10,+5.9%
EVT002070,EMP01610,Salary Increase,2024-07-29,+9.4%
EVT002071,EMP01610,Salary Increase,2024-07-12,+6.3%
EVT002072,EMP01610,Salary Increase,2025-03-21,+5.5%
EVT002073,EMP01611,Salary Increase,2024-11-03,+6.2%
EVT002074,EMP01611,Salary Increase,2024-01-21,+7.6%
EVT002075,EMP01611,Salary Increase,2024-11-30,+0.5%
EVT002076,EMP01611,Salary Increase,2023-10-01,+7.2%
EVT002077,EMP01611,Salary Increase,2023-11-08,+3.5%
EVT002078,EMP01614,Salary Increase,2024-09-30,+2.2%
EVT002079,EMP01614,Salary Increase,2024-10-13,+7.4%
EVT002080,EMP01614,Salary Increase,2025-01-23,+4.4%
EVT002081,EMP01614,Salary Increase,2023-02-06,+2.2%
EVT002082,EMP01615,Salary Increase,2023-12-07,+6.8%
EVT002083,EMP01615,Salary Increase,2024-01-29,+5.3%
EVT002084,EMP01615,Salary Increase,2023-01-07,+5.8%
EVT002085,EMP01617,Promotion,2024-09-09,Level up: 1 grade
EVT002086,EMP01618,Promotion,2024-12-23,Level up: 1 grade
EVT002087,EMP01619,Salary Increase,2023-10-06,+6.6%
EVT002088,EMP01619,Salary Increase,2025-04-20,+7.0%
EVT002089,EMP01620,Salary Increase,2023-11-24,+10.1%
EVT002090,EMP01621,Salary Increase,2023-02-17,+0.5%
EVT002091,EMP01622,Salary Increase,2023-11-27,+3.1%
EVT002092,EMP01624,Salary Increase,2024-06-13,+4.7%
EVT002093,EMP01624,Salary Increase,2023-08-23,+7.6%
EVT002094,EMP01625,Salary Increase,2024-04-15,+8.1%
EVT002095,EMP01625,Salary Increase,2024-10-08,+8.5%
EVT002096,EMP01627,Salary Increase,2023-03-18,+6.3%
EVT002097,EMP01629,Salary Increase,2023-09-08,+6.2%
EVT002098,EMP01629,Salary Increase,2024-02-13,+4.5%
EVT002099,EMP01629,Salary Increase,2023-01-25,+6.6%
EVT002100,EMP01630,Salary Increase,2024-12-19,+4.4%
EVT002101,EMP01630,Salary Increase,2024-08-27,+6.9%
EVT002102,EMP01632,Salary Increase,2024-03-24,+8.3%
EVT002103,EMP01633,Salary Increase,2024-09-14,+6.2%
EVT002104,EMP01635,Promotion,2023-12-13,Level up: 1 grade
EVT002105,EMP01636,Promotion,2024-04-16,Level up: 1 grade
EVT002106,EMP01636,Salary Increase,2023-11-15,+7.0%
EVT002107,EMP01636,Salary Increase,2024-09-09,+3.7%
EVT002108,EMP01637,Promotion,2024-05-30,Level up: 1 grade
EVT002109,EMP01637,Salary Increase,2024-02-22,+3.6%
EVT002110,EMP01637,Salary Increase,2025-02-22,+3.1%
EVT002111,EMP01638,Salary Increase,2023-07-11,+6.5%
EVT002112,EMP01638,Salary Increase,2023-10-21,+7.4%
EVT002113,EMP01638,Salary Increase,2023-06-11,+4.8%
EVT002114,EMP01638,Salary Increase,2023-05-23,+5.9%
EVT002115,EMP01639,Salary Increase,2023-09-23,+2.8%
EVT002116,EMP01639,Salary Increase,2025-03-06,+9.6%
EVT002117,EMP01641,Salary Increase,2023-07-11,+8.6%
EVT002118,EMP01641,Salary Increase,2023-01-31,+3.7%
EVT002119,EMP01642,Salary Increase,2023-07-09,+4.5%
EVT002120,EMP01642,Salary Increase,2024-01-14,+5.1%
EVT002121,EMP01642,Salary Increase,2024-04-07,+5.9%
EVT002122,EMP01643,Promotion,2025-06-29,Level up: 1 grade
EVT002123,EMP01644,Salary Increase,2024-02-21,+4.0%
EVT002124,EMP01645,Salary Increase,2023-10-29,+3.1%
EVT002125,EMP01645,Salary Increase,2023-05-29,+2.3%
EVT002126,EMP01645,Salary Increase,2023-12-28,+4.5%
EVT002127,EMP01646,Salary Increase,2024-07-09,+8.0%
EVT002128,EMP01646,Salary Increase,2024-06-13,+1.5%
EVT002129,EMP01647,Salary Increase,2024-05-07,+5.3%
EVT002130,EMP01648,Promotion,2024-01-21,Level up: 1 grade
EVT002131,EMP01649,Salary Increase,2025-04-12,+4.1%
EVT002132,EMP01653,Exit,2023-08-31,Involuntary - Performance
EVT002133,EMP01656,Promotion,2023-12-11,Level up: 1 grade
EVT002134,EMP01657,Salary Increase,2023-04-19,+2.7%
EVT002135,EMP01658,Salary Increase,2024-05-30,+1.7%
EVT002136,EMP01658,Salary Increase,2024-03-05,+6.0%
EVT002137,EMP01659,Salary Increase,2023-10-06,+6.1%
EVT002138,EMP01659,Salary Increase,2024-03-12,+7.8%
EVT002139,EMP01661,Salary Increase,2024-04-29,+5.5%
EVT002140,EMP01661,Salary Increase,2024-11-18,+2.6%
EVT002141,EMP01661,Salary Increase,2024-07-20,+4.9%
EVT002142,EMP01662,Promotion,2024-10-27,Level up: 1 grade
EVT002143,EMP01662,Salary Increase,2024-11-30,+4.9%
EVT002144,EMP01663,Salary Increase,2023-01-24,+1.3%
EVT002145,EMP01664,Salary Increase,2025-06-29,+7.2%
EVT002146,EMP01665,Salary Increase,2025-05-02,+5.4%
EVT002147,EMP01665,Salary Increase,2023-06-25,+8.5%
EVT002148,EMP01666,Promotion,2024-02-13,Level up: 1 grade
EVT002149,EMP01666,Salary Increase,2025-03-20,+5.8%
EVT002150,EMP01666,Salary Increase,2024-10-12,+6.7%
EVT002151,EMP01667,Salary Increase,2025-06-22,+9.1%
EVT002152,EMP01667,Salary Increase,2023-08-23,+5.6%
EVT002153,EMP01668,Salary Increase,2024-05-11,+4.7%
EVT002154,EMP01668,Salary Increase,2024-09-12,+7.0%
EVT002155,EMP01669,Salary Increase,2024-04-25,+9.5%
EVT002156,EMP01670,Salary Increase,2024-03-20,+5.0%
EVT002157,EMP01670,Salary Increase,2025-03-04,+8.0%
EVT002158,EMP01671,Promotion,2024-08-27,Level up: 2 grades
EVT002159,EMP01671,Salary Increase,2024-01-20,+3.9%
EVT002160,EMP01672,Salary Increase,2024-01-30,+2.3%
EVT002161,EMP01672,Salary Increase,2025-02-28,+3.4%
EVT002162,EMP01673,Salary Increase,2025-04-02,+3.1%
EVT002163,EMP01674,Salary Increase,2023-03-11,+7.0%
EVT002164,EMP01675,Promotion,2023-12-27,Level up: 2 grades
EVT002165,EMP01675,Salary Increase,2023-08-22,+5.3%
EVT002166,EMP01675,Salary Increase,2024-12-05,+8.9%
EVT002167,EMP01676,Salary Increase,2023-01-17,+7.3%
EVT002168,EMP01677,Salary Increase,2024-05-07,+3.7%
EVT002169,EMP01677,Salary Increase,2023-12-21,+9.7%
EVT002170,EMP01677,Exit,2024-07-01,Voluntary - Compensation
EVT002171,EMP01678,Promotion,2024-02-07,Level up: 1 grade
EVT002172,EMP01679,Salary Increase,2025-04-20,+7.4%
EVT002173,EMP01680,Promotion,2024-01-03,Level up: 1 grade
EVT002174,EMP01681,Salary Increase,2023-12-11,+9.1%
EVT002175,EMP01681,Salary Increase,2024-08-25,+4.1%
EVT002176,EMP01682,Salary Increase,2025-04-07,+4.4%
EVT002177,EMP01682,Salary Increase,2024-09-29,+5.0%
EVT002178,EMP01683,Salary Increase,2024-12-08,+4.1%
EVT002179,EMP01684,Salary Increase,2023-11-28,+1.2%
EVT002180,EMP01684,Salary Increase,2025-05-25,+5.4%
EVT002181,EMP01685,Salary Increase,2024-08-12,+3.2%
EVT002182,EMP01686,Salary Increase,2023-06-06,+7.5%
EVT002183,EMP01686,Salary Increase,2024-03-20,+9.8%
EVT002184,EMP01687,Salary Increase,2023-09-19,+0.5%
EVT002185,EMP01687,Salary Increase,2023-04-22,+6.7%
EVT002186,EMP01688,Promotion,2024-02-25,Level up: 1 grade
EVT002187,EMP01688,Salary Increase,2023-01-24,+6.5%
EVT002188,EMP01688,Salary Increase,2023-09-06,+5.7%
EVT002189,EMP01688,Salary Increase,2024-02-19,+7.7%
EVT002190,EMP01689,Promotion,2024-09-07,Level up: 2 grades
EVT002191,EMP01689,Salary Increase,2025-02-17,+5.3%
EVT002192,EMP01690,Salary Increase,2024-06-09,+4.5%
EVT002193,EMP01690,Salary Increase,2024-05-09,+3.4%
EVT002194,EMP01690,Salary Increase,2023-10-31,+0.9%
EVT002195,EMP01691,Promotion,2024-02-03,Level up: 1 grade
EVT002196,EMP01692,Salary Increase,2024-05-05,+7.8%
EVT002197,EMP01693,Salary Increase,2024-01-25,+0.5%
EVT002198,EMP01693,Salary Increase,2024-07-05,+0.9%
EVT002199,EMP01693,Salary Increase,2024-05-07,+6.9%
EVT002200,EMP01694,Salary Increase,2023-03-03,+5.6%
EVT002201,EMP01695,Salary Increase,2024-09-08,+3.4%
EVT002202,EMP01696,Promotion,2024-01-19,Level up: 1 grade
EVT002203,EMP01698,Salary Increase,2024-07-20,+6.6%
EVT002204,EMP01699,Salary Increase,2024-10-28,+1.0%
EVT002205,EMP01699,Salary Increase,2025-05-21,+2.8%
EVT002206,EMP01699,Salary Increase,2023-02-14,+5.1%
EVT002207,EMP01699,Salary Increase,2023-01-13,+0.5%
EVT002208,EMP01700,Promotion,2023-08-15,Level up: 2 grades
EVT002209,EMP01702,Promotion,2024-05-05,Level up: 1 grade
EVT002210,EMP01704,Promotion,2023-09-02,Level up: 2 grades
EVT002211,EMP01704,Salary Increase,2025-05-06,+6.1%
EVT002212,EMP01705,Salary Increase,2023-10-10,+4.2%
EVT002213,EMP01705,Salary Increase,2024-03-19,+4.6%
EVT002214,EMP01706,Promotion,2024-03-06,Level up: 1 grade
EVT002215,EMP01707,Promotion,2023-12-03,Level up: 2 grades
EVT002216,EMP01709,Salary Increase,2023-03-10,+5.2%
EVT002217,EMP01710,Salary Increase,2025-05-16,+8.0%
EVT002218,EMP01711,Salary Increase,2024-10-25,+7.0%
EVT002219,EMP01711,Exit,2024-07-23,Voluntary - Personal Reasons
EVT002220,EMP01714,Salary Increase,2025-03-23,+5.9%
EVT002221,EMP01715,Promotion,2024-03-23,Level up: 1 grade
EVT002222,EMP01715,Salary Increase,2023-11-28,+3.5%
EVT002223,EMP01715,Salary Increase,2025-04-01,+4.8%
EVT002224,EMP01716,Salary Increase,2023-04-02,+4.3%
EVT002225,EMP01718,Salary Increase,2024-03-04,+6.1%
EVT002226,EMP01718,Salary Increase,2024-09-23,+6.9%
EVT002227,EMP01718,Salary Increase,2025-03-04,+8.1%
EVT002228,EMP01719,Salary Increase,2023-01-18,+1.1%
EVT002229,EMP01722,Salary Increase,2023-03-16,+5.4%
EVT002230,EMP01722,Salary Increase,2025-01-30,+6.8%
EVT002231,EMP01723,Salary Increase,2023-05-08,+5.4%
EVT002232,EMP01724,Promotion,2024-09-06,Level up: 2 grades
EVT002233,EMP01725,Salary Increase,2025-06-14,+4.2%
EVT002234,EMP01726,Salary Increase,2023-02-20,+9.3%
EVT002235,EMP01726,Salary Increase,2023-09-27,+9.9%
EVT002236,EMP01726,Salary Increase,2023-11-29,+5.7%
EVT002237,EMP01727,Salary Increase,2023-03-23,+5.8%
EVT002238,EMP01727,Salary Increase,2025-04-15,+11.1%
EVT002239,EMP01730,Promotion,2025-01-01,Level up: 2 grades
EVT002240,EMP01730,Salary Increase,2023-01-17,+4.3%
EVT002241,EMP01731,Salary Increase,2024-01-28,+5.7%
EVT002242,EMP01732,Salary Increase,2023-02-28,+5.4%
EVT002243,EMP01735,Salary Increase,2023-02-17,+2.9%
EVT002244,EMP01736,Salary Increase,2024-06-20,+6.3%
EVT002245,EMP01736,Salary Increase,2023-12-25,+2.2%
EVT002246,EMP01737,Salary Increase,2023-09-08,+9.0%
EVT002247,EMP01737,Salary Increase,2024-05-06,+6.1%
EVT002248,EMP01737,Salary Increase,2023-05-08,+5.0%
EVT002249,EMP01738,Promotion,2024-02-23,Level up: 1 grade
EVT002250,EMP01738,Salary Increase,2023-03-11,+5.3%
EVT002251,EMP01740,Salary Increase,2025-04-23,+1.1%
EVT002252,EMP01740,Salary Increase,2023-11-10,+1.3%
EVT002253,EMP01741,Salary Increase,2023-04-08,+8.5%
EVT002254,EMP01742,Salary Increase,2023-01-24,+6.9%
EVT002255,EMP01742,Salary Increase,2023-05-12,+5.8%
EVT002256,EMP01743,Promotion,2024-10-25,Level up: 1 grade
EVT002257,EMP01744,Salary Increase,2023-03-20,+3.4%
EVT002258,EMP01745,Salary Increase,2024-08-25,+3.9%
EVT002259,EMP01745,Salary Increase,2025-04-05,+7.8%
EVT002260,EMP01745,Salary Increase,2024-10-10,+7.8%
EVT002261,EMP01746,Salary Increase,2023-11-15,+6.2%
EVT002262,EMP01746,Salary Increase,2025-01-06,+7.4%
EVT002263,EMP01747,Salary Increase,2024-10-22,+7.3%
EVT002264,EMP01748,Salary Increase,2023-01-12,+9.9%
EVT002265,EMP01748,Salary Increase,2024-03-07,+9.1%
EVT002266,EMP01748,Salary Increase,2025-05-13,+7.4%
EVT002267,EMP01748,Salary Increase,2024-11-05,+9.3%
EVT002268,EMP01749,Salary Increase,2023-10-15,+9.0%
EVT002269,EMP01749,Salary Increase,2023-05-27,+7.0%
EVT002270,EMP01750,Salary Increase,2025-05-31,+0.5%
EVT002271,EMP01750,Salary Increase,2025-06-06,+5.0%
EVT002272,EMP01752,Salary Increase,2023-10-11,+4.3%
EVT002273,EMP01753,Salary Increase,2024-03-25,+1.4%
EVT002274,EMP01754,Salary Increase,2024-09-11,+5.1%
EVT002275,EMP01754,Salary Increase,2024-11-24,+5.4%
EVT002276,EMP01754,Salary Increase,2023-05-24,+5.2%
EVT002277,EMP01754,Salary Increase,2024-01-06,+5.9%
EVT002278,EMP01755,Salary Increase,2023-05-19,+8.4%
EVT002279,EMP01756,Salary Increase,2025-02-02,+6.3%
EVT002280,EMP01758,Salary Increase,2024-09-08,+4.3%
EVT002281,EMP01758,Salary Increase,2024-12-08,+3.7%
EVT002282,EMP01760,Salary Increase,2024-06-19,+2.0%
EVT002283,EMP01760,Salary Increase,2023-06-21,+1.3%
EVT002284,EMP01761,Salary Increase,2024-04-30,+9.2%
EVT002285,EMP01761,Salary Increase,2023-01-02,+4.8%
EVT002286,EMP01761,Exit,2025-02-19,Voluntary - Better Opportunity
EVT002287,EMP01762,Exit,2024-01-07,Involuntary - Performance
EVT002288,EMP01764,Salary Increase,2025-01-06,+7.1%
EVT002289,EMP01765,Promotion,2024-06-15,Level up: 1 grade
EVT002290,EMP01766,Promotion,2024-06-16,Level up: 1 grade
EVT002291,EMP01766,Salary Increase,2025-01-09,+3.7%
EVT002292,EMP01766,Salary Increase,2024-09-09,+1.5%
EVT002293,EMP01767,Salary Increase,2023-10-09,+7.5%
EVT002294,EMP01767,Exit,2023-07-07,Voluntary - Career Growth
EVT002295,EMP01768,Promotion,2023-11-27,Level up: 1 grade
EVT002296,EMP01768,Salary Increase,2025-01-24,+4.1%
EVT002297,EMP01769,Salary Increase,2023-12-22,+5.4%
EVT002298,EMP01769,Salary Increase,2023-08-02,+7.1%
EVT002299,EMP01769,Salary Increase,2024-10-12,+9.0%
EVT002300,EMP01769,Salary Increase,2024-08-08,+5.2%
EVT002301,EMP01770,Promotion,2024-05-19,Level up: 2 grades
EVT002302,EMP01770,Salary Increase,2023-12-24,+6.2%
EVT002303,EMP01770,Salary Increase,2024-07-03,+9.7%
EVT002304,EMP01771,Salary Increase,2024-11-24,+2.5%
EVT002305,EMP01772,Salary Increase,2023-03-25,+3.6%
EVT002306,EMP01774,Salary Increase,2024-08-17,+6.9%
EVT002307,EMP01775,Salary Increase,2023-02-21,+4.3%
EVT002308,EMP01775,Salary Increase,2025-01-01,+8.6%
EVT002309,EMP01775,Salary Increase,2023-11-18,+6.8%
EVT002310,EMP01777,Salary Increase,2023-10-31,+8.7%
EVT002311,EMP01777,Salary Increase,2023-08-06,+8.1%
EVT002312,EMP01778,Salary Increase,2024-12-21,+5.4%
EVT002313,EMP01780,Salary Increase,2024-05-27,+5.9%
EVT002314,EMP01781,Promotion,2024-11-10,Level up: 1 grade
EVT002315,EMP01781,Salary Increase,2023-05-26,+6.7%
EVT002316,EMP01782,Salary Increase,2024-04-11,+4.1%
EVT002317,EMP01783,Salary Increase,2024-02-01,+8.5%
EVT002318,EMP01783,Salary Increase,2023-10-12,+7.4%
EVT002319,EMP01785,Salary Increase,2024-11-04,+6.6%
EVT002320,EMP01785,Salary Increase,2023-08-01,+3.0%
EVT002321,EMP01785,Salary Increase,2024-08-13,+11.0%
EVT002322,EMP01786,Salary Increase,2024-11-30,+9.6%
EVT002323,EMP01786,Salary Increase,2024-09-02,+1.3%
EVT002324,EMP01788,Salary Increase,2023-11-15,+11.1%
EVT002325,EMP01788,Salary Increase,2024-07-05,+9.4%
EVT002326,EMP01788,Salary Increase,2023-05-05,+5.7%
EVT002327,EMP01789,Salary Increase,2023-04-19,+6.7%
EVT002328,EMP01790,Salary Increase,2024-11-13,+6.5%
EVT002329,EMP01792,Salary Increase,2023-04-07,+6.9%
EVT002330,EMP01792,Salary Increase,2024-12-20,+8.0%
EVT002331,EMP01793,Salary Increase,2024-02-19,+7.7%
EVT002332,EMP01793,Salary Increase,2023-02-11,+7.5%
EVT002333,EMP01793,Salary Increase,2023-05-06,+7.0%
EVT002334,EMP01794,Promotion,2024-06-14,Level up: 2 grades
EVT002335,EMP01797,Salary Increase,2024-03-14,+5.1%
EVT002336,EMP01798,Salary Increase,2025-01-15,+5.3%
EVT002337,EMP01799,Salary Increase,2024-07-19,+5.6%
EVT002338,EMP01800,Salary Increase,2024-02-16,+8.8%
EVT002339,EMP01800,Salary Increase,2024-04-30,+5.6%
EVT002340,EMP01800,Salary Increase,2023-07-11,+2.6%
EVT002341,EMP01801,Salary Increase,2023-07-09,+6.1%
EVT002342,EMP01801,Salary Increase,2024-06-27,+6.6%
EVT002343,EMP01801,Salary Increase,2024-10-05,+10.5%
EVT002344,EMP01801,Salary Increase,2025-01-09,+5.9%
EVT002345,EMP01802,Salary Increase,2023-11-02,+3.5%
EVT002346,EMP01803,Salary Increase,2023-11-04,+1.4%
EVT002347,EMP01804,Salary Increase,2023-02-17,+6.3%
EVT002348,EMP01806,Salary Increase,2023-06-16,+1.2%
EVT002349,EMP01807,Promotion,2024-06-25,Level up: 2 grades
EVT002350,EMP01808,Salary Increase,2023-06-01,+1.7%
EVT002351,EMP01809,Promotion,2024-11-23,Level up: 1 grade
EVT002352,EMP01809,Salary Increase,2024-09-25,+8.4%
EVT002353,EMP01809,Salary Increase,2024-08-09,+1.1%
EVT002354,EMP01810,Salary Increase,2023-09-29,+7.3%
EVT002355,EMP01810,Salary Increase,2023-07-01,+1.3%
EVT002356,EMP01810,Salary Increase,2024-04-17,+4.2%
EVT002357,EMP01810,Salary Increase,2024-07-26,+4.4%
EVT002358,EMP01812,Salary Increase,2024-03-03,+5.6%
EVT002359,EMP01813,Salary Increase,2023-04-12,+9.0%
EVT002360,EMP01814,Promotion,2024-08-20,Level up: 1 grade
EVT002361,EMP01815,Salary Increase,2025-04-07,+8.6%
EVT002362,EMP01816,Salary Increase,2025-01-19,+8.1%
EVT002363,EMP01818,Salary Increase,2024-05-20,+8.2%
EVT002364,EMP01818,Salary Increase,2024-03-20,+3.3%
EVT002365,EMP01819,Salary Increase,2023-09-15,+4.4%
EVT002366,EMP01819,Salary Increase,2023-10-26,+5.1%
EVT002367,EMP01819,Salary Increase,2023-03-07,+6.4%
EVT002368,EMP01820,Salary Increase,2024-05-02,+7.4%
EVT002369,EMP01820,Salary Increase,2025-03-29,+9.0%
EVT002370,EMP01822,Salary Increase,2024-08-01,+10.0%
EVT002371,EMP01822,Salary Increase,2025-01-17,+6.2%
EVT002372,EMP01823,Salary Increase,2024-12-20,+8.4%
EVT002373,EMP01823,Salary Increase,2024-05-18,+5.7%
EVT002374,EMP01823,Salary Increase,2023-10-19,+6.6%
EVT002375,EMP01824,Salary Increase,2024-01-21,+2.3%
EVT002376,EMP01825,Salary Increase,2025-05-25,+3.8%
EVT002377,EMP01825,Salary Increase,2023-02-20,+7.9%
EVT002378,EMP01826,Salary Increase,2023-02-24,+6.3%
EVT002379,EMP01827,Salary Increase,2024-11-19,+5.7%
EVT002380,EMP01827,Salary Increase,2025-04-05,+5.9%
EVT002381,EMP01829,Salary Increase,2023-10-11,+10.9%
EVT002382,EMP01830,Salary Increase,2023-02-06,+4.4%
EVT002383,EMP01831,Promotion,2024-08-04,Level up: 1 grade
EVT002384,EMP01831,Salary Increase,2024-07-14,+5.1%
EVT002385,EMP01831,Salary Increase,2024-12-08,+2.3%
EVT002386,EMP01832,Salary Increase,2024-08-23,+6.0%
EVT002387,EMP01832,Salary Increase,2024-06-09,+3.2%
EVT002388,EMP01833,Promotion,2025-06-09,Level up: 2 grades
EVT002389,EMP01833,Salary Increase,2023-11-27,+4.0%
EVT002390,EMP01833,Salary Increase,2023-06-26,+3.2%
EVT002391,EMP01835,Salary Increase,2025-03-25,+6.0%
EVT002392,EMP01835,Salary Increase,2024-05-17,+9.6%
EVT002393,EMP01835,Salary Increase,2024-09-03,+2.3%
EVT002394,EMP01836,Salary Increase,2024-11-24,+11.2%
EVT002395,EMP01838,Salary Increase,2024-04-27,+0.5%
EVT002396,EMP01838,Salary Increase,2023-07-18,+7.9%
EVT002397,EMP01838,Salary Increase,2024-11-17,+5.5%
EVT002398,EMP01840,Salary Increase,2024-06-04,+7.5%
EVT002399,EMP01840,Salary Increase,2024-08-24,+8.5%
EVT002400,EMP01841,Salary Increase,2024-10-01,+6.5%
EVT002401,EMP01841,Salary Increase,2023-06-26,+0.5%
EVT002402,EMP01843,Salary Increase,2024-01-04,+10.6%
EVT002403,EMP01843,Salary Increase,2024-03-17,+7.2%
EVT002404,EMP01844,Promotion,2023-09-08,Level up: 1 grade
EVT002405,EMP01845,Salary Increase,2023-08-29,+6.2%
EVT002406,EMP01847,Salary Increase,2024-04-17,+3.1%
EVT002407,EMP01847,Salary Increase,2025-02-16,+6.5%
EVT002408,EMP01848,Salary Increase,2023-12-13,+4.7%
EVT002409,EMP01848,Salary Increase,2023-06-26,+7.0%
EVT002410,EMP01849,Salary Increase,2024-03-22,+3.8%
EVT002411,EMP01849,Salary Increase,2025-05-22,+0.5%
EVT002412,EMP01849,Salary Increase,2024-04-18,+6.9%
EVT002413,EMP01849,Salary Increase,2024-04-12,+8.4%
EVT002414,EMP01850,Salary Increase,2023-01-16,+9.7%
EVT002415,EMP01851,Promotion,2023-07-23,Level up: 1 grade
EVT002416,EMP01852,Promotion,2025-04-05,Level up: 1 grade
EVT002417,EMP01853,Salary Increase,2023-11-01,+5.4%
EVT002418,EMP01854,Promotion,2024-04-18,Level up: 2 grades
EVT002419,EMP01855,Salary Increase,2024-08-20,+6.1%
EVT002420,EMP01855,Salary Increase,2024-12-24,+4.6%
EVT002421,EMP01855,Salary Increase,2024-02-29,+9.5%
EVT002422,EMP01858,Salary Increase,2023-11-17,+5.9%
EVT002423,EMP01858,Exit,2024-10-26,Involuntary - Performance
EVT002424,EMP01860,Salary Increase,2024-09-03,+6.6%
EVT002425,EMP01860,Salary Increase,2023-05-20,+5.9%
EVT002426,EMP01860,Salary Increase,2023-04-18,+3.9%
EVT002427,EMP01862,Salary Increase,2024-05-10,+5.7%
EVT002428,EMP01864,Exit,2024-12-10,Voluntary - Compensation
EVT002429,EMP01865,Salary Increase,2024-12-15,+7.0%
EVT002430,EMP01866,Promotion,2024-11-06,Level up: 1 grade
EVT002431,EMP01866,Salary Increase,2025-01-05,+2.4%
EVT002432,EMP01866,Salary Increase,2023-04-17,+8.7%
EVT002433,EMP01867,Salary Increase,2023-04-03,+13.3%
EVT002434,EMP01867,Salary Increase,2024-04-26,+2.9%
EVT002435,EMP01871,Promotion,2024-01-27,Level up: 1 grade
EVT002436,EMP01872,Salary Increase,2024-04-17,+4.5%
EVT002437,EMP01873,Promotion,2025-03-14,Level up: 1 grade
EVT002438,EMP01873,Salary Increase,2024-04-04,+10.9%
EVT002439,EMP01874,Salary Increase,2023-03-25,+4.3%
EVT002440,EMP01874,Salary Increase,2024-03-03,+6.2%
EVT002441,EMP01874,Salary Increase,2023-12-26,+6.2%
EVT002442,EMP01875,Salary Increase,2025-05-17,+5.3%
EVT002443,EMP01876,Salary Increase,2025-06-06,+9.5%
EVT002444,EMP01877,Promotion,2025-01-23,Level up: 1 grade
EVT002445,EMP01878,Salary Increase,2025-02-05,+5.0%
EVT002446,EMP01879,Salary Increase,2025-05-21,+9.0%
EVT002447,EMP01881,Salary Increase,2025-06-12,+2.8%
EVT002448,EMP01883,Salary Increase,2024-12-16,+3.9%
EVT002449,EMP01890,Salary Increase,2025-03-12,+8.4%
EVT002450,EMP01890,Salary Increase,2023-01-08,+4.4%
EVT002451,EMP01891,Salary Increase,2023-06-16,+3.2%
EVT002452,EMP01891,Salary Increase,2025-02-23,+1.8%
EVT002453,EMP01892,Salary Increase,2024-07-11,+10.2%
EVT002454,EMP01892,Salary Increase,2024-02-12,+4.5%
EVT002455,EMP01893,Salary Increase,2023-08-08,+7.1%
EVT002456,EMP01894,Promotion,2023-11-12,Level up: 1 grade
EVT002457,EMP01894,Salary Increase,2024-07-15,+4.0%
EVT002458,EMP01894,Salary Increase,2024-01-31,+7.0%
EVT002459,EMP01894,Salary Increase,2023-08-22,+4.3%
EVT002460,EMP01895,Promotion,2025-05-02,Level up: 1 grade
EVT002461,EMP01895,Salary Increase,2025-02-07,+3.8%
EVT002462,EMP01896,Salary Increase,2024-02-24,+5.5%
EVT002463,EMP01897,Salary Increase,2024-02-17,+9.0%
EVT002464,EMP01897,Salary Increase,2023-12-10,+9.5%
EVT002465,EMP01897,Salary Increase,2023-05-28,+7.5%
EVT002466,EMP01898,Salary Increase,2024-03-30,+4.3%
EVT002467,EMP01899,Promotion,2025-04-11,Level up: 2 grades
EVT002468,EMP01899,Salary Increase,2024-01-23,+5.1%
EVT002469,EMP01901,Promotion,2024-10-04,Level up: 1 grade
EVT002470,EMP01901,Salary Increase,2024-11-02,+7.1%
EVT002471,EMP01903,Promotion,2024-10-01,Level up: 1 grade
EVT002472,EMP01903,Salary Increase,2024-06-06,+4.4%
EVT002473,EMP01903,Salary Increase,2023-11-19,+5.9%
EVT002474,EMP01904,Salary Increase,2025-05-15,+4.7%
EVT002475,EMP01904,Salary Increase,2023-10-13,+4.4%
EVT002476,EMP01905,Promotion,2024-08-30,Level up: 2 grades
EVT002477,EMP01905,Salary Increase,2023-12-25,+2.8%
EVT002478,EMP01908,Salary Increase,2025-05-12,+7.0%
EVT002479,EMP01909,Promotion,2023-10-10,Level up: 2 grades
EVT002480,EMP01910,Salary Increase,2023-06-03,+1.9%
EVT002481,EMP01910,Salary Increase,2025-05-29,+6.9%
EVT002482,EMP01911,Salary Increase,2024-04-09,+6.0%
EVT002483,EMP01912,Promotion,2024-11-11,Level up: 1 grade
EVT002484,EMP01912,Salary Increase,2024-09-10,+8.7%
EVT002485,EMP01912,Salary Increase,2023-09-03,+6.1%
EVT002486,EMP01913,Salary Increase,2023-05-11,+4.3%
EVT002487,EMP01915,Promotion,2023-12-18,Level up: 1 grade
EVT002488,EMP01915,Salary Increase,2025-03-28,+4.0%
EVT002489,EMP01916,Promotion,2024-06-18,Level up: 1 grade
EVT002490,EMP01920,Salary Increase,2023-02-02,+4.2%
EVT002491,EMP01920,Salary Increase,2024-10-13,+4.5%
EVT002492,EMP01920,Salary Increase,2023-04-13,+8.0%
EVT002493,EMP01922,Salary Increase,2024-08-30,+10.8%
EVT002494,EMP01923,Salary Increase,2023-09-01,+4.3%
EVT002495,EMP01924,Salary Increase,2023-06-07,+2.9%
EVT002496,EMP01924,Salary Increase,2023-07-17,+11.0%
EVT002497,EMP01925,Salary Increase,2023-04-30,+3.5%
EVT002498,EMP01925,Salary Increase,2024-02-29,+6.2%
EVT002499,EMP01927,Salary Increase,2024-12-22,+7.8%
EVT002500,EMP01928,Salary Increase,2023-12-30,+6.1%
EVT002501,EMP01928,Salary Increase,2025-01-03,+4.1%
EVT002502,EMP01931,Exit,2024-08-26,Voluntary - Career Growth
EVT002503,EMP01932,Promotion,2023-10-21,Level up: 1 grade
EVT002504,EMP01932,Salary Increase,2023-05-22,+7.0%
EVT002505,EMP01933,Salary Increase,2025-05-31,+3.6%
EVT002506,EMP01933,Salary Increase,2023-04-17,+6.5%
EVT002507,EMP01934,Promotion,2025-05-08,Level up: 2 grades
EVT002508,EMP01934,Salary Increase,2024-02-12,+4.2%
EVT002509,EMP01934,Salary Increase,2024-09-18,+9.4%
EVT002510,EMP01934,Salary Increase,2024-05-25,+3.7%
EVT002511,EMP01935,Salary Increase,2024-05-05,+3.7%
EVT002512,EMP01935,Salary Increase,2024-11-13,+2.7%
EVT002513,EMP01935,Salary Increase,2023-03-05,+4.7%
EVT002514,EMP01936,Salary Increase,2025-05-06,+7.4%
EVT002515,EMP01937,Promotion,2023-11-23,Level up: 2 grades
EVT002516,EMP01937,Salary Increase,2023-08-25,+2.4%
EVT002517,EMP01937,Salary Increase,2025-01-06,+1.7%
EVT002518,EMP01938,Salary Increase,2024-05-13,+4.8%
EVT002519,EMP01938,Salary Increase,2023-07-19,+2.1%
EVT002520,EMP01938,Salary Increase,2025-04-13,+9.6%
EVT002521,EMP01939,Salary Increase,2023-01-15,+3.7%
EVT002522,EMP01941,Salary Increase,2024-09-01,+6.1%
EVT002523,EMP01942,Salary Increase,2024-11-09,+5.0%
EVT002524,EMP01943,Promotion,2024-06-26,Level up: 2 grades
EVT002525,EMP01943,Salary Increase,2023-12-28,+8.1%
EVT002526,EMP01944,Promotion,2024-01-18,Level up: 1 grade
EVT002527,EMP01946,Salary Increase,2023-12-10,+4.7%
EVT002528,EMP01946,Salary Increase,2023-05-07,+4.8%
EVT002529,EMP01947,Salary Increase,2023-04-05,+7.7%
EVT002530,EMP01948,Salary Increase,2024-11-19,+7.6%
EVT002531,EMP01948,Salary Increase,2024-12-08,+8.8%
EVT002532,EMP01948,Salary Increase,2024-01-25,+1.3%
EVT002533,EMP01949,Salary Increase,2023-12-04,+3.9%
EVT002534,EMP01949,Salary Increase,2024-08-18,+3.5%
EVT002535,EMP01950,Salary Increase,2024-05-13,+4.4%
EVT002536,EMP01950,Salary Increase,2024-09-12,+4.9%
EVT002537,EMP01951,Promotion,2024-08-31,Level up: 2 grades
EVT002538,EMP01951,Salary Increase,2023-12-22,+5.1%
EVT002539,EMP01951,Salary Increase,2024-09-06,+8.9%
EVT002540,EMP01952,Salary Increase,2024-01-21,+6.7%
EVT002541,EMP01952,Salary Increase,2024-01-03,+5.2%
EVT002542,EMP01954,Exit,2024-01-06,Voluntary - Career Growth
EVT002543,EMP01955,Salary Increase,2024-05-19,+6.8%
EVT002544,EMP01956,Salary Increase,2023-12-09,+0.5%
EVT002545,EMP01956,Salary Increase,2024-05-24,+3.1%
EVT002546,EMP01957,Salary Increase,2024-07-03,+4.3%
EVT002547,EMP01959,Salary Increase,2024-09-26,+6.3%
EVT002548,EMP01960,Salary Increase,2025-04-16,+4.6%
EVT002549,EMP01960,Salary Increase,2025-02-13,+7.6%
EVT002550,EMP01961,Salary Increase,2025-05-20,+5.9%
EVT002551,EMP01964,Salary Increase,2025-04-02,+2.0%
EVT002552,EMP01965,Salary Increase,2024-02-24,+9.5%
EVT002553,EMP01967,Salary Increase,2023-05-15,+4.8%
EVT002554,EMP01967,Salary Increase,2024-04-14,+8.2%
EVT002555,EMP01967,Salary Increase,2025-06-11,+6.4%
EVT002556,EMP01968,Salary Increase,2023-02-23,+7.8%
EVT002557,EMP01969,Salary Increase,2025-01-25,+5.6%
EVT002558,EMP01969,Salary Increase,2024-12-24,+5.2%
EVT002559,EMP01971,Salary Increase,2023-02-06,+6.7%
EVT002560,EMP01971,Salary Increase,2024-12-15,+4.9%
EVT002561,EMP01971,Salary Increase,2024-12-16,+2.1%
EVT002562,EMP01972,Salary Increase,2023-10-23,+5.4%
EVT002563,EMP01973,Salary Increase,2024-11-13,+9.4%
EVT002564,EMP01973,Salary Increase,2024-09-20,+6.3%
EVT002565,EMP01974,Salary Increase,2023-12-11,+4.6%
EVT002566,EMP01974,Salary Increase,2023-01-28,+4.3%
EVT002567,EMP01975,Salary Increase,2023-04-25,+2.4%
EVT002568,EMP01975,Salary Increase,2023-04-04,+1.5%
EVT002569,EMP01976,Salary Increase,2023-09-27,+2.0%
EVT002570,EMP01976,Salary Increase,2023-11-12,+5.5%
EVT002571,EMP01977,Salary Increase,2023-05-13,+3.6%
EVT002572,EMP01977,Salary Increase,2025-05-12,+2.7%
EVT002573,EMP01978,Salary Increase,2023-03-02,+6.0%
EVT002574,EMP01979,Salary Increase,2024-01-10,+4.5%
EVT002575,EMP01981,Promotion,2023-10-29,Level up: 1 grade
EVT002576,EMP01982,Promotion,2024-03-08,Level up: 1 grade
EVT002577,EMP01982,Salary Increase,2023-11-25,+7.5%
EVT002578,EMP01983,Salary Increase,2025-06-15,+3.4%
EVT002579,EMP01983,Exit,2025-04-03,Voluntary - Better Opportunity
EVT002580,EMP01985,Promotion,2025-05-14,Level up: 1 grade
EVT002581,EMP01985,Salary Increase,2023-02-07,+7.9%
EVT002582,EMP01989,Salary Increase,2023-04-27,+7.0%
EVT002583,EMP01990,Salary Increase,2023-02-26,+2.3%
EVT002584,EMP01993,Promotion,2023-09-05,Level up: 1 grade
EVT002585,EMP01993,Salary Increase,2025-04-13,+6.9%
EVT002586,EMP01994,Salary Increase,2025-01-01,+0.5%
EVT002587,EMP01995,Promotion,2024-02-29,Level up: 1 grade
EVT002588,EMP01995,Salary Increase,2023-09-04,+6.8%
EVT002589,EMP01997,Salary Increase,2024-06-14,+2.3%
EVT002590,EMP01997,Salary Increase,2024-04-04,+3.1%
EVT002591,EMP01997,Salary Increase,2024-10-02,+5.3%
EVT002592,EMP01998,Salary Increase,2023-03-23,+6.8%
EVT002593,EMP01999,Promotion,2023-11-26,Level up: 1 grade
EVT002594,EMP01999,Salary Increase,2024-07-16,+5.1%
EVT002595,EMP02000,Salary Increase,2024-09-05,+8.7%
EVT002596,EMP02001,Salary Increase,2024-09-24,+1.1%
EVT002597,EMP02003,Salary Increase,2023-08-22,+1.5%
EVT002598,EMP02005,Salary Increase,2023-07-22,+6.8%
EVT002599,EMP02006,Promotion,2024-05-05,Level up: 1 grade
EVT002600,EMP02006,Salary Increase,2025-03-04,+7.9%
EVT002601,EMP02006,Salary Increase,2024-02-09,+3.7%
EVT002602,EMP02011,Promotion,2023-12-08,Level up: 1 grade
EVT002603,EMP02011,Salary Increase,2025-03-03,+4.7%
EVT002604,EMP02012,Promotion,2024-11-07,Level up: 2 grades
EVT002605,EMP02012,Salary Increase,2025-02-15,+0.8%
EVT002606,EMP02012,Salary Increase,2023-02-09,+0.9%
EVT002607,EMP02012,Salary Increase,2025-06-18,+0.5%
EVT002608,EMP02012,Salary Increase,2024-08-30,+2.6%
EVT002609,EMP02014,Salary Increase,2023-10-27,+2.6%
EVT002610,EMP02014,Salary Increase,2023-02-17,+4.8%
EVT002611,EMP02015,Salary Increase,2024-11-11,+8.8%
EVT002612,EMP02015,Salary Increase,2023-10-16,+3.5%
EVT002613,EMP02015,Exit,2024-07-08,Involuntary - Performance
EVT002614,EMP02016,Salary Increase,2024-02-16,+7.1%
EVT002615,EMP02016,Exit,2024-05-06,Voluntary - Career Growth
EVT002616,EMP02017,Salary Increase,2023-01-05,+3.2%
EVT002617,EMP02018,Salary Increase,2024-08-08,+8.5%
EVT002618,EMP02019,Salary Increase,2023-10-23,+0.6%
EVT002619,EMP02019,Salary Increase,2025-06-05,+3.6%
EVT002620,EMP02020,Salary Increase,2024-03-08,+5.6%
EVT002621,EMP02022,Salary Increase,2025-01-30,+3.3%
EVT002622,EMP02023,Promotion,2024-08-24,Level up: 1 grade
EVT002623,EMP02024,Salary Increase,2024-08-18,+7.6%
EVT002624,EMP02024,Salary Increase,2023-10-25,+3.4%
EVT002625,EMP02024,Salary Increase,2023-10-16,+4.6%
EVT002626,EMP02025,Promotion,2024-01-12,Level up: 1 grade
EVT002627,EMP02025,Salary Increase,2024-10-09,+11.0%
EVT002628,EMP02026,Salary Increase,2023-06-17,+5.6%
EVT002629,EMP02026,Salary Increase,2024-06-28,+1.5%
EVT002630,EMP02027,Salary Increase,2024-06-13,+3.9%
EVT002631,EMP02028,Salary Increase,2025-04-01,+9.9%
EVT002632,EMP02028,Salary Increase,2023-01-13,+4.8%
EVT002633,EMP02029,Promotion,2024-02-09,Level up: 1 grade
EVT002634,EMP02029,Salary Increase,2024-03-24,+3.6%
EVT002635,EMP02030,Salary Increase,2024-09-08,+0.5%
EVT002636,EMP02032,Salary Increase,2023-04-19,+9.9%
EVT002637,EMP02032,Salary Increase,2024-04-19,+5.9%
EVT002638,EMP02034,Salary Increase,2023-11-06,+5.2%
EVT002639,EMP02035,Salary Increase,2023-09-22,+3.5%
EVT002640,EMP02036,Salary Increase,2023-12-05,+7.9%
EVT002641,EMP02036,Salary Increase,2024-02-13,+6.5%
EVT002642,EMP02037,Salary Increase,2023-08-08,+3.4%
EVT002643,EMP02037,Salary Increase,2023-07-26,+5.0%
EVT002644,EMP02037,Exit,2025-05-06,Voluntary - Compensation
EVT002645,EMP02038,Exit,2024-05-17,Voluntary - Better Opportunity
EVT002646,EMP02039,Salary Increase,2023-07-23,+3.8%
EVT002647,EMP02039,Salary Increase,2023-10-02,+6.0%
EVT002648,EMP02042,Salary Increase,2024-12-21,+6.9%
EVT002649,EMP02043,Salary Increase,2023-05-31,+4.4%
EVT002650,EMP02044,Salary Increase,2024-03-31,+7.0%
EVT002651,EMP02044,Salary Increase,2024-06-15,+3.7%
EVT002652,EMP02045,Promotion,2023-11-17,Level up: 1 grade
EVT002653,EMP02048,Promotion,2023-12-02,Level up: 1 grade
EVT002654,EMP02050,Salary Increase,2024-02-05,+6.6%
EVT002655,EMP02051,Salary Increase,2024-04-01,+0.6%
EVT002656,EMP02051,Salary Increase,2025-05-27,+6.7%
EVT002657,EMP02052,Salary Increase,2024-10-08,+4.3%
EVT002658,EMP02052,Salary Increase,2024-04-28,+4.5%
EVT002659,EMP02052,Salary Increase,2023-01-19,+8.8%
EVT002660,EMP02052,Salary Increase,2023-04-23,+6.3%
EVT002661,EMP02054,Salary Increase,2023-02-12,+9.5%
EVT002662,EMP02054,Salary Increase,2023-04-08,+0.5%
EVT002663,EMP02055,Salary Increase,2023-03-24,+6.0%
EVT002664,EMP02055,Salary Increase,2025-04-14,+4.7%
EVT002665,EMP02056,Promotion,2024-09-17,Level up: 1 grade
EVT002666,EMP02056,Salary Increase,2024-10-04,+2.7%
EVT002667,EMP02056,Salary Increase,2025-06-29,+8.5%
EVT002668,EMP02056,Exit,2025-01-07,Voluntary - Compensation
EVT002669,EMP02057,Salary Increase,2023-12-19,+5.7%
EVT002670,EMP02057,Salary Increase,2025-01-22,+4.7%
EVT002671,EMP02057,Salary Increase,2023-04-02,+7.9%
EVT002672,EMP02058,Salary Increase,2025-03-11,+6.5%
EVT002673,EMP02059,Promotion,2023-08-10,Level up: 1 grade
EVT002674,EMP02059,Salary Increase,2024-03-01,+11.1%
EVT002675,EMP02059,Salary Increase,2023-06-01,+9.0%
EVT002676,EMP02060,Salary Increase,2023-11-08,+5.8%
EVT002677,EMP02060,Salary Increase,2024-09-06,+3.3%
EVT002678,EMP02061,Promotion,2024-02-23,Level up: 1 grade
EVT002679,EMP02061,Salary Increase,2023-05-15,+1.8%
EVT002680,EMP02061,Salary Increase,2024-11-29,+4.2%
EVT002681,EMP02062,Salary Increase,2024-04-16,+1.4%
EVT002682,EMP02063,Salary Increase,2023-03-06,+3.0%
EVT002683,EMP02063,Salary Increase,2024-01-03,+5.5%
EVT002684,EMP02063,Exit,2023-10-07,Voluntary - Better Opportunity
EVT002685,EMP02064,Salary Increase,2025-04-28,+7.1%
EVT002686,EMP02065,Salary Increase,2023-01-31,+1.7%
EVT002687,EMP02066,Promotion,2025-02-17,Level up: 1 grade
EVT002688,EMP02066,Salary Increase,2023-04-17,+3.3%
EVT002689,EMP02066,Salary Increase,2023-09-03,+8.2%
EVT002690,EMP02068,Salary Increase,2023-08-31,+5.9%
EVT002691,EMP02068,Salary Increase,2023-04-14,+7.6%
EVT002692,EMP02069,Salary Increase,2025-02-14,+7.0%
EVT002693,EMP02070,Salary Increase,2025-03-12,+9.1%
EVT002694,EMP02070,Salary Increase,2023-01-21,+5.7%
EVT002695,EMP02072,Salary Increase,2024-05-24,+5.2%
EVT002696,EMP02073,Promotion,2024-11-21,Level up: 1 grade
EVT002697,EMP02073,Salary Increase,2023-05-04,+3.6%
EVT002698,EMP02075,Salary Increase,2023-09-28,+6.9%
EVT002699,EMP02075,Salary Increase,2024-12-12,+6.8%
EVT002700,EMP02075,Salary Increase,2023-03-05,+7.0%
EVT002701,EMP02078,Promotion,2023-11-02,Level up: 1 grade
EVT002702,EMP02078,Salary Increase,2024-03-11,+3.6%
EVT002703,EMP02079,Promotion,2025-02-20,Level up: 1 grade
EVT002704,EMP02080,Salary Increase,2024-03-24,+7.6%
EVT002705,EMP02080,Salary Increase,2024-09-24,+9.2%
EVT002706,EMP02080,Salary Increase,2024-02-16,+5.8%
EVT002707,EMP02084,Salary Increase,2025-06-21,+5.6%
EVT002708,EMP02085,Salary Increase,2024-03-20,+9.7%
EVT002709,EMP02085,Salary Increase,2024-10-11,+7.2%
EVT002710,EMP02086,Exit,2024-05-15,Voluntary - Compensation
EVT002711,EMP02088,Salary Increase,2025-01-15,+6.3%
EVT002712,EMP02089,Salary Increase,2024-01-13,+6.1%
EVT002713,EMP02090,Salary Increase,2024-09-27,+6.0%
EVT002714,EMP02090,Salary Increase,2023-10-16,+5.9%
EVT002715,EMP02091,Salary Increase,2023-11-22,+3.1%
EVT002716,EMP02092,Salary Increase,2024-04-07,+5.0%
EVT002717,EMP02092,Salary Increase,2023-09-09,+9.2%
EVT002718,EMP02094,Promotion,2024-09-12,Level up: 1 grade
EVT002719,EMP02096,Salary Increase,2023-12-30,+1.9%
EVT002720,EMP02097,Promotion,2025-04-17,Level up: 2 grades
EVT002721,EMP02097,Salary Increase,2024-08-01,+8.7%
EVT002722,EMP02098,Salary Increase,2023-01-18,+2.6%
EVT002723,EMP02099,Salary Increase,2023-03-08,+3.5%
EVT002724,EMP02100,Salary Increase,2024-12-28,+4.3%
EVT002725,EMP02100,Salary Increase,2023-06-23,+8.7%
EVT002726,EMP02100,Salary Increase,2023-07-26,+5.5%
EVT002727,EMP02102,Salary Increase,2025-02-16,+6.9%
EVT002728,EMP02104,Salary Increase,2024-12-26,+2.3%
EVT002729,EMP02105,Promotion,2024-12-20,Level up: 1 grade
EVT002730,EMP02106,Exit,2023-06-19,Voluntary - Better Opportunity
EVT002731,EMP02107,Salary Increase,2023-08-12,+4.4%
EVT002732,EMP02107,Salary Increase,2025-01-02,+7.9%
EVT002733,EMP02107,Salary Increase,2023-04-08,+6.4%
EVT002734,EMP02108,Salary Increase,2024-02-12,+8.3%
EVT002735,EMP02108,Salary Increase,2023-06-15,+5.3%
EVT002736,EMP02109,Salary Increase,2023-03-31,+6.5%
EVT002737,EMP02109,Salary Increase,2023-05-23,+8.7%
EVT002738,EMP02111,Promotion,2023-09-04,Level up: 2 grades
EVT002739,EMP02112,Salary Increase,2023-07-09,+4.7%
EVT002740,EMP02112,Salary Increase,2025-05-25,+3.7%
EVT002741,EMP02112,Exit,2024-11-22,Voluntary - Personal Reasons
EVT002742,EMP02113,Salary Increase,2023-11-15,+4.2%
EVT002743,EMP02113,Salary Increase,2023-08-19,+3.3%
EVT002744,EMP02114,Promotion,2024-02-16,Level up: 2 grades
EVT002745,EMP02114,Salary Increase,2025-05-19,+8.1%
EVT002746,EMP02114,Salary Increase,2023-02-07,+6.6%
EVT002747,EMP02114,Salary Increase,2025-02-20,+4.7%
EVT002748,EMP02114,Salary Increase,2025-06-06,+2.6%
EVT002749,EMP02115,Salary Increase,2025-01-29,+12.2%
EVT002750,EMP02115,Salary Increase,2025-03-12,+11.0%
EVT002751,EMP02117,Promotion,2024-09-13,Level up: 1 grade
EVT002752,EMP02118,Salary Increase,2024-10-17,+4.4%
EVT002753,EMP02118,Salary Increase,2023-06-16,+7.6%
EVT002754,EMP02118,Salary Increase,2025-04-08,+5.3%
EVT002755,EMP02120,Salary Increase,2024-10-21,+4.1%
EVT002756,EMP02121,Salary Increase,2024-07-22,+6.9%
EVT002757,EMP02121,Salary Increase,2025-03-31,+5.7%
EVT002758,EMP02121,Salary Increase,2025-05-11,+5.6%
EVT002759,EMP02122,Salary Increase,2024-01-24,+8.3%
EVT002760,EMP02122,Salary Increase,2023-10-28,+4.6%
EVT002761,EMP02123,Salary Increase,2025-04-03,+7.3%
EVT002762,EMP02124,Salary Increase,2023-01-27,+8.6%
EVT002763,EMP02124,Salary Increase,2024-06-10,+7.8%
EVT002764,EMP02126,Promotion,2024-06-16,Level up: 2 grades
EVT002765,EMP02126,Salary Increase,2024-05-02,+8.0%
EVT002766,EMP02129,Salary Increase,2023-09-12,+6.2%
EVT002767,EMP02130,Salary Increase,2024-11-27,+6.0%
EVT002768,EMP02131,Salary Increase,2023-12-10,+8.0%
EVT002769,EMP02131,Salary Increase,2023-06-12,+10.0%
EVT002770,EMP02131,Salary Increase,2023-02-26,+9.0%
EVT002771,EMP02133,Salary Increase,2025-06-27,+4.0%
EVT002772,EMP02134,Promotion,2024-08-19,Level up: 1 grade
EVT002773,EMP02134,Salary Increase,2023-01-18,+6.8%
EVT002774,EMP02134,Salary Increase,2024-10-03,+4.6%
EVT002775,EMP02135,Salary Increase,2024-05-03,+6.1%
EVT002776,EMP02137,Salary Increase,2024-10-15,+5.7%
EVT002777,EMP02141,Promotion,2024-10-25,Level up: 1 grade
EVT002778,EMP02141,Salary Increase,2025-03-07,+6.1%
EVT002779,EMP02141,Salary Increase,2024-02-02,+2.7%
EVT002780,EMP02142,Salary Increase,2024-07-23,+9.6%
EVT002781,EMP02143,Salary Increase,2024-11-08,+9.8%
EVT002782,EMP02144,Salary Increase,2023-06-27,+2.4%
EVT002783,EMP02144,Salary Increase,2025-04-11,+12.6%
EVT002784,EMP02145,Salary Increase,2023-11-07,+6.4%
EVT002785,EMP02145,Salary Increase,2023-09-12,+6.8%
EVT002786,EMP02145,Salary Increase,2025-01-09,+4.4%
EVT002787,EMP02145,Salary Increase,2024-04-08,+3.8%
EVT002788,EMP02145,Salary Increase,2025-01-20,+5.3%
EVT002789,EMP02146,Salary Increase,2024-12-09,+8.4%
EVT002790,EMP02147,Salary Increase,2023-08-25,+6.6%
EVT002791,EMP02147,Salary Increase,2024-08-06,+4.2%
EVT002792,EMP02148,Salary Increase,2023-06-14,+9.5%
EVT002793,EMP02148,Salary Increase,2024-05-09,+5.2%
EVT002794,EMP02150,Exit,2023-09-10,Involuntary - Performance
EVT002795,EMP02151,Salary Increase,2023-02-27,+7.1%
EVT002796,EMP02151,Salary Increase,2024-08-01,+5.6%
EVT002797,EMP02151,Exit,2025-05-03,Voluntary - Better Opportunity
EVT002798,EMP02152,Salary Increase,2025-05-24,+8.8%
EVT002799,EMP02153,Promotion,2025-06-10,Level up: 1 grade
EVT002800,EMP02153,Salary Increase,2024-08-18,+6.3%
EVT002801,EMP02153,Salary Increase,2024-07-22,+7.6%
EVT002802,EMP02154,Promotion,2025-01-01,Level up: 1 grade
EVT002803,EMP02154,Salary Increase,2024-09-13,+7.1%
EVT002804,EMP02156,Exit,2024-05-11,Voluntary - Better Opportunity
EVT002805,EMP02157,Promotion,2024-10-06,Level up: 1 grade
EVT002806,EMP02157,Salary Increase,2024-04-03,+9.8%
EVT002807,EMP02158,Salary Increase,2023-09-24,+10.7%
EVT002808,EMP02159,Salary Increase,2023-07-16,+6.9%
EVT002809,EMP02159,Salary Increase,2025-02-26,+0.5%
EVT002810,EMP02160,Salary Increase,2024-09-29,+5.6%
EVT002811,EMP02162,Salary Increase,2023-08-26,+8.0%
EVT002812,EMP02163,Salary Increase,2024-01-21,+9.1%
EVT002813,EMP02165,Salary Increase,2023-11-04,+7.0%
EVT002814,EMP02167,Salary Increase,2023-09-19,+1.6%
EVT002815,EMP02168,Salary Increase,2024-04-04,+6.1%
EVT002816,EMP02169,Salary Increase,2025-06-21,+6.5%
EVT002817,EMP02170,Salary Increase,2023-04-07,+5.3%
EVT002818,EMP02170,Salary Increase,2024-07-09,+5.1%
EVT002819,EMP02171,Salary Increase,2024-03-11,+3.6%
EVT002820,EMP02171,Salary Increase,2025-05-19,+12.1%
EVT002821,EMP02172,Salary Increase,2025-03-13,+2.6%
EVT002822,EMP02173,Salary Increase,2023-01-30,+7.9%
EVT002823,EMP02173,Salary Increase,2023-02-19,+5.8%
EVT002824,EMP02173,Salary Increase,2023-04-17,+1.7%
EVT002825,EMP02174,Salary Increase,2025-05-20,+3.6%
EVT002826,EMP02177,Salary Increase,2024-08-17,+2.5%
EVT002827,EMP02178,Promotion,2024-12-07,Level up: 2 grades
EVT002828,EMP02178,Salary Increase,2023-08-23,+7.7%
EVT002829,EMP02178,Salary Increase,2023-09-07,+6.3%
EVT002830,EMP02179,Salary Increase,2025-05-07,+2.8%
EVT002831,EMP02179,Salary Increase,2025-01-16,+8.2%
EVT002832,EMP02179,Salary Increase,2025-06-26,+4.5%
EVT002833,EMP02179,Salary Increase,2023-07-08,+5.9%
EVT002834,EMP02181,Salary Increase,2024-10-21,+5.1%
EVT002835,EMP02183,Promotion,2024-04-08,Level up: 1 grade
EVT002836,EMP02183,Salary Increase,2024-07-29,+7.8%
EVT002837,EMP02183,Salary Increase,2023-05-04,+6.4%
EVT002838,EMP02183,Exit,2024-02-07,Voluntary - Personal Reasons
EVT002839,EMP02184,Salary Increase,2023-10-30,+4.0%
EVT002840,EMP02184,Salary Increase,2024-04-26,+3.6%
EVT002841,EMP02185,Salary Increase,2025-04-03,+4.6%
EVT002842,EMP02185,Salary Increase,2024-11-10,+4.3%
EVT002843,EMP02185,Salary Increase,2024-06-22,+8.1%
EVT002844,EMP02185,Salary Increase,2023-10-07,+2.0%
EVT002845,EMP02187,Salary Increase,2024-09-18,+5.1%
EVT002846,EMP02188,Salary Increase,2023-11-05,+5.9%
EVT002847,EMP02188,Salary Increase,2023-08-21,+6.2%
EVT002848,EMP02188,Exit,2024-03-04,Involuntary - Restructuring
EVT002849,EMP02189,Salary Increase,2025-06-09,+5.4%
EVT002850,EMP02191,Salary Increase,2024-02-07,+3.5%
EVT002851,EMP02191,Salary Increase,2024-06-28,+9.2%
EVT002852,EMP02191,Salary Increase,2025-04-26,+1.2%
EVT002853,EMP02192,Salary Increase,2024-11-03,+8.2%
EVT002854,EMP02192,Salary Increase,2023-02-17,+8.8%
EVT002855,EMP02193,Promotion,2023-11-05,Level up: 1 grade
EVT002856,EMP02194,Salary Increase,2023-08-02,+8.6%
EVT002857,EMP02194,Exit,2025-02-16,Voluntary - Career Growth
EVT002858,EMP02196,Salary Increase,2023-08-14,+5.9%
EVT002859,EMP02199,Salary Increase,2025-02-08,+4.2%
EVT002860,EMP02200,Promotion,2023-08-10,Level up: 2 grades
EVT002861,EMP02201,Promotion,2024-09-02,Level up: 1 grade
EVT002862,EMP02201,Salary Increase,2025-02-10,+3.8%
EVT002863,EMP02201,Salary Increase,2023-12-27,+9.0%
EVT002864,EMP02202,Promotion,2025-03-18,Level up: 1 grade
EVT002865,EMP02202,Salary Increase,2023-07-19,+4.1%
EVT002866,EMP02203,Exit,2023-11-07,Voluntary - Career Growth
EVT002867,EMP02204,Salary Increase,2023-02-08,+6.0%
EVT002868,EMP02205,Salary Increase,2025-03-29,+7.8%
EVT002869,EMP02206,Salary Increase,2023-03-12,+14.1%
EVT002870,EMP02206,Salary Increase,2025-03-22,+7.4%
EVT002871,EMP02206,Salary Increase,2025-06-02,+4.9%
EVT002872,EMP02206,Salary Increase,2024-08-11,+6.7%
EVT002873,EMP02207,Salary Increase,2024-10-15,+3.5%
EVT002874,EMP02207,Exit,2025-06-16,Voluntary - Personal Reasons
EVT002875,EMP02208,Salary Increase,2024-10-06,+5.6%
EVT002876,EMP02208,Exit,2025-03-27,Voluntary - Personal Reasons
EVT002877,EMP02210,Salary Increase,2023-09-06,+11.4%
EVT002878,EMP02210,Salary Increase,2025-06-17,+6.0%
EVT002879,EMP02211,Salary Increase,2024-05-08,+5.6%
EVT002880,EMP02212,Salary Increase,2023-07-09,+8.2%
EVT002881,EMP02212,Salary Increase,2024-06-10,+8.1%
EVT002882,EMP02213,Promotion,2024-06-25,Level up: 1 grade
EVT002883,EMP02215,Promotion,2024-07-06,Level up: 2 grades
EVT002884,EMP02215,Salary Increase,2024-04-02,+8.8%
EVT002885,EMP02216,Salary Increase,2024-01-09,+2.9%
EVT002886,EMP02216,Salary Increase,2025-05-04,+8.0%
EVT002887,EMP02216,Salary Increase,2024-01-13,+7.5%
EVT002888,EMP02217,Salary Increase,2025-06-20,+6.1%
EVT002889,EMP02217,Salary Increase,2024-04-07,+6.4%
EVT002890,EMP02218,Salary Increase,2023-08-08,+1.6%
EVT002891,EMP02220,Salary Increase,2023-08-09,+4.3%
EVT002892,EMP02220,Salary Increase,2023-02-18,+3.7%
EVT002893,EMP02222,Salary Increase,2024-10-30,+5.1%
EVT002894,EMP02222,Salary Increase,2024-06-08,+2.7%
EVT002895,EMP02223,Promotion,2025-01-01,Level up: 2 grades
EVT002896,EMP02223,Salary Increase,2023-04-15,+4.8%
EVT002897,EMP02226,Salary Increase,2023-02-18,+6.4%
EVT002898,EMP02227,Promotion,2024-06-25,Level up: 1 grade
EVT002899,EMP02227,Salary Increase,2024-01-27,+7.7%
EVT002900,EMP02228,Exit,2023-11-22,Voluntary - Personal Reasons
EVT002901,EMP02230,Salary Increase,2023-11-03,+5.0%
EVT002902,EMP02230,Salary Increase,2024-08-08,+6.9%
EVT002903,EMP02231,Salary Increase,2024-10-27,+10.5%
EVT002904,EMP02233,Salary Increase,2024-09-30,+5.3%
EVT002905,EMP02233,Salary Increase,2025-03-21,+6.2%
EVT002906,EMP02233,Salary Increase,2024-06-15,+6.2%
EVT002907,EMP02235,Salary Increase,2025-03-24,+1.0%
EVT002908,EMP02236,Salary Increase,2025-01-22,+7.6%
EVT002909,EMP02236,Salary Increase,2024-12-20,+2.6%
EVT002910,EMP02237,Salary Increase,2023-06-13,+6.9%
EVT002911,EMP02238,Salary Increase,2025-04-14,+5.1%
EVT002912,EMP02240,Salary Increase,2024-05-04,+7.9%
EVT002913,EMP02240,Salary Increase,2024-11-03,+7.9%
EVT002914,EMP02240,Salary Increase,2024-07-02,+1.3%
EVT002915,EMP02241,Salary Increase,2023-03-05,+0.7%
EVT002916,EMP02243,Salary Increase,2024-05-14,+8.0%
EVT002917,EMP02244,Salary Increase,2023-07-21,+4.8%
EVT002918,EMP02244,Salary Increase,2024-04-03,+0.5%
EVT002919,EMP02246,Promotion,2024-02-16,Level up: 1 grade
EVT002920,EMP02247,Salary Increase,2024-01-19,+4.6%
EVT002921,EMP02248,Salary Increase,2024-10-29,+5.0%
EVT002922,EMP02248,Salary Increase,2025-01-18,+1.3%
EVT002923,EMP02249,Promotion,2025-02-19,Level up: 2 grades
EVT002924,EMP02249,Salary Increase,2023-07-20,+6.0%
EVT002925,EMP02250,Salary Increase,2024-03-23,+6.0%
EVT002926,EMP02251,Salary Increase,2025-02-16,+7.6%
EVT002927,EMP02252,Promotion,2024-08-01,Level up: 2 grades
EVT002928,EMP02252,Salary Increase,2025-06-09,+0.5%
EVT002929,EMP02252,Salary Increase,2025-02-04,+8.0%
EVT002930,EMP02253,Promotion,2025-05-01,Level up: 2 grades
EVT002931,EMP02253,Salary Increase,2024-05-19,+7.5%
EVT002932,EMP02255,Promotion,2025-01-19,Level up: 1 grade
EVT002933,EMP02255,Salary Increase,2023-01-13,+6.1%
EVT002934,EMP02256,Salary Increase,2025-04-17,+4.3%
EVT002935,EMP02259,Exit,2025-02-10,Voluntary - Career Growth
EVT002936,EMP02260,Salary Increase,2023-10-13,+7.5%
EVT002937,EMP02260,Salary Increase,2023-06-24,+8.9%
EVT002938,EMP02262,Promotion,2025-05-08,Level up: 2 grades
EVT002939,EMP02262,Salary Increase,2024-10-24,+1.8%
EVT002940,EMP02263,Salary Increase,2025-01-03,+7.2%
EVT002941,EMP02264,Salary Increase,2025-01-09,+5.7%
EVT002942,EMP02264,Salary Increase,2024-11-29,+4.3%
EVT002943,EMP02264,Salary Increase,2024-09-26,+0.5%
EVT002944,EMP02264,Salary Increase,2024-11-17,+5.5%
EVT002945,EMP02265,Promotion,2025-04-09,Level up: 1 grade
EVT002946,EMP02265,Salary Increase,2024-04-02,+10.0%
EVT002947,EMP02266,Salary Increase,2024-01-16,+8.0%
EVT002948,EMP02267,Salary Increase,2023-10-04,+4.0%
EVT002949,EMP02268,Salary Increase,2025-03-01,+0.5%
EVT002950,EMP02268,Salary Increase,2024-07-10,+5.3%
EVT002951,EMP02269,Promotion,2025-02-17,Level up: 1 grade
EVT002952,EMP02270,Salary Increase,2025-06-19,+6.5%
EVT002953,EMP02273,Promotion,2024-09-22,Level up: 1 grade
EVT002954,EMP02273,Salary Increase,2023-10-17,+8.5%
EVT002955,EMP02273,Salary Increase,2023-02-13,+7.0%
EVT002956,EMP02274,Salary Increase,2024-06-10,+0.5%
EVT002957,EMP02275,Salary Increase,2023-12-29,+7.5%
EVT002958,EMP02275,Salary Increase,2024-06-05,+8.3%
EVT002959,EMP02276,Salary Increase,2024-11-29,+8.1%
EVT002960,EMP02276,Salary Increase,2023-12-18,+6.9%
EVT002961,EMP02277,Salary Increase,2023-08-19,+8.0%
EVT002962,EMP02278,Salary Increase,2024-12-18,+6.4%
EVT002963,EMP02278,Salary Increase,2024-06-06,+10.3%
EVT002964,EMP02279,Salary Increase,2023-07-28,+6.9%
EVT002965,EMP02280,Salary Increase,2024-02-20,+11.2%
EVT002966,EMP02280,Salary Increase,2023-01-07,+5.4%
EVT002967,EMP02280,Salary Increase,2024-08-26,+5.5%
EVT002968,EMP02280,Salary Increase,2024-06-03,+6.5%
EVT002969,EMP02281,Promotion,2023-11-23,Level up: 1 grade
EVT002970,EMP02282,Salary Increase,2023-06-06,+6.6%
EVT002971,EMP02282,Salary Increase,2025-01-12,+6.7%
EVT002972,EMP02283,Salary Increase,2023-03-16,+4.2%
EVT002973,EMP02284,Salary Increase,2023-06-21,+6.1%
EVT002974,EMP02284,Salary Increase,2023-12-14,+2.3%
EVT002975,EMP02285,Promotion,2023-12-12,Level up: 1 grade
EVT002976,EMP02285,Salary Increase,2024-08-09,+8.0%
EVT002977,EMP02286,Promotion,2023-12-10,Level up: 1 grade
EVT002978,EMP02286,Salary Increase,2024-08-08,+6.7%
EVT002979,EMP02286,Salary Increase,2023-02-28,+3.7%
EVT002980,EMP02286,Salary Increase,2023-05-30,+8.2%
EVT002981,EMP02286,Salary Increase,2024-10-27,+7.3%
EVT002982,EMP02286,Salary Increase,2025-04-28,+5.0%
EVT002983,EMP02287,Promotion,2023-08-31,Level up: 1 grade
EVT002984,EMP02287,Salary Increase,2024-07-14,+7.8%
EVT002985,EMP02287,Salary Increase,2024-07-24,+9.5%
EVT002986,EMP02287,Salary Increase,2024-07-23,+8.4%
EVT002987,EMP02288,Promotion,2025-02-13,Level up: 1 grade
EVT002988,EMP02288,Salary Increase,2023-12-18,+4.5%
EVT002989,EMP02288,Salary Increase,2024-04-11,+5.3%
EVT002990,EMP02288,Salary Increase,2023-05-04,+9.9%
EVT002991,EMP02290,Salary Increase,2023-01-30,+6.1%
EVT002992,EMP02293,Salary Increase,2023-09-15,+5.9%
EVT002993,EMP02293,Salary Increase,2025-04-09,+9.9%
EVT002994,EMP02294,Salary Increase,2023-04-12,+10.0%
EVT002995,EMP02295,Salary Increase,2023-11-18,+8.1%
EVT002996,EMP02295,Salary Increase,2024-05-24,+7.8%
EVT002997,EMP02296,Promotion,2024-06-15,Level up: 2 grades
EVT002998,EMP02296,Salary Increase,2023-04-03,+0.5%
EVT002999,EMP02297,Salary Increase,2024-07-04,+7.7%
EVT003000,EMP02297,Salary Increase,2024-10-10,+4.7%
EVT003001,EMP02298,Salary Increase,2024-07-22,+8.4%
EVT003002,EMP02298,Salary Increase,2023-12-17,+3.3%
EVT003003,EMP02301,Salary Increase,2024-08-18,+7.6%
EVT003004,EMP02301,Salary Increase,2025-03-17,+4.3%
EVT003005,EMP02302,Salary Increase,2025-01-22,+7.8%
EVT003006,EMP02302,Salary Increase,2023-02-03,+8.1%
EVT003007,EMP02303,Salary Increase,2023-11-14,+5.0%
EVT003008,EMP02304,Salary Increase,2024-06-19,+7.4%
EVT003009,EMP02304,Salary Increase,2023-10-28,+3.5%
EVT003010,EMP02305,Salary Increase,2024-10-31,+8.0%
EVT003011,EMP02305,Salary Increase,2023-08-20,+4.3%
EVT003012,EMP02306,Salary Increase,2024-08-16,+7.2%
EVT003013,EMP02307,Salary Increase,2024-04-06,+7.3%
EVT003014,EMP02308,Salary Increase,2025-05-16,+3.4%
EVT003015,EMP02308,Salary Increase,2025-01-04,+2.0%
EVT003016,EMP02308,Salary Increase,2023-06-17,+7.4%
EVT003017,EMP02309,Salary Increase,2024-06-05,+4.9%
EVT003018,EMP02309,Salary Increase,2023-07-03,+5.3%
EVT003019,EMP02310,Promotion,2023-08-16,Level up: 2 grades
EVT003020,EMP02310,Salary Increase,2023-03-24,+6.1%
EVT003021,EMP02310,Salary Increase,2023-07-14,+4.9%
EVT003022,EMP02310,Exit,2023-09-17,Voluntary - Better Opportunity
EVT003023,EMP02311,Salary Increase,2024-03-10,+1.7%
EVT003024,EMP02312,Salary Increase,2023-08-30,+4.2%
EVT003025,EMP02312,Salary Increase,2023-07-18,+6.1%
EVT003026,EMP02312,Salary Increase,2023-06-25,+4.8%
EVT003027,EMP02313,Promotion,2024-01-12,Level up: 2 grades
EVT003028,EMP02313,Salary Increase,2024-05-04,+7.7%
EVT003029,EMP02314,Salary Increase,2023-05-01,+2.9%
EVT003030,EMP02314,Salary Increase,2023-10-06,+8.5%
EVT003031,EMP02315,Salary Increase,2025-05-30,+7.7%
EVT003032,EMP02316,Salary Increase,2025-04-15,+4.9%
EVT003033,EMP02316,Salary Increase,2023-12-24,+12.3%
EVT003034,EMP02317,Salary Increase,2024-07-05,+6.9%
EVT003035,EMP02317,Exit,2024-08-09,Voluntary - Compensation
EVT003036,EMP02318,Salary Increase,2025-01-03,+3.6%
EVT003037,EMP02320,Salary Increase,2023-08-11,+5.7%
EVT003038,EMP02322,Salary Increase,2023-05-11,+5.8%
EVT003039,EMP02323,Salary Increase,2023-01-09,+7.6%
EVT003040,EMP02323,Salary Increase,2024-11-27,+4.7%
EVT003041,EMP02324,Promotion,2023-12-05,Level up: 1 grade
EVT003042,EMP02324,Salary Increase,2025-02-20,+7.6%
EVT003043,EMP02325,Salary Increase,2024-10-22,+5.8%
EVT003044,EMP02325,Salary Increase,2024-07-21,+5.2%
EVT003045,EMP02326,Salary Increase,2023-08-16,+4.3%
EVT003046,EMP02327,Salary Increase,2025-01-17,+6.3%
EVT003047,EMP02328,Salary Increase,2024-02-28,+4.9%
EVT003048,EMP02329,Salary Increase,2025-05-27,+5.7%
EVT003049,EMP02329,Salary Increase,2025-04-18,+8.1%
EVT003050,EMP02329,Salary Increase,2023-11-09,+4.1%
EVT003051,EMP02330,Promotion,2024-04-23,Level up: 2 grades
EVT003052,EMP02331,Salary Increase,2023-01-10,+4.2%
EVT003053,EMP02332,Promotion,2024-07-22,Level up: 2 grades
EVT003054,EMP02333,Salary Increase,2024-01-24,+2.9%
EVT003055,EMP02334,Promotion,2024-04-07,Level up: 1 grade
EVT003056,EMP02335,Salary Increase,2023-05-23,+4.3%
EVT003057,EMP02336,Promotion,2024-04-01,Level up: 1 grade
EVT003058,EMP02336,Salary Increase,2023-07-05,+5.0%
EVT003059,EMP02336,Salary Increase,2024-01-17,+6.9%
EVT003060,EMP02338,Salary Increase,2024-09-22,+11.8%
EVT003061,EMP02338,Salary Increase,2023-09-03,+9.9%
EVT003062,EMP02339,Promotion,2025-06-22,Level up: 1 grade
EVT003063,EMP02339,Salary Increase,2025-03-19,+6.4%
EVT003064,EMP02339,Salary Increase,2024-01-29,+3.3%
EVT003065,EMP02340,Salary Increase,2023-08-18,+10.5%
EVT003066,EMP02342,Salary Increase,2025-05-17,+7.1%
EVT003067,EMP02343,Salary Increase,2024-05-29,+8.5%
EVT003068,EMP02343,Salary Increase,2023-11-18,+3.3%
EVT003069,EMP02344,Promotion,2025-03-13,Level up: 2 grades
EVT003070,EMP02345,Salary Increase,2025-03-05,+7.4%
EVT003071,EMP02345,Salary Increase,2024-07-30,+12.0%
EVT003072,EMP02345,Salary Increase,2024-06-28,+10.8%
EVT003073,EMP02345,Exit,2024-11-08,Voluntary - Compensation
EVT003074,EMP02346,Salary Increase,2023-03-11,+5.5%
EVT003075,EMP02346,Salary Increase,2023-10-31,+5.5%
EVT003076,EMP02347,Salary Increase,2023-08-19,+3.5%
EVT003077,EMP02348,Promotion,2024-09-08,Level up: 1 grade
EVT003078,EMP02349,Salary Increase,2024-09-20,+3.5%
EVT003079,EMP02349,Salary Increase,2025-05-24,+9.5%
EVT003080,EMP02349,Exit,2023-07-26,Involuntary - Performance
EVT003081,EMP02350,Salary Increase,2023-03-03,+3.9%
EVT003082,EMP02352,Promotion,2024-11-29,Level up: 1 grade
EVT003083,EMP02352,Salary Increase,2023-01-17,+12.8%
EVT003084,EMP02352,Salary Increase,2024-07-27,+4.9%
EVT003085,EMP02352,Salary Increase,2023-09-08,+7.8%
EVT003086,EMP02353,Promotion,2024-01-24,Level up: 1 grade
EVT003087,EMP02354,Promotion,2024-10-24,Level up: 2 grades
EVT003088,EMP02354,Salary Increase,2023-03-30,+5.6%
EVT003089,EMP02355,Salary Increase,2023-01-29,+1.2%
EVT003090,EMP02355,Salary Increase,2025-05-11,+8.3%
EVT003091,EMP02357,Promotion,2025-03-03,Level up: 1 grade
EVT003092,EMP02358,Promotion,2024-12-09,Level up: 2 grades
EVT003093,EMP02358,Salary Increase,2024-11-17,+6.3%
EVT003094,EMP02359,Salary Increase,2023-10-03,+8.3%
EVT003095,EMP02359,Salary Increase,2024-04-17,+4.0%
EVT003096,EMP02359,Salary Increase,2023-04-01,+5.5%
EVT003097,EMP02360,Salary Increase,2024-11-04,+8.6%
EVT003098,EMP02361,Promotion,2024-11-20,Level up: 2 grades
EVT003099,EMP02361,Salary Increase,2023-06-22,+5.0%
EVT003100,EMP02361,Salary Increase,2025-02-18,+4.8%
EVT003101,EMP02365,Promotion,2024-11-30,Level up: 2 grades
EVT003102,EMP02365,Salary Increase,2024-01-17,+4.3%
EVT003103,EMP02366,Salary Increase,2024-01-06,+8.2%
EVT003104,EMP02366,Salary Increase,2023-05-26,+4.0%
EVT003105,EMP02367,Salary Increase,2023-03-20,+2.9%
EVT003106,EMP02368,Salary Increase,2025-03-03,+5.8%
EVT003107,EMP02369,Salary Increase,2024-07-28,+6.9%
EVT003108,EMP02370,Salary Increase,2024-01-01,+8.7%
EVT003109,EMP02371,Promotion,2024-09-20,Level up: 1 grade
EVT003110,EMP02372,Salary Increase,2024-04-16,+3.0%
EVT003111,EMP02372,Salary Increase,2024-10-24,+4.8%
EVT003112,EMP02372,Salary Increase,2024-10-27,+5.5%
EVT003113,EMP02372,Salary Increase,2025-06-24,+4.7%
EVT003114,EMP02374,Salary Increase,2023-10-03,+7.8%
EVT003115,EMP02374,Salary Increase,2025-05-29,+5.7%
EVT003116,EMP02375,Salary Increase,2024-01-19,+5.0%
EVT003117,EMP02376,Promotion,2023-09-04,Level up: 1 grade
EVT003118,EMP02377,Salary Increase,2023-07-07,+0.5%
EVT003119,EMP02378,Salary Increase,2023-01-10,+6.1%
EVT003120,EMP02380,Salary Increase,2024-03-03,+5.3%
EVT003121,EMP02381,Salary Increase,2025-05-20,+4.2%
EVT003122,EMP02382,Salary Increase,2023-03-24,+5.5%
EVT003123,EMP02382,Salary Increase,2023-12-03,+4.5%
EVT003124,EMP02384,Salary Increase,2024-06-02,+6.0%
EVT003125,EMP02384,Salary Increase,2023-07-29,+2.6%
EVT003126,EMP02384,Salary Increase,2023-01-12,+10.1%
EVT003127,EMP02385,Salary Increase,2024-04-28,+5.7%
EVT003128,EMP02385,Salary Increase,2024-05-02,+7.6%
EVT003129,EMP02386,Promotion,2025-06-30,Level up: 1 grade
EVT003130,EMP02386,Salary Increase,2024-07-22,+11.6%
EVT003131,EMP02386,Salary Increase,2025-04-22,+2.2%
EVT003132,EMP02386,Salary Increase,2023-03-06,+6.6%
EVT003133,EMP02387,Salary Increase,2024-11-21,+8.4%
EVT003134,EMP02387,Salary Increase,2023-12-15,+8.8%
EVT003135,EMP02388,Salary Increase,2023-11-02,+7.4%
EVT003136,EMP02389,Salary Increase,2024-02-19,+7.9%
EVT003137,EMP02389,Salary Increase,2023-09-13,+5.1%
EVT003138,EMP02390,Promotion,2024-04-07,Level up: 1 grade
EVT003139,EMP02393,Salary Increase,2024-12-31,+9.3%
EVT003140,EMP02394,Salary Increase,2023-02-12,+6.6%
EVT003141,EMP02395,Salary Increase,2024-09-04,+7.6%
EVT003142,EMP02395,Salary Increase,2024-06-24,+4.2%
EVT003143,EMP02396,Promotion,2025-06-02,Level up: 1 grade
EVT003144,EMP02396,Salary Increase,2023-04-24,+4.5%
EVT003145,EMP02399,Salary Increase,2024-08-08,+4.0%
EVT003146,EMP02399,Salary Increase,2025-02-08,+12.3%
EVT003147,EMP02400,Salary Increase,2023-01-10,+3.6%
EVT003148,EMP02400,Salary Increase,2024-09-12,+10.3%
EVT003149,EMP02401,Promotion,2023-11-10,Level up: 2 grades
EVT003150,EMP02401,Salary Increase,2024-03-14,+5.2%
EVT003151,EMP02401,Salary Increase,2025-06-08,+6.2%
EVT003152,EMP02401,Salary Increase,2025-02-09,+8.8%
EVT003153,EMP02403,Salary Increase,2023-01-03,+7.5%
EVT003154,EMP02405,Exit,2025-05-22,Voluntary - Compensation
EVT003155,EMP02407,Salary Increase,2023-02-25,+6.0%
EVT003156,EMP02407,Salary Increase,2025-03-26,+6.7%
EVT003157,EMP02408,Salary Increase,2025-01-22,+9.4%
EVT003158,EMP02409,Salary Increase,2024-08-20,+4.8%
EVT003159,EMP02409,Salary Increase,2023-10-18,+6.4%
EVT003160,EMP02410,Salary Increase,2025-02-13,+6.2%
EVT003161,EMP02412,Salary Increase,2023-12-15,+6.8%
EVT003162,EMP02413,Salary Increase,2024-02-11,+3.5%
EVT003163,EMP02414,Salary Increase,2025-05-20,+7.0%
EVT003164,EMP02416,Salary Increase,2024-07-06,+8.6%
EVT003165,EMP02417,Salary Increase,2024-05-22,+9.2%
EVT003166,EMP02418,Promotion,2025-01-24,Level up: 1 grade
EVT003167,EMP02418,Salary Increase,2025-01-09,+7.6%
EVT003168,EMP02419,Salary Increase,2023-04-21,+8.2%
EVT003169,EMP02423,Exit,2023-05-23,Voluntary - Career Growth
EVT003170,EMP02425,Salary Increase,2023-12-06,+3.2%
EVT003171,EMP02425,Salary Increase,2024-04-28,+1.6%
EVT003172,EMP02427,Salary Increase,2025-04-23,+0.5%
EVT003173,EMP02427,Salary Increase,2023-12-31,+10.0%
EVT003174,EMP02428,Salary Increase,2023-02-03,+7.2%
EVT003175,EMP02428,Salary Increase,2024-10-28,+7.6%
EVT003176,EMP02429,Salary Increase,2023-09-18,+0.5%
EVT003177,EMP02430,Salary Increase,2024-07-26,+1.2%
EVT003178,EMP02430,Salary Increase,2023-10-23,+7.7%
EVT003179,EMP02433,Salary Increase,2024-04-09,+4.7%
EVT003180,EMP02436,Promotion,2023-11-19,Level up: 1 grade
EVT003181,EMP02438,Salary Increase,2025-03-06,+8.3%
EVT003182,EMP02439,Salary Increase,2025-05-19,+5.9%
EVT003183,EMP02440,Salary Increase,2024-12-04,+5.7%
EVT003184,EMP02441,Exit,2024-03-20,Involuntary - Performance
EVT003185,EMP02443,Salary Increase,2025-05-10,+6.1%
EVT003186,EMP02444,Salary Increase,2024-08-22,+3.7%
EVT003187,EMP02444,Salary Increase,2024-08-18,+6.9%
EVT003188,EMP02444,Salary Increase,2024-02-16,+2.7%
EVT003189,EMP02445,Salary Increase,2024-06-18,+5.2%
EVT003190,EMP02446,Salary Increase,2025-02-18,+7.8%
EVT003191,EMP02446,Salary Increase,2025-02-14,+7.8%
EVT003192,EMP02447,Salary Increase,2023-04-05,+4.3%
EVT003193,EMP02447,Exit,2024-01-23,Voluntary - Better Opportunity
EVT003194,EMP02449,Salary Increase,2023-02-15,+4.7%
EVT003195,EMP02450,Salary Increase,2023-01-06,+4.1%
EVT003196,EMP02451,Salary Increase,2024-10-18,+3.9%
EVT003197,EMP02451,Salary Increase,2024-07-30,+4.3%
EVT003198,EMP02451,Salary Increase,2023-10-02,+11.2%
EVT003199,EMP02451,Salary Increase,2025-02-18,+8.4%
EVT003200,EMP02451,Salary Increase,2024-10-09,+8.6%
EVT003201,EMP02453,Salary Increase,2023-04-24,+9.1%
EVT003202,EMP02454,Salary Increase,2023-07-28,+5.2%
EVT003203,EMP02456,Salary Increase,2023-02-08,+7.2%
EVT003204,EMP02456,Salary Increase,2024-06-08,+7.4%
EVT003205,EMP02456,Salary Increase,2025-05-23,+7.0%
EVT003206,EMP02457,Salary Increase,2023-11-29,+3.6%
EVT003207,EMP02457,Salary Increase,2024-08-25,+6.3%
EVT003208,EMP02457,Salary Increase,2023-06-30,+6.0%
EVT003209,EMP02459,Salary Increase,2023-08-08,+5.6%
EVT003210,EMP02462,Salary Increase,2023-12-06,+3.2%
EVT003211,EMP02462,Salary Increase,2025-05-20,+10.2%
EVT003212,EMP02462,Salary Increase,2024-11-15,+4.6%
EVT003213,EMP02462,Salary Increase,2023-06-06,+6.1%
EVT003214,EMP02462,Salary Increase,2025-05-30,+3.7%
EVT003215,EMP02464,Salary Increase,2023-03-12,+4.8%
EVT003216,EMP02465,Salary Increase,2023-03-29,+3.4%
EVT003217,EMP02466,Salary Increase,2024-03-10,+3.5%
EVT003218,EMP02466,Salary Increase,2023-12-01,+2.3%
EVT003219,EMP02466,Salary Increase,2023-02-24,+6.4%
EVT003220,EMP02467,Promotion,2024-04-29,Level up: 2 grades
EVT003221,EMP02467,Salary Increase,2024-06-18,+7.3%
EVT003222,EMP02467,Salary Increase,2023-10-17,+5.9%
EVT003223,EMP02468,Salary Increase,2024-04-17,+7.9%
EVT003224,EMP02469,Salary Increase,2024-12-25,+8.8%
EVT003225,EMP02470,Salary Increase,2023-08-26,+3.5%
EVT003226,EMP02470,Salary Increase,2023-04-19,+9.8%
EVT003227,EMP02471,Promotion,2025-04-04,Level up: 2 grades
EVT003228,EMP02471,Salary Increase,2025-04-03,+9.4%
EVT003229,EMP02472,Exit,2023-07-07,Voluntary - Better Opportunity
EVT003230,EMP02474,Salary Increase,2025-03-06,+7.8%
EVT003231,EMP02475,Salary Increase,2023-04-06,+4.4%
EVT003232,EMP02475,Salary Increase,2024-07-08,+5.2%
EVT003233,EMP02478,Salary Increase,2024-11-04,+7.8%
EVT003234,EMP02478,Salary Increase,2025-04-29,+3.3%
EVT003235,EMP02479,Promotion,2025-04-06,Level up: 1 grade
EVT003236,EMP02479,Salary Increase,2023-11-01,+4.5%
EVT003237,EMP02480,Salary Increase,2023-04-03,+6.5%
EVT003238,EMP02481,Salary Increase,2023-12-10,+1.0%
EVT003239,EMP02483,Salary Increase,2023-02-25,+7.7%
EVT003240,EMP02483,Salary Increase,2024-11-21,+1.7%
EVT003241,EMP02483,Salary Increase,2023-11-26,+6.8%
EVT003242,EMP02485,Salary Increase,2023-01-22,+7.5%
EVT003243,EMP02486,Salary Increase,2025-02-11,+6.1%
EVT003244,EMP02487,Salary Increase,2025-02-16,+4.3%
EVT003245,EMP02488,Salary Increase,2024-07-25,+0.5%
EVT003246,EMP02489,Salary Increase,2024-08-08,+2.6%
EVT003247,EMP02489,Exit,2023-09-30,Voluntary - Personal Reasons
EVT003248,EMP02490,Promotion,2024-10-17,Level up: 1 grade
EVT003249,EMP02490,Salary Increase,2024-03-13,+12.5%
EVT003250,EMP02491,Salary Increase,2023-01-13,+4.9%
EVT003251,EMP02491,Salary Increase,2025-06-16,+3.4%
EVT003252,EMP02491,Salary Increase,2025-04-29,+1.4%
EVT003253,EMP02494,Salary Increase,2024-02-27,+9.3%
EVT003254,EMP02494,Salary Increase,2024-03-28,+11.9%
EVT003255,EMP02494,Salary Increase,2024-02-27,+8.1%
EVT003256,EMP02495,Promotion,2025-05-05,Level up: 2 grades
EVT003257,EMP02495,Salary Increase,2023-05-28,+6.2%
EVT003258,EMP02497,Promotion,2023-08-03,Level up: 2 grades
EVT003259,EMP02497,Salary Increase,2025-05-04,+1.6%
EVT003260,EMP02498,Salary Increase,2024-01-29,+2.8%
EVT003261,EMP02499,Salary Increase,2023-11-27,+5.2%
EVT003262,EMP02500,Salary Increase,2024-01-17,+4.4%
EVT003263,EMP02501,Salary Increase,2024-10-28,+2.1%
EVT003264,EMP02502,Salary Increase,2025-06-13,+2.7%
EVT003265,EMP02503,Promotion,2024-09-26,Level up: 2 grades
EVT003266,EMP02503,Salary Increase,2025-05-24,+3.6%
EVT003267,EMP02503,Salary Increase,2023-07-26,+6.6%
EVT003268,EMP02503,Salary Increase,2025-06-24,+13.5%
EVT003269,EMP02504,Salary Increase,2025-01-05,+2.5%
EVT003270,EMP02504,Salary Increase,2023-11-20,+10.4%
EVT003271,EMP02504,Salary Increase,2024-07-22,+6.8%
EVT003272,EMP02505,Salary Increase,2024-03-04,+5.5%
EVT003273,EMP02508,Salary Increase,2025-06-16,+7.6%
EVT003274,EMP02508,Salary Increase,2025-05-30,+6.9%
EVT003275,EMP02509,Salary Increase,2023-02-20,+9.6%
EVT003276,EMP02511,Promotion,2025-04-03,Level up: 1 grade
EVT003277,EMP02511,Salary Increase,2024-03-12,+7.4%
EVT003278,EMP02511,Salary Increase,2024-01-20,+3.6%
EVT003279,EMP02512,Salary Increase,2025-03-31,+3.4%
EVT003280,EMP02512,Salary Increase,2023-02-16,+1.6%
EVT003281,EMP02513,Promotion,2024-07-10,Level up: 2 grades
EVT003282,EMP02513,Salary Increase,2024-01-10,+5.9%
EVT003283,EMP02514,Salary Increase,2023-09-22,+3.2%
EVT003284,EMP02516,Promotion,2025-05-31,Level up: 2 grades
EVT003285,EMP02516,Salary Increase,2025-04-04,+2.3%
EVT003286,EMP02517,Salary Increase,2023-01-01,+8.4%
EVT003287,EMP02517,Salary Increase,2023-02-08,+4.4%
EVT003288,EMP02517,Salary Increase,2024-01-29,+0.5%
EVT003289,EMP02519,Promotion,2024-08-28,Level up: 1 grade
EVT003290,EMP02519,Salary Increase,2023-09-01,+9.3%
EVT003291,EMP02519,Exit,2023-08-25,Voluntary - Career Growth
EVT003292,EMP02520,Promotion,2024-04-07,Level up: 1 grade
EVT003293,EMP02520,Salary Increase,2023-08-23,+2.8%
EVT003294,EMP02521,Promotion,2024-02-25,Level up: 2 grades
EVT003295,EMP02521,Salary Increase,2024-11-18,+3.5%
EVT003296,EMP02522,Salary Increase,2024-09-15,+7.5%
EVT003297,EMP02525,Promotion,2025-01-27,Level up: 1 grade
EVT003298,EMP02526,Salary Increase,2023-01-20,+5.7%
EVT003299,EMP02526,Salary Increase,2023-08-01,+2.9%
EVT003300,EMP02526,Salary Increase,2023-02-23,+0.8%
EVT003301,EMP02526,Salary Increase,2023-12-07,+3.3%
EVT003302,EMP02526,Salary Increase,2024-06-24,+6.5%
EVT003303,EMP02526,Salary Increase,2024-01-27,+7.2%
EVT003304,EMP02528,Salary Increase,2024-03-12,+9.2%
EVT003305,EMP02528,Salary Increase,2024-10-29,+4.8%
EVT003306,EMP02529,Promotion,2025-01-15,Level up: 1 grade
EVT003307,EMP02529,Salary Increase,2025-04-12,+5.4%
EVT003308,EMP02529,Salary Increase,2023-02-23,+5.2%
EVT003309,EMP02531,Salary Increase,2024-10-05,+6.6%
EVT003310,EMP02533,Salary Increase,2023-09-10,+7.4%
EVT003311,EMP02535,Salary Increase,2023-09-30,+2.8%
EVT003312,EMP02535,Salary Increase,2023-08-21,+6.9%
EVT003313,EMP02537,Salary Increase,2023-12-22,+7.1%
EVT003314,EMP02539,Promotion,2024-08-14,Level up: 1 grade
EVT003315,EMP02540,Salary Increase,2024-08-18,+0.8%
EVT003316,EMP02540,Salary Increase,2024-03-06,+7.1%
EVT003317,EMP02542,Salary Increase,2023-05-12,+3.7%
EVT003318,EMP02544,Salary Increase,2025-03-05,+7.7%
EVT003319,EMP02544,Salary Increase,2024-04-18,+11.0%
EVT003320,EMP02545,Salary Increase,2024-12-05,+4.9%
EVT003321,EMP02546,Promotion,2024-06-29,Level up: 1 grade
EVT003322,EMP02546,Salary Increase,2025-04-12,+3.4%
EVT003323,EMP02550,Promotion,2025-03-27,Level up: 1 grade
EVT003324,EMP02550,Salary Increase,2023-10-26,+6.3%
EVT003325,EMP02551,Promotion,2023-07-25,Level up: 1 grade
EVT003326,EMP02551,Salary Increase,2024-02-26,+3.7%
EVT003327,EMP02552,Salary Increase,2024-01-19,+6.5%
EVT003328,EMP02552,Salary Increase,2025-03-22,+9.4%
EVT003329,EMP02554,Salary Increase,2024-06-28,+8.4%
EVT003330,EMP02554,Salary Increase,2023-01-07,+9.0%
EVT003331,EMP02555,Salary Increase,2023-10-18,+4.6%
EVT003332,EMP02555,Salary Increase,2024-10-22,+0.5%
EVT003333,EMP02556,Salary Increase,2023-12-26,+7.9%
EVT003334,EMP02557,Salary Increase,2023-10-29,+5.2%
EVT003335,EMP02558,Salary Increase,2024-07-02,+3.7%
EVT003336,EMP02558,Salary Increase,2024-04-03,+7.1%
EVT003337,EMP02558,Salary Increase,2024-10-01,+9.5%
EVT003338,EMP02558,Salary Increase,2025-05-14,+6.1%
EVT003339,EMP02559,Salary Increase,2023-09-19,+8.6%
EVT003340,EMP02560,Salary Increase,2024-04-07,+9.1%
EVT003341,EMP02560,Salary Increase,2024-03-28,+5.2%
EVT003342,EMP02561,Promotion,2025-04-18,Level up: 1 grade
EVT003343,EMP02561,Salary Increase,2024-12-15,+4.1%
EVT003344,EMP02563,Salary Increase,2025-01-16,+10.3%
EVT003345,EMP02563,Salary Increase,2023-09-28,+3.6%
EVT003346,EMP02564,Salary Increase,2025-05-26,+1.0%
EVT003347,EMP02565,Promotion,2025-01-10,Level up: 1 grade
EVT003348,EMP02565,Salary Increase,2024-05-13,+5.0%
EVT003349,EMP02565,Salary Increase,2023-09-14,+12.8%
EVT003350,EMP02565,Salary Increase,2023-05-23,+7.0%
EVT003351,EMP02566,Promotion,2023-07-30,Level up: 2 grades
EVT003352,EMP02566,Salary Increase,2024-09-01,+10.2%
EVT003353,EMP02566,Salary Increase,2025-02-21,+5.4%
EVT003354,EMP02568,Salary Increase,2023-10-29,+6.4%
EVT003355,EMP02568,Salary Increase,2023-03-06,+10.7%
EVT003356,EMP02569,Salary Increase,2024-12-24,+7.7%
EVT003357,EMP02570,Promotion,2023-11-05,Level up: 1 grade
EVT003358,EMP02570,Salary Increase,2023-01-14,+9.9%
EVT003359,EMP02571,Salary Increase,2025-05-11,+1.8%
EVT003360,EMP02572,Salary Increase,2025-04-11,+5.4%
EVT003361,EMP02573,Salary Increase,2024-12-15,+2.2%
EVT003362,EMP02574,Salary Increase,2023-10-07,+9.9%
EVT003363,EMP02575,Promotion,2024-09-19,Level up: 2 grades
EVT003364,EMP02575,Salary Increase,2025-04-16,+1.4%
EVT003365,EMP02576,Salary Increase,2025-02-27,+8.8%
EVT003366,EMP02576,Salary Increase,2024-10-31,+10.9%
EVT003367,EMP02578,Salary Increase,2023-09-06,+2.5%
EVT003368,EMP02578,Salary Increase,2023-08-03,+5.6%
EVT003369,EMP02579,Promotion,2023-09-11,Level up: 2 grades
EVT003370,EMP02580,Promotion,2024-04-05,Level up: 1 grade
EVT003371,EMP02580,Salary Increase,2024-12-12,+9.9%
EVT003372,EMP02580,Salary Increase,2024-01-29,+4.5%
EVT003373,EMP02581,Promotion,2024-01-27,Level up: 1 grade
EVT003374,EMP02581,Salary Increase,2024-04-30,+7.1%
EVT003375,EMP02581,Salary Increase,2023-07-21,+0.5%
EVT003376,EMP02582,Salary Increase,2024-10-19,+3.7%
EVT003377,EMP02583,Promotion,2024-07-14,Level up: 1 grade
EVT003378,EMP02583,Salary Increase,2023-10-15,+5.2%
EVT003379,EMP02584,Salary Increase,2024-01-08,+3.5%
EVT003380,EMP02586,Promotion,2025-06-23,Level up: 2 grades
EVT003381,EMP02587,Promotion,2025-05-12,Level up: 2 grades
EVT003382,EMP02587,Salary Increase,2023-02-12,+5.8%
EVT003383,EMP02587,Salary Increase,2023-04-23,+3.9%
EVT003384,EMP02589,Salary Increase,2025-03-12,+6.9%
EVT003385,EMP02589,Salary Increase,2025-05-20,+3.8%
EVT003386,EMP02592,Promotion,2024-11-18,Level up: 2 grades
EVT003387,EMP02592,Salary Increase,2024-11-19,+6.5%
EVT003388,EMP02592,Salary Increase,2025-01-14,+3.2%
EVT003389,EMP02593,Salary Increase,2024-12-17,+3.3%
EVT003390,EMP02593,Salary Increase,2024-08-04,+5.1%
EVT003391,EMP02593,Salary Increase,2024-04-03,+4.2%
EVT003392,EMP02593,Salary Increase,2023-06-29,+7.7%
EVT003393,EMP02595,Salary Increase,2023-07-06,+5.7%
EVT003394,EMP02595,Salary Increase,2024-11-02,+5.8%
EVT003395,EMP02596,Salary Increase,2024-07-22,+4.9%
EVT003396,EMP02598,Salary Increase,2024-04-16,+5.4%
EVT003397,EMP02598,Salary Increase,2023-11-15,+4.0%
EVT003398,EMP02599,Salary Increase,2025-03-28,+2.7%
EVT003399,EMP02600,Salary Increase,2024-08-27,+5.5%
EVT003400,EMP02600,Salary Increase,2023-11-19,+8.0%
EVT003401,EMP02600,Salary Increase,2024-04-20,+12.5%
EVT003402,EMP02600,Salary Increase,2023-08-10,+4.4%
EVT003403,EMP02601,Salary Increase,2025-02-15,+8.2%
EVT003404,EMP02602,Salary Increase,2023-09-06,+5.6%
EVT003405,EMP02602,Salary Increase,2024-04-07,+7.2%
EVT003406,EMP02603,Salary Increase,2025-01-23,+5.2%
EVT003407,EMP02604,Salary Increase,2025-03-23,+6.2%
EVT003408,EMP02604,Salary Increase,2024-08-14,+12.3%
EVT003409,EMP02604,Salary Increase,2024-08-03,+9.6%
EVT003410,EMP02605,Salary Increase,2024-04-07,+4.0%
EVT003411,EMP02605,Salary Increase,2025-02-15,+5.2%
EVT003412,EMP02605,Salary Increase,2025-01-02,+5.1%
EVT003413,EMP02606,Salary Increase,2024-01-02,+7.3%
EVT003414,EMP02606,Salary Increase,2024-03-04,+6.0%
EVT003415,EMP02606,Salary Increase,2024-03-08,+8.2%
EVT003416,EMP02607,Salary Increase,2024-05-15,+1.8%
EVT003417,EMP02607,Salary Increase,2024-12-05,+5.1%
EVT003418,EMP02608,Salary Increase,2025-03-13,+9.7%
EVT003419,EMP02608,Salary Increase,2025-02-04,+4.0%
EVT003420,EMP02609,Salary Increase,2024-01-12,+1.8%
EVT003421,EMP02609,Salary Increase,2023-07-25,+1.9%
EVT003422,EMP02609,Salary Increase,2024-05-21,+6.9%
EVT003423,EMP02611,Salary Increase,2025-06-23,+5.4%
EVT003424,EMP02611,Salary Increase,2024-06-29,+8.6%
EVT003425,EMP02611,Salary Increase,2024-08-02,+8.3%
EVT003426,EMP02616,Salary Increase,2024-05-25,+2.1%
EVT003427,EMP02618,Salary Increase,2024-09-17,+6.2%
EVT003428,EMP02618,Salary Increase,2023-02-10,+3.2%
EVT003429,EMP02618,Salary Increase,2024-11-07,+7.8%
EVT003430,EMP02619,Promotion,2025-06-09,Level up: 1 grade
EVT003431,EMP02621,Salary Increase,2023-05-01,+3.5%
EVT003432,EMP02622,Salary Increase,2024-07-02,+7.6%
EVT003433,EMP02622,Salary Increase,2024-09-08,+9.2%
EVT003434,EMP02622,Salary Increase,2023-08-13,+6.2%
EVT003435,EMP02623,Promotion,2025-05-05,Level up: 1 grade
EVT003436,EMP02623,Salary Increase,2025-01-10,+5.8%
EVT003437,EMP02623,Salary Increase,2025-02-19,+9.5%
EVT003438,EMP02625,Promotion,2024-05-19,Level up: 1 grade
EVT003439,EMP02625,Salary Increase,2024-05-10,+12.9%
EVT003440,EMP02626,Salary Increase,2023-12-26,+9.5%
EVT003441,EMP02627,Salary Increase,2024-12-15,+4.6%
EVT003442,EMP02629,Salary Increase,2024-04-06,+2.4%
EVT003443,EMP02629,Salary Increase,2024-10-13,+10.1%
EVT003444,EMP02630,Salary Increase,2023-12-20,+4.3%
EVT003445,EMP02630,Salary Increase,2024-10-21,+5.4%
EVT003446,EMP02631,Promotion,2025-04-24,Level up: 1 grade
EVT003447,EMP02631,Salary Increase,2023-03-21,+2.1%
EVT003448,EMP02631,Salary Increase,2024-04-08,+7.9%
EVT003449,EMP02632,Promotion,2024-05-30,Level up: 1 grade
EVT003450,EMP02632,Salary Increase,2024-11-25,+7.1%
EVT003451,EMP02632,Salary Increase,2023-04-25,+5.4%
EVT003452,EMP02632,Salary Increase,2024-10-31,+5.0%
EVT003453,EMP02632,Salary Increase,2024-10-20,+5.7%
EVT003454,EMP02633,Salary Increase,2023-02-15,+4.0%
EVT003455,EMP02633,Salary Increase,2024-04-09,+4.2%
EVT003456,EMP02634,Salary Increase,2025-02-20,+5.3%
EVT003457,EMP02635,Promotion,2024-01-11,Level up: 1 grade
EVT003458,EMP02636,Salary Increase,2024-04-20,+3.3%
EVT003459,EMP02636,Salary Increase,2023-01-06,+0.5%
EVT003460,EMP02637,Salary Increase,2023-03-09,+1.9%
EVT003461,EMP02639,Salary Increase,2024-05-22,+7.4%
EVT003462,EMP02641,Salary Increase,2024-09-16,+8.7%
EVT003463,EMP02642,Promotion,2024-03-04,Level up: 1 grade
EVT003464,EMP02643,Salary Increase,2023-02-21,+8.1%
EVT003465,EMP02644,Salary Increase,2023-02-24,+8.1%
EVT003466,EMP02645,Promotion,2025-06-14,Level up: 1 grade
EVT003467,EMP02645,Salary Increase,2023-06-22,+9.1%
EVT003468,EMP02645,Salary Increase,2023-07-16,+3.8%
EVT003469,EMP02645,Salary Increase,2023-11-27,+4.2%
EVT003470,EMP02645,Salary Increase,2025-06-08,+3.3%
EVT003471,EMP02645,Salary Increase,2024-10-12,+7.1%
EVT003472,EMP02646,Salary Increase,2023-08-22,+0.8%
EVT003473,EMP02646,Salary Increase,2024-07-03,+6.0%
EVT003474,EMP02647,Salary Increase,2025-06-06,+3.1%
EVT003475,EMP02647,Exit,2025-06-16,Voluntary - Better Opportunity
EVT003476,EMP02648,Salary Increase,2025-06-24,+5.5%
EVT003477,EMP02648,Salary Increase,2024-05-18,+4.8%
EVT003478,EMP02649,Promotion,2024-08-25,Level up: 2 grades
EVT003479,EMP02651,Promotion,2023-11-14,Level up: 2 grades
EVT003480,EMP02651,Salary Increase,2023-11-08,+5.5%
EVT003481,EMP02652,Salary Increase,2023-02-24,+6.2%
EVT003482,EMP02652,Salary Increase,2024-01-21,+10.1%
EVT003483,EMP02654,Salary Increase,2023-02-23,+7.5%
EVT003484,EMP02654,Salary Increase,2024-06-26,+3.6%
EVT003485,EMP02655,Salary Increase,2025-06-01,+4.5%
EVT003486,EMP02656,Promotion,2024-04-08,Level up: 2 grades
EVT003487,EMP02657,Salary Increase,2023-12-19,+2.1%
EVT003488,EMP02657,Salary Increase,2024-03-08,+2.9%
EVT003489,EMP02657,Salary Increase,2023-01-16,+7.5%
EVT003490,EMP02658,Promotion,2025-04-03,Level up: 2 grades
EVT003491,EMP02658,Salary Increase,2023-01-25,+7.9%
EVT003492,EMP02658,Salary Increase,2025-05-22,+7.1%
EVT003493,EMP02661,Salary Increase,2023-04-28,+6.0%
EVT003494,EMP02662,Promotion,2025-06-13,Level up: 1 grade
EVT003495,EMP02662,Salary Increase,2023-08-14,+4.2%
EVT003496,EMP02665,Salary Increase,2023-04-14,+4.1%
EVT003497,EMP02667,Salary Increase,2023-07-25,+6.0%
EVT003498,EMP02668,Salary Increase,2024-01-18,+4.7%
EVT003499,EMP02668,Salary Increase,2023-06-11,+2.4%
EVT003500,EMP02668,Salary Increase,2024-02-14,+7.6%
EVT003501,EMP02668,Salary Increase,2025-05-22,+10.2%
EVT003502,EMP02669,Salary Increase,2023-05-16,+6.3%
EVT003503,EMP02669,Salary Increase,2024-02-06,+4.4%
EVT003504,EMP02670,Salary Increase,2024-10-20,+4.3%
EVT003505,EMP02670,Salary Increase,2023-06-30,+5.5%
EVT003506,EMP02671,Promotion,2024-04-09,Level up: 1 grade
EVT003507,EMP02671,Salary Increase,2025-06-14,+1.0%
EVT003508,EMP02671,Salary Increase,2024-03-06,+5.6%
EVT003509,EMP02672,Salary Increase,2025-04-25,+7.1%
EVT003510,EMP02672,Salary Increase,2023-05-15,+7.8%
EVT003511,EMP02674,Salary Increase,2023-09-12,+4.3%
EVT003512,EMP02675,Salary Increase,2023-09-08,+1.2%
EVT003513,EMP02675,Salary Increase,2023-02-24,+2.9%
EVT003514,EMP02676,Promotion,2024-08-06,Level up: 1 grade
EVT003515,EMP02676,Salary Increase,2025-03-31,+5.6%
EVT003516,EMP02676,Exit,2023-10-13,Voluntary - Compensation
EVT003517,EMP02679,Salary Increase,2025-06-13,+5.2%
EVT003518,EMP02680,Promotion,2024-08-20,Level up: 1 grade
EVT003519,EMP02680,Salary Increase,2024-12-03,+3.4%
EVT003520,EMP02680,Salary Increase,2025-04-21,+1.8%
EVT003521,EMP02681,Promotion,2024-09-25,Level up: 1 grade
EVT003522,EMP02681,Salary Increase,2023-09-23,+9.3%
EVT003523,EMP02682,Salary Increase,2024-05-09,+7.6%
EVT003524,EMP02683,Salary Increase,2025-02-13,+4.1%
EVT003525,EMP02683,Salary Increase,2024-04-19,+2.9%
EVT003526,EMP02684,Salary Increase,2023-02-25,+8.9%
EVT003527,EMP02684,Salary Increase,2023-08-13,+0.5%
EVT003528,EMP02684,Salary Increase,2023-09-28,+3.3%
EVT003529,EMP02685,Promotion,2025-02-11,Level up: 1 grade
EVT003530,EMP02687,Promotion,2025-03-20,Level up: 1 grade
EVT003531,EMP02687,Salary Increase,2023-03-29,+7.7%
EVT003532,EMP02687,Salary Increase,2025-04-24,+8.7%
EVT003533,EMP02688,Promotion,2024-06-23,Level up: 2 grades
EVT003534,EMP02689,Salary Increase,2024-08-31,+0.5%
EVT003535,EMP02689,Salary Increase,2024-10-14,+8.4%
EVT003536,EMP02689,Salary Increase,2024-02-15,+8.5%
EVT003537,EMP02691,Salary Increase,2023-10-30,+4.2%
EVT003538,EMP02691,Salary Increase,2023-07-26,+4.1%
EVT003539,EMP02693,Promotion,2024-12-23,Level up: 2 grades
EVT003540,EMP02693,Salary Increase,2025-02-15,+7.3%
EVT003541,EMP02693,Salary Increase,2023-11-14,+7.1%
EVT003542,EMP02694,Salary Increase,2023-10-28,+4.2%
EVT003543,EMP02696,Salary Increase,2024-05-31,+5.2%
EVT003544,EMP02697,Salary Increase,2024-11-05,+5.8%
EVT003545,EMP02699,Promotion,2025-01-26,Level up: 1 grade
EVT003546,EMP02699,Salary Increase,2024-04-27,+8.0%
EVT003547,EMP02700,Salary Increase,2023-09-06,+11.4%
EVT003548,EMP02702,Salary Increase,2024-11-20,+4.9%
EVT003549,EMP02704,Salary Increase,2024-07-03,+7.0%
EVT003550,EMP02707,Salary Increase,2023-08-09,+5.8%
EVT003551,EMP02708,Salary Increase,2024-05-08,+0.6%
EVT003552,EMP02708,Salary Increase,2023-07-01,+4.3%
EVT003553,EMP02709,Exit,2025-04-29,Voluntary - Career Growth
EVT003554,EMP02711,Salary Increase,2023-12-29,+7.3%
EVT003555,EMP02712,Salary Increase,2023-02-12,+3.6%
EVT003556,EMP02713,Salary Increase,2023-12-22,+4.1%
EVT003557,EMP02715,Salary Increase,2024-08-19,+8.4%
EVT003558,EMP02715,Exit,2023-12-28,Voluntary - Better Opportunity
EVT003559,EMP02716,Salary Increase,2024-11-15,+5.7%
EVT003560,EMP02716,Salary Increase,2024-08-23,+8.2%
EVT003561,EMP02717,Exit,2024-10-07,Involuntary - Performance
EVT003562,EMP02718,Promotion,2024-12-15,Level up: 1 grade
EVT003563,EMP02718,Salary Increase,2023-01-01,+8.8%
EVT003564,EMP02719,Salary Increase,2024-09-07,+3.4%
EVT003565,EMP02719,Salary Increase,2024-03-06,+3.4%
EVT003566,EMP02719,Exit,2023-05-27,Involuntary - Restructuring
EVT003567,EMP02720,Salary Increase,2024-03-21,+2.2%
EVT003568,EMP02720,Salary Increase,2024-11-01,+5.8%
EVT003569,EMP02720,Salary Increase,2024-04-09,+8.0%
EVT003570,EMP02721,Salary Increase,2023-05-30,+6.8%
EVT003571,EMP02722,Salary Increase,2024-01-23,+4.8%
EVT003572,EMP02722,Salary Increase,2024-01-14,+0.5%
EVT003573,EMP02724,Salary Increase,2023-03-06,+3.3%
EVT003574,EMP02726,Salary Increase,2023-01-05,+3.6%
EVT003575,EMP02728,Salary Increase,2023-08-27,+6.7%
EVT003576,EMP02728,Salary Increase,2025-02-03,+9.4%
EVT003577,EMP02729,Salary Increase,2023-11-26,+0.5%
EVT003578,EMP02729,Salary Increase,2024-10-26,+9.6%
EVT003579,EMP02729,Salary Increase,2024-12-28,+7.9%
EVT003580,EMP02731,Salary Increase,2024-07-29,+4.6%
EVT003581,EMP02732,Promotion,2023-09-18,Level up: 2 grades
EVT003582,EMP02733,Salary Increase,2024-10-07,+6.5%
EVT003583,EMP02734,Salary Increase,2025-05-07,+2.4%
EVT003584,EMP02734,Salary Increase,2025-01-12,+6.0%
EVT003585,EMP02735,Salary Increase,2023-02-11,+6.5%
EVT003586,EMP02735,Salary Increase,2024-08-27,+7.5%
EVT003587,EMP02735,Salary Increase,2025-06-24,+5.1%
EVT003588,EMP02736,Salary Increase,2024-02-03,+5.0%
EVT003589,EMP02737,Salary Increase,2023-08-18,+2.7%
EVT003590,EMP02738,Salary Increase,2024-07-08,+8.7%
EVT003591,EMP02739,Salary Increase,2024-10-21,+3.3%
EVT003592,EMP02739,Salary Increase,2023-01-04,+2.0%
EVT003593,EMP02740,Salary Increase,2024-08-02,+4.8%
EVT003594,EMP02740,Salary Increase,2024-02-19,+3.7%
EVT003595,EMP02742,Promotion,2023-09-28,Level up: 1 grade
EVT003596,EMP02742,Salary Increase,2023-10-17,+3.0%
EVT003597,EMP02742,Salary Increase,2025-06-26,+0.5%
EVT003598,EMP02742,Salary Increase,2025-02-19,+6.5%
EVT003599,EMP02743,Promotion,2023-07-27,Level up: 2 grades
EVT003600,EMP02743,Salary Increase,2024-05-26,+4.1%
EVT003601,EMP02744,Salary Increase,2025-03-23,+1.8%
EVT003602,EMP02744,Salary Increase,2023-11-15,+1.6%
EVT003603,EMP02746,Salary Increase,2025-01-14,+6.5%
EVT003604,EMP02747,Salary Increase,2023-11-21,+3.2%
EVT003605,EMP02748,Salary Increase,2024-08-28,+7.4%
EVT003606,EMP02748,Salary Increase,2024-06-04,+7.8%
EVT003607,EMP02749,Promotion,2025-04-22,Level up: 1 grade
EVT003608,EMP02749,Salary Increase,2023-08-10,+7.2%
EVT003609,EMP02749,Salary Increase,2024-07-25,+12.9%
EVT003610,EMP02749,Salary Increase,2025-05-10,+5.4%
EVT003611,EMP02750,Promotion,2024-11-17,Level up: 1 grade
EVT003612,EMP02750,Salary Increase,2024-10-03,+5.8%
EVT003613,EMP02751,Salary Increase,2024-02-12,+6.2%
EVT003614,EMP02752,Promotion,2024-03-31,Level up: 2 grades
EVT003615,EMP02753,Salary Increase,2024-07-21,+4.2%
EVT003616,EMP02755,Salary Increase,2023-03-13,+4.0%
EVT003617,EMP02755,Salary Increase,2023-08-12,+3.2%
EVT003618,EMP02755,Exit,2024-11-14,Involuntary - Performance
EVT003619,EMP02756,Salary Increase,2024-10-24,+8.9%
EVT003620,EMP02756,Salary Increase,2023-12-06,+9.1%
EVT003621,EMP02757,Salary Increase,2023-06-29,+3.3%
EVT003622,EMP02758,Salary Increase,2024-11-21,+5.2%
EVT003623,EMP02758,Salary Increase,2024-10-25,+6.2%
EVT003624,EMP02759,Promotion,2025-04-14,Level up: 1 grade
EVT003625,EMP02760,Salary Increase,2023-04-26,+3.8%
EVT003626,EMP02760,Salary Increase,2024-09-29,+6.3%
EVT003627,EMP02760,Salary Increase,2023-06-27,+7.0%
EVT003628,EMP02761,Salary Increase,2024-02-22,+5.6%
EVT003629,EMP02761,Salary Increase,2025-05-08,+0.5%
EVT003630,EMP02762,Salary Increase,2023-02-25,+4.7%
EVT003631,EMP02762,Salary Increase,2024-09-13,+8.0%
EVT003632,EMP02762,Salary Increase,2024-05-22,+4.8%
EVT003633,EMP02763,Salary Increase,2024-11-25,+7.9%
EVT003634,EMP02764,Salary Increase,2023-11-30,+2.2%
EVT003635,EMP02764,Salary Increase,2023-07-25,+7.0%
EVT003636,EMP02765,Salary Increase,2025-04-01,+9.3%
EVT003637,EMP02766,Salary Increase,2024-10-15,+5.9%
EVT003638,EMP02767,Salary Increase,2024-08-11,+7.5%
EVT003639,EMP02768,Promotion,2024-07-06,Level up: 1 grade
EVT003640,EMP02768,Salary Increase,2023-07-23,+2.0%
EVT003641,EMP02768,Salary Increase,2025-04-29,+8.1%
EVT003642,EMP02769,Salary Increase,2025-05-13,+1.5%
EVT003643,EMP02769,Salary Increase,2024-03-30,+1.4%
EVT003644,EMP02770,Salary Increase,2024-04-18,+5.7%
EVT003645,EMP02771,Promotion,2023-09-27,Level up: 2 grades
EVT003646,EMP02772,Salary Increase,2024-06-07,+4.7%
EVT003647,EMP02773,Salary Increase,2023-05-01,+6.5%
EVT003648,EMP02773,Salary Increase,2023-08-16,+2.4%
EVT003649,EMP02774,Exit,2024-05-11,Voluntary - Career Growth
EVT003650,EMP02775,Salary Increase,2024-07-02,+6.0%
EVT003651,EMP02776,Promotion,2025-03-14,Level up: 2 grades
EVT003652,EMP02776,Exit,2024-06-12,Voluntary - Career Growth
EVT003653,EMP02777,Promotion,2025-05-20,Level up: 1 grade
EVT003654,EMP02777,Salary Increase,2024-11-30,+10.3%
EVT003655,EMP02777,Salary Increase,2025-04-30,+3.5%
EVT003656,EMP02777,Exit,2023-10-26,Voluntary - Personal Reasons
EVT003657,EMP02778,Salary Increase,2024-01-23,+4.8%
EVT003658,EMP02779,Salary Increase,2024-09-02,+8.1%
EVT003659,EMP02782,Salary Increase,2023-03-24,+6.2%
EVT003660,EMP02782,Salary Increase,2024-04-09,+5.0%
EVT003661,EMP02782,Exit,2023-08-06,Voluntary - Career Growth
EVT003662,EMP02783,Salary Increase,2024-07-09,+6.1%
EVT003663,EMP02785,Salary Increase,2024-05-14,+7.2%
EVT003664,EMP02786,Salary Increase,2023-02-09,+3.3%
EVT003665,EMP02786,Salary Increase,2024-08-11,+7.7%
EVT003666,EMP02789,Salary Increase,2023-10-23,+9.4%
EVT003667,EMP02789,Salary Increase,2023-12-28,+6.9%
EVT003668,EMP02789,Salary Increase,2025-02-24,+12.1%
EVT003669,EMP02790,Salary Increase,2023-12-21,+7.8%
EVT003670,EMP02791,Salary Increase,2023-12-12,+5.5%
EVT003671,EMP02793,Salary Increase,2024-08-25,+3.2%
EVT003672,EMP02795,Salary Increase,2023-04-29,+6.2%
EVT003673,EMP02795,Salary Increase,2024-03-10,+4.0%
EVT003674,EMP02797,Salary Increase,2024-08-13,+7.9%
EVT003675,EMP02798,Salary Increase,2023-02-13,+10.5%
EVT003676,EMP02798,Exit,2024-04-27,Voluntary - Compensation
EVT003677,EMP02799,Salary Increase,2023-12-02,+5.5%
EVT003678,EMP02799,Salary Increase,2024-06-04,+6.9%
EVT003679,EMP02800,Salary Increase,2025-05-29,+6.3%
EVT003680,EMP02800,Salary Increase,2023-05-13,+7.2%
EVT003681,EMP02801,Salary Increase,2023-06-20,+4.3%
EVT003682,EMP02801,Salary Increase,2023-03-08,+8.2%
EVT003683,EMP02802,Salary Increase,2024-08-28,+8.3%
EVT003684,EMP02802,Salary Increase,2023-01-27,+5.6%
EVT003685,EMP02802,Salary Increase,2023-10-02,+7.1%
EVT003686,EMP02806,Salary Increase,2025-04-22,+10.0%
EVT003687,EMP02807,Salary Increase,2023-12-23,+10.9%
EVT003688,EMP02807,Salary Increase,2023-12-13,+2.5%
EVT003689,EMP02808,Salary Increase,2025-04-23,+4.7%
EVT003690,EMP02808,Salary Increase,2023-04-23,+7.1%
EVT003691,EMP02808,Salary Increase,2023-05-06,+4.5%
EVT003692,EMP02809,Promotion,2024-07-04,Level up: 1 grade
EVT003693,EMP02809,Salary Increase,2023-04-07,+5.9%
EVT003694,EMP02810,Promotion,2025-04-24,Level up: 1 grade
EVT003695,EMP02810,Salary Increase,2024-10-24,+9.5%
EVT003696,EMP02811,Salary Increase,2024-10-03,+8.9%
EVT003697,EMP02811,Salary Increase,2024-01-08,+6.0%
EVT003698,EMP02811,Salary Increase,2024-09-14,+3.7%
EVT003699,EMP02812,Salary Increase,2024-10-10,+4.8%
EVT003700,EMP02813,Salary Increase,2023-11-30,+7.0%
EVT003701,EMP02813,Salary Increase,2025-01-06,+1.9%
EVT003702,EMP02813,Exit,2023-11-18,Involuntary - Performance
EVT003703,EMP02814,Salary Increase,2023-04-24,+1.2%
EVT003704,EMP02814,Exit,2024-12-12,Voluntary - Compensation
EVT003705,EMP02815,Promotion,2025-02-18,Level up: 2 grades
EVT003706,EMP02815,Salary Increase,2024-12-24,+2.7%
EVT003707,EMP02815,Salary Increase,2023-06-13,+0.5%
EVT003708,EMP02816,Salary Increase,2024-02-10,+1.2%
EVT003709,EMP02816,Salary Increase,2025-01-10,+8.0%
EVT003710,EMP02818,Salary Increase,2023-09-27,+0.5%
EVT003711,EMP02819,Salary Increase,2023-11-25,+6.8%
EVT003712,EMP02819,Salary Increase,2023-12-16,+3.0%
EVT003713,EMP02820,Promotion,2023-07-29,Level up: 1 grade
EVT003714,EMP02820,Salary Increase,2023-05-17,+8.4%
EVT003715,EMP02821,Salary Increase,2025-05-08,+9.3%
EVT003716,EMP02821,Salary Increase,2025-01-04,+2.1%
EVT003717,EMP02821,Salary Increase,2024-06-24,+8.5%
EVT003718,EMP02821,Salary Increase,2024-08-09,+5.5%
EVT003719,EMP02822,Salary Increase,2024-05-03,+1.7%
EVT003720,EMP02823,Salary Increase,2023-04-23,+4.5%
EVT003721,EMP02823,Salary Increase,2023-08-10,+5.7%
EVT003722,EMP02824,Salary Increase,2023-04-16,+4.0%
EVT003723,EMP02824,Salary Increase,2023-03-19,+7.4%
EVT003724,EMP02825,Salary Increase,2024-09-21,+10.3%
EVT003725,EMP02825,Salary Increase,2025-05-28,+6.2%
EVT003726,EMP02827,Salary Increase,2023-09-07,+5.4%
EVT003727,EMP02827,Salary Increase,2023-05-20,+3.0%
EVT003728,EMP02829,Promotion,2025-03-10,Level up: 2 grades
EVT003729,EMP02829,Salary Increase,2025-04-14,+6.3%
EVT003730,EMP02830,Promotion,2024-08-08,Level up: 2 grades
EVT003731,EMP02830,Salary Increase,2024-02-26,+7.2%
EVT003732,EMP02830,Exit,2024-07-24,Voluntary - Better Opportunity
EVT003733,EMP02832,Salary Increase,2025-03-02,+5.6%
EVT003734,EMP02832,Salary Increase,2023-08-24,+5.2%
EVT003735,EMP02836,Promotion,2023-12-04,Level up: 1 grade
EVT003736,EMP02836,Salary Increase,2023-04-06,+6.6%
EVT003737,EMP02837,Promotion,2024-02-23,Level up: 1 grade
EVT003738,EMP02839,Salary Increase,2025-03-26,+4.2%
EVT003739,EMP02839,Salary Increase,2024-02-25,+4.3%
EVT003740,EMP02840,Promotion,2024-03-25,Level up: 1 grade
EVT003741,EMP02840,Salary Increase,2024-11-16,+8.4%
EVT003742,EMP02840,Salary Increase,2025-01-13,+3.0%
EVT003743,EMP02841,Promotion,2025-05-17,Level up: 2 grades
EVT003744,EMP02841,Salary Increase,2024-01-30,+2.4%
EVT003745,EMP02842,Salary Increase,2024-10-07,+0.5%
EVT003746,EMP02842,Salary Increase,2024-05-18,+1.4%
EVT003747,EMP02842,Salary Increase,2024-11-21,+5.6%
EVT003748,EMP02842,Salary Increase,2024-05-04,+5.8%
EVT003749,EMP02842,Salary Increase,2023-07-24,+1.6%
EVT003750,EMP02843,Salary Increase,2023-07-05,+5.2%
EVT003751,EMP02844,Salary Increase,2023-01-02,+8.5%
EVT003752,EMP02845,Salary Increase,2025-03-04,+5.6%
EVT003753,EMP02845,Salary Increase,2024-03-18,+6.7%
EVT003754,EMP02846,Promotion,2023-12-31,Level up: 1 grade
EVT003755,EMP02849,Promotion,2025-06-29,Level up: 1 grade
EVT003756,EMP02849,Salary Increase,2024-03-05,+4.9%
EVT003757,EMP02849,Salary Increase,2024-08-19,+5.4%
EVT003758,EMP02850,Salary Increase,2024-09-12,+7.3%
EVT003759,EMP02851,Salary Increase,2023-12-26,+11.2%
EVT003760,EMP02851,Salary Increase,2024-10-29,+7.1%
EVT003761,EMP02851,Salary Increase,2024-08-05,+4.8%
EVT003762,EMP02852,Salary Increase,2024-05-30,+3.9%
EVT003763,EMP02855,Salary Increase,2023-12-09,+7.2%
EVT003764,EMP02856,Salary Increase,2023-05-14,+5.5%
EVT003765,EMP02856,Salary Increase,2024-09-01,+10.1%
EVT003766,EMP02856,Salary Increase,2024-06-18,+6.3%
EVT003767,EMP02856,Exit,2023-12-02,Voluntary - Personal Reasons
EVT003768,EMP02857,Salary Increase,2024-03-09,+6.0%
EVT003769,EMP02862,Promotion,2024-04-07,Level up: 1 grade
EVT003770,EMP02862,Salary Increase,2023-01-11,+3.6%
EVT003771,EMP02864,Salary Increase,2024-08-20,+6.2%
EVT003772,EMP02866,Salary Increase,2024-03-25,+5.1%
EVT003773,EMP02866,Salary Increase,2023-10-25,+4.9%
EVT003774,EMP02866,Salary Increase,2024-10-31,+6.4%
EVT003775,EMP02866,Salary Increase,2023-04-02,+8.9%
EVT003776,EMP02867,Salary Increase,2024-11-19,+7.6%
EVT003777,EMP02868,Exit,2024-10-06,Voluntary - Better Opportunity
EVT003778,EMP02869,Salary Increase,2023-06-15,+5.9%
EVT003779,EMP02871,Salary Increase,2024-01-09,+7.9%
EVT003780,EMP02871,Salary Increase,2024-06-23,+5.9%
EVT003781,EMP02871,Salary Increase,2023-04-23,+13.0%
EVT003782,EMP02871,Salary Increase,2023-05-19,+3.0%
EVT003783,EMP02873,Promotion,2023-10-28,Level up: 2 grades
EVT003784,EMP02873,Salary Increase,2024-01-12,+4.9%
EVT003785,EMP02873,Salary Increase,2024-06-10,+3.5%
EVT003786,EMP02874,Promotion,2024-05-18,Level up: 1 grade
EVT003787,EMP02875,Promotion,2023-09-07,Level up: 1 grade
EVT003788,EMP02877,Promotion,2023-10-17,Level up: 1 grade
EVT003789,EMP02877,Salary Increase,2023-09-06,+3.3%
EVT003790,EMP02879,Promotion,2023-11-17,Level up: 1 grade
EVT003791,EMP02879,Salary Increase,2023-02-13,+7.5%
EVT003792,EMP02879,Salary Increase,2025-04-13,+8.8%
EVT003793,EMP02879,Salary Increase,2025-06-30,+7.8%
EVT003794,EMP02881,Promotion,2025-06-15,Level up: 1 grade
EVT003795,EMP02883,Salary Increase,2023-01-23,+7.9%
EVT003796,EMP02884,Salary Increase,2024-06-23,+7.6%
EVT003797,EMP02884,Salary Increase,2023-01-08,+7.7%
EVT003798,EMP02886,Salary Increase,2023-11-26,+5.3%
EVT003799,EMP02886,Salary Increase,2023-11-26,+6.7%
EVT003800,EMP02886,Salary Increase,2023-04-18,+4.5%
EVT003801,EMP02887,Promotion,2025-04-28,Level up: 1 grade
EVT003802,EMP02887,Salary Increase,2024-10-27,+8.8%
EVT003803,EMP02888,Salary Increase,2023-01-29,+4.5%
EVT003804,EMP02888,Salary Increase,2023-04-13,+4.1%
EVT003805,EMP02889,Salary Increase,2024-06-29,+3.3%
EVT003806,EMP02890,Promotion,2024-05-24,Level up: 1 grade
EVT003807,EMP02890,Salary Increase,2024-10-12,+7.4%
EVT003808,EMP02890,Salary Increase,2024-12-27,+3.8%
EVT003809,EMP02892,Salary Increase,2023-08-07,+5.5%
EVT003810,EMP02892,Salary Increase,2023-05-15,+3.0%
EVT003811,EMP02893,Salary Increase,2023-03-17,+2.1%
EVT003812,EMP02893,Salary Increase,2024-03-18,+6.3%
EVT003813,EMP02894,Promotion,2024-10-03,Level up: 2 grades
EVT003814,EMP02894,Salary Increase,2023-02-24,+5.8%
EVT003815,EMP02895,Salary Increase,2024-12-17,+7.4%
EVT003816,EMP02895,Salary Increase,2023-10-15,+7.2%
EVT003817,EMP02896,Promotion,2024-09-13,Level up: 1 grade
EVT003818,EMP02897,Salary Increase,2025-06-15,+2.6%
EVT003819,EMP02898,Salary Increase,2023-11-24,+6.0%
EVT003820,EMP02898,Exit,2024-05-06,Voluntary - Compensation
EVT003821,EMP02901,Salary Increase,2023-12-21,+2.2%
EVT003822,EMP02901,Salary Increase,2023-04-29,+4.5%
EVT003823,EMP02901,Salary Increase,2024-08-13,+1.8%
EVT003824,EMP02902,Salary Increase,2024-06-02,+6.0%
EVT003825,EMP02902,Salary Increase,2024-10-09,+8.1%
EVT003826,EMP02902,Salary Increase,2023-08-12,+5.3%
EVT003827,EMP02904,Salary Increase,2024-07-14,+5.1%
EVT003828,EMP02904,Salary Increase,2024-08-08,+8.3%
EVT003829,EMP02906,Promotion,2023-08-12,Level up: 1 grade
EVT003830,EMP02906,Salary Increase,2025-04-07,+7.6%
EVT003831,EMP02907,Salary Increase,2023-09-25,+4.1%
EVT003832,EMP02907,Salary Increase,2024-05-19,+6.5%
EVT003833,EMP02908,Salary Increase,2023-07-16,+6.3%
EVT003834,EMP02909,Salary Increase,2023-04-20,+5.4%
EVT003835,EMP02910,Salary Increase,2023-01-25,+7.3%
EVT003836,EMP02910,Salary Increase,2023-07-28,+3.3%
EVT003837,EMP02910,Salary Increase,2024-12-19,+6.6%
EVT003838,EMP02912,Promotion,2025-06-25,Level up: 2 grades
EVT003839,EMP02912,Salary Increase,2024-07-16,+5.7%
EVT003840,EMP02913,Salary Increase,2024-01-21,+7.9%
EVT003841,EMP02914,Salary Increase,2025-04-11,+8.6%
EVT003842,EMP02915,Salary Increase,2023-01-30,+10.3%
EVT003843,EMP02915,Salary Increase,2023-12-14,+2.0%
EVT003844,EMP02915,Salary Increase,2023-01-14,+3.1%
EVT003845,EMP02916,Salary Increase,2025-06-26,+3.2%
EVT003846,EMP02916,Salary Increase,2024-01-14,+10.1%
EVT003847,EMP02917,Promotion,2024-01-19,Level up: 2 grades
EVT003848,EMP02917,Salary Increase,2025-02-28,+8.5%
EVT003849,EMP02917,Salary Increase,2023-01-13,+6.3%
EVT003850,EMP02917,Salary Increase,2025-02-26,+6.5%
EVT003851,EMP02917,Salary Increase,2024-07-09,+4.8%
EVT003852,EMP02919,Promotion,2023-09-07,Level up: 1 grade
EVT003853,EMP02921,Salary Increase,2023-09-02,+4.5%
EVT003854,EMP02922,Salary Increase,2023-05-26,+6.2%
EVT003855,EMP02923,Salary Increase,2025-06-11,+9.5%
EVT003856,EMP02924,Salary Increase,2023-06-12,+0.5%
EVT003857,EMP02925,Salary Increase,2024-06-01,+2.6%
EVT003858,EMP02925,Salary Increase,2023-05-07,+4.5%
EVT003859,EMP02927,Salary Increase,2023-03-06,+2.6%
EVT003860,EMP02928,Salary Increase,2024-07-07,+6.8%
EVT003861,EMP02929,Salary Increase,2024-02-27,+4.6%
EVT003862,EMP02930,Salary Increase,2025-06-27,+6.2%
EVT003863,EMP02931,Salary Increase,2024-03-08,+7.6%
EVT003864,EMP02931,Salary Increase,2023-02-27,+4.7%
EVT003865,EMP02932,Salary Increase,2024-08-21,+5.2%
EVT003866,EMP02932,Salary Increase,2024-12-02,+2.7%
EVT003867,EMP02932,Salary Increase,2023-06-26,+6.0%
EVT003868,EMP02932,Salary Increase,2023-04-20,+4.0%
EVT003869,EMP02933,Salary Increase,2023-08-25,+8.1%
EVT003870,EMP02933,Salary Increase,2023-12-14,+5.4%
EVT003871,EMP02934,Salary Increase,2024-12-18,+4.0%
EVT003872,EMP02934,Salary Increase,2024-06-03,+4.0%
EVT003873,EMP02936,Salary Increase,2024-04-27,+4.5%
EVT003874,EMP02936,Salary Increase,2025-06-12,+6.5%
EVT003875,EMP02936,Salary Increase,2023-03-30,+2.5%
EVT003876,EMP02938,Salary Increase,2024-08-15,+4.2%
EVT003877,EMP02939,Promotion,2025-04-10,Level up: 2 grades
EVT003878,EMP02940,Salary Increase,2023-01-20,+2.5%
EVT003879,EMP02940,Salary Increase,2024-08-06,+0.7%
EVT003880,EMP02941,Salary Increase,2023-07-01,+3.3%
EVT003881,EMP02943,Promotion,2025-02-14,Level up: 1 grade
EVT003882,EMP02943,Salary Increase,2025-04-06,+1.2%
EVT003883,EMP02944,Salary Increase,2023-06-21,+11.2%
EVT003884,EMP02945,Salary Increase,2024-08-12,+6.9%
EVT003885,EMP02945,Salary Increase,2025-03-12,+3.5%
EVT003886,EMP02946,Salary Increase,2023-05-06,+3.9%
EVT003887,EMP02947,Salary Increase,2025-05-27,+1.8%
EVT003888,EMP02947,Salary Increase,2023-11-27,+8.0%
EVT003889,EMP02948,Promotion,2023-09-15,Level up: 2 grades
EVT003890,EMP02948,Salary Increase,2024-03-04,+5.2%
EVT003891,EMP02949,Salary Increase,2024-02-27,+8.5%
EVT003892,EMP02951,Promotion,2024-09-13,Level up: 2 grades
EVT003893,EMP02951,Salary Increase,2024-12-20,+8.5%
EVT003894,EMP02951,Exit,2023-04-24,Voluntary - Career Growth
EVT003895,EMP02952,Salary Increase,2024-12-25,+6.3%
EVT003896,EMP02954,Promotion,2024-04-11,Level up: 1 grade
EVT003897,EMP02954,Salary Increase,2023-02-27,+8.2%
EVT003898,EMP02955,Promotion,2023-11-10,Level up: 2 grades
EVT003899,EMP02955,Salary Increase,2024-06-04,+7.5%
EVT003900,EMP02955,Salary Increase,2024-08-08,+8.4%
EVT003901,EMP02955,Salary Increase,2024-05-02,+4.8%
EVT003902,EMP02955,Salary Increase,2023-07-21,+10.2%
EVT003903,EMP02958,Salary Increase,2024-01-12,+3.1%
EVT003904,EMP02960,Salary Increase,2024-04-13,+6.2%
EVT003905,EMP02961,Salary Increase,2024-10-05,+1.3%
EVT003906,EMP02961,Salary Increase,2024-12-30,+8.9%
EVT003907,EMP02962,Promotion,2025-05-16,Level up: 1 grade
EVT003908,EMP02962,Salary Increase,2023-07-26,+0.5%
EVT003909,EMP02962,Salary Increase,2025-05-22,+4.7%
EVT003910,EMP02962,Salary Increase,2023-01-20,+2.2%
EVT003911,EMP02963,Salary Increase,2023-11-05,+9.3%
EVT003912,EMP02964,Promotion,2024-11-27,Level up: 1 grade
EVT003913,EMP02964,Salary Increase,2023-02-07,+2.8%
EVT003914,EMP02964,Salary Increase,2023-06-11,+6.2%
EVT003915,EMP02965,Salary Increase,2025-04-13,+7.8%
EVT003916,EMP02966,Promotion,2023-10-06,Level up: 2 grades
EVT003917,EMP02966,Salary Increase,2024-12-25,+4.8%
EVT003918,EMP02969,Salary Increase,2023-04-18,+4.3%
EVT003919,EMP02970,Salary Increase,2023-07-23,+3.9%
EVT003920,EMP02970,Salary Increase,2023-06-20,+5.4%
EVT003921,EMP02972,Promotion,2023-12-29,Level up: 1 grade
EVT003922,EMP02972,Salary Increase,2023-03-03,+7.6%
EVT003923,EMP02973,Salary Increase,2025-03-22,+5.2%
EVT003924,EMP02976,Salary Increase,2024-04-28,+8.9%
EVT003925,EMP02977,Salary Increase,2024-12-16,+5.6%
EVT003926,EMP02978,Salary Increase,2024-11-28,+7.7%
EVT003927,EMP02981,Salary Increase,2023-04-02,+7.9%
EVT003928,EMP02982,Promotion,2025-05-24,Level up: 1 grade
EVT003929,EMP02982,Salary Increase,2023-01-07,+4.3%
EVT003930,EMP02982,Salary Increase,2025-01-31,+8.3%
EVT003931,EMP02982,Salary Increase,2023-08-03,+2.8%
EVT003932,EMP02983,Salary Increase,2023-12-11,+0.5%
EVT003933,EMP02984,Salary Increase,2025-01-02,+8.3%
EVT003934,EMP02984,Salary Increase,2025-01-02,+2.7%
EVT003935,EMP02985,Salary Increase,2024-11-12,+6.8%
EVT003936,EMP02985,Salary Increase,2025-02-28,+5.8%
EVT003937,EMP02985,Salary Increase,2024-04-08,+5.6%
EVT003938,EMP02985,Salary Increase,2023-03-19,+5.0%
EVT003939,EMP02986,Salary Increase,2024-07-17,+9.0%
EVT003940,EMP02988,Salary Increase,2024-10-04,+7.3%
EVT003941,EMP02988,Salary Increase,2024-05-21,+7.0%
EVT003942,EMP02989,Promotion,2023-12-10,Level up: 1 grade
EVT003943,EMP02989,Salary Increase,2025-04-03,+4.2%
EVT003944,EMP02991,Salary Increase,2023-10-14,+5.0%
EVT003945,EMP02991,Salary Increase,2025-03-05,+1.8%
EVT003946,EMP02992,Salary Increase,2024-08-30,+0.5%
EVT003947,EMP02992,Salary Increase,2023-03-14,+5.0%
EVT003948,EMP02992,Salary Increase,2024-06-22,+4.0%
EVT003949,EMP02993,Salary Increase,2025-05-29,+5.5%
EVT003950,EMP02993,Salary Increase,2024-03-30,+7.5%
EVT003951,EMP02993,Salary Increase,2023-12-05,+6.6%
EVT003952,EMP02994,Salary Increase,2025-02-26,+6.6%
EVT003953,EMP02995,Salary Increase,2023-08-06,+6.3%
EVT003954,EMP02995,Salary Increase,2023-06-18,+0.5%
EVT003955,EMP02996,Promotion,2024-04-18,Level up: 1 grade
EVT003956,EMP02997,Salary Increase,2024-01-12,+4.7%
EVT003957,EMP02998,Salary Increase,2024-04-05,+6.9%
EVT003958,EMP02999,Salary Increase,2024-06-03,+2.4%
EVT003959,EMP02999,Salary Increase,2024-10-28,+3.2%
EVT003960,EMP02999,Salary Increase,2023-10-29,+3.1%
EVT003961,EMP03000,Promotion,2024-04-02,Level up: 1 grade
EVT003962,EMP03002,Salary Increase,2023-02-15,+5.2%
EVT003963,EMP03002,Salary Increase,2023-11-16,+2.6%
EVT003964,EMP03004,Salary Increase,2024-08-30,+2.5%
EVT003965,EMP03007,Salary Increase,2024-12-12,+6.2%
EVT003966,EMP03008,Salary Increase,2024-09-07,+5.6%
EVT003967,EMP03008,Salary Increase,2024-06-07,+5.5%
EVT003968,EMP03009,Salary Increase,2024-01-26,+6.4%
EVT003969,EMP03009,Salary Increase,2025-02-15,+4.8%
EVT003970,EMP03009,Salary Increase,2024-09-29,+7.7%
EVT003971,EMP03010,Salary Increase,2025-02-07,+7.1%
EVT003972,EMP03010,Salary Increase,2023-07-24,+3.3%
EVT003973,EMP03011,Salary Increase,2023-10-04,+3.4%
EVT003974,EMP03011,Salary Increase,2024-04-15,+6.3%
EVT003975,EMP03011,Salary Increase,2023-11-12,+5.0%
EVT003976,EMP03012,Salary Increase,2023-07-12,+3.0%
EVT003977,EMP03013,Salary Increase,2023-04-01,+4.5%
EVT003978,EMP03013,Salary Increase,2024-06-22,+4.2%
EVT003979,EMP03016,Salary Increase,2024-08-20,+3.7%
EVT003980,EMP03016,Salary Increase,2025-06-25,+7.9%
EVT003981,EMP03016,Salary Increase,2025-06-19,+6.5%
EVT003982,EMP03016,Exit,2023-10-19,Voluntary - Compensation
EVT003983,EMP03017,Salary Increase,2025-06-18,+6.9%
EVT003984,EMP03019,Salary Increase,2024-07-23,+10.1%
EVT003985,EMP03022,Salary Increase,2023-10-14,+5.2%
EVT003986,EMP03023,Salary Increase,2025-04-29,+8.7%
EVT003987,EMP03023,Salary Increase,2024-02-23,+9.3%
EVT003988,EMP03023,Salary Increase,2023-04-10,+3.6%
EVT003989,EMP03025,Salary Increase,2025-01-21,+7.4%
EVT003990,EMP03026,Salary Increase,2024-07-12,+6.6%
EVT003991,EMP03026,Salary Increase,2025-05-09,+4.1%
EVT003992,EMP03027,Salary Increase,2023-01-13,+9.9%
EVT003993,EMP03028,Salary Increase,2024-10-15,+7.6%
EVT003994,EMP03029,Promotion,2025-05-23,Level up: 1 grade
EVT003995,EMP03029,Salary Increase,2024-12-02,+5.1%
EVT003996,EMP03030,Salary Increase,2024-02-17,+2.9%
EVT003997,EMP03031,Salary Increase,2024-08-04,+4.1%
EVT003998,EMP03032,Salary Increase,2025-02-05,+4.8%
EVT003999,EMP03032,Salary Increase,2024-07-18,+6.7%
EVT004000,EMP03033,Salary Increase,2025-01-06,+6.3%
EVT004001,EMP03035,Salary Increase,2025-06-11,+5.7%
EVT004002,EMP03036,Promotion,2025-01-19,Level up: 1 grade
EVT004003,EMP03036,Salary Increase,2023-12-15,+3.9%
EVT004004,EMP03036,Salary Increase,2025-05-26,+6.0%
EVT004005,EMP03036,Salary Increase,2024-07-12,+2.3%
EVT004006,EMP03037,Salary Increase,2024-04-16,+5.7%
EVT004007,EMP03038,Promotion,2024-05-11,Level up: 1 grade
EVT004008,EMP03039,Salary Increase,2024-07-22,+5.2%
EVT004009,EMP03039,Salary Increase,2025-04-05,+1.9%
EVT004010,EMP03039,Salary Increase,2023-08-31,+5.2%
EVT004011,EMP03039,Exit,2025-04-02,Voluntary - Personal Reasons
EVT004012,EMP03040,Promotion,2023-10-08,Level up: 1 grade
EVT004013,EMP03040,Salary Increase,2024-05-16,+6.7%
EVT004014,EMP03041,Salary Increase,2025-02-12,+4.4%
EVT004015,EMP03041,Salary Increase,2025-05-31,+3.9%
EVT004016,EMP03042,Salary Increase,2024-01-21,+7.0%
EVT004017,EMP03043,Salary Increase,2025-04-02,+5.1%
EVT004018,EMP03044,Promotion,2025-02-17,Level up: 1 grade
EVT004019,EMP03044,Salary Increase,2024-12-14,+7.0%
EVT004020,EMP03045,Salary Increase,2024-05-30,+1.1%
EVT004021,EMP03047,Promotion,2023-10-19,Level up: 2 grades
EVT004022,EMP03047,Salary Increase,2024-12-27,+12.0%
EVT004023,EMP03047,Exit,2024-10-17,Voluntary - Better Opportunity
EVT004024,EMP03048,Salary Increase,2025-03-31,+8.9%
EVT004025,EMP03049,Salary Increase,2023-10-13,+6.4%
EVT004026,EMP03049,Salary Increase,2023-12-15,+2.5%
EVT004027,EMP03050,Salary Increase,2024-09-20,+5.0%
EVT004028,EMP03050,Salary Increase,2025-02-28,+6.2%
EVT004029,EMP03051,Salary Increase,2025-03-25,+3.4%
EVT004030,EMP03051,Salary Increase,2023-12-28,+4.7%
EVT004031,EMP03054,Promotion,2025-01-24,Level up: 2 grades
EVT004032,EMP03054,Salary Increase,2023-03-26,+5.3%
EVT004033,EMP03056,Salary Increase,2023-01-12,+5.4%
EVT004034,EMP03057,Promotion,2024-06-06,Level up: 1 grade
EVT004035,EMP03058,Exit,2025-02-23,Voluntary - Career Growth
EVT004036,EMP03059,Salary Increase,2023-06-28,+6.5%
EVT004037,EMP03059,Salary Increase,2024-08-31,+6.8%
EVT004038,EMP03059,Salary Increase,2023-11-06,+5.4%
EVT004039,EMP03060,Salary Increase,2024-10-13,+4.6%
EVT004040,EMP03064,Salary Increase,2025-02-19,+4.3%
EVT004041,EMP03065,Salary Increase,2023-08-27,+8.5%
EVT004042,EMP03066,Promotion,2024-09-09,Level up: 1 grade
EVT004043,EMP03066,Salary Increase,2023-02-16,+7.3%
EVT004044,EMP03067,Salary Increase,2023-09-18,+5.0%
EVT004045,EMP03067,Salary Increase,2023-09-02,+10.0%
EVT004046,EMP03068,Salary Increase,2024-06-24,+11.2%
EVT004047,EMP03069,Salary Increase,2023-03-27,+9.6%
EVT004048,EMP03069,Salary Increase,2024-03-18,+7.3%
EVT004049,EMP03069,Salary Increase,2023-07-30,+3.9%
EVT004050,EMP03069,Salary Increase,2023-02-12,+7.0%
EVT004051,EMP03070,Exit,2023-11-30,Voluntary - Better Opportunity
EVT004052,EMP03072,Salary Increase,2023-07-08,+6.2%
EVT004053,EMP03072,Salary Increase,2023-10-08,+10.2%
EVT004054,EMP03072,Salary Increase,2023-11-26,+6.8%
EVT004055,EMP03073,Salary Increase,2025-03-01,+6.7%
EVT004056,EMP03074,Promotion,2025-03-17,Level up: 1 grade
EVT004057,EMP03074,Salary Increase,2024-09-23,+1.8%
EVT004058,EMP03074,Salary Increase,2023-11-29,+7.7%
EVT004059,EMP03074,Salary Increase,2023-03-01,+4.4%
EVT004060,EMP03077,Salary Increase,2023-11-21,+8.3%
EVT004061,EMP03078,Promotion,2025-03-19,Level up: 1 grade
EVT004062,EMP03081,Salary Increase,2024-08-23,+5.1%
EVT004063,EMP03081,Salary Increase,2025-01-04,+7.0%
EVT004064,EMP03082,Salary Increase,2023-09-01,+6.6%
EVT004065,EMP03082,Salary Increase,2024-11-09,+6.0%
EVT004066,EMP03083,Salary Increase,2025-05-16,+3.8%
EVT004067,EMP03083,Salary Increase,2024-08-31,+5.9%
EVT004068,EMP03084,Salary Increase,2025-06-03,+5.4%
EVT004069,EMP03085,Promotion,2024-11-24,Level up: 1 grade
EVT004070,EMP03085,Salary Increase,2023-04-15,+10.6%
EVT004071,EMP03085,Salary Increase,2024-12-28,+7.1%
EVT004072,EMP03085,Salary Increase,2024-04-05,+8.4%
EVT004073,EMP03086,Promotion,2024-12-28,Level up: 1 grade
EVT004074,EMP03086,Salary Increase,2023-05-01,+0.5%
EVT004075,EMP03086,Salary Increase,2023-03-25,+4.8%
EVT004076,EMP03086,Salary Increase,2024-07-27,+9.7%
EVT004077,EMP03087,Salary Increase,2023-09-09,+9.7%
EVT004078,EMP03088,Salary Increase,2024-01-15,+9.4%
EVT004079,EMP03090,Promotion,2024-02-07,Level up: 2 grades
EVT004080,EMP03093,Salary Increase,2024-06-18,+6.2%
EVT004081,EMP03095,Salary Increase,2024-06-13,+2.9%
EVT004082,EMP03095,Salary Increase,2023-12-18,+3.1%
EVT004083,EMP03095,Exit,2023-12-22,Voluntary - Compensation
EVT004084,EMP03096,Salary Increase,2024-07-19,+7.9%
EVT004085,EMP03096,Salary Increase,2025-02-12,+5.5%
EVT004086,EMP03096,Exit,2024-10-05,Voluntary - Personal Reasons
EVT004087,EMP03097,Salary Increase,2024-04-27,+9.3%
EVT004088,EMP03097,Salary Increase,2024-11-08,+8.8%
EVT004089,EMP03098,Salary Increase,2023-06-07,+6.2%
EVT004090,EMP03100,Exit,2024-02-04,Involuntary - Restructuring
EVT004091,EMP03103,Salary Increase,2023-05-21,+2.0%
EVT004092,EMP03106,Salary Increase,2023-03-18,+5.5%
EVT004093,EMP03108,Salary Increase,2023-06-02,+5.3%
EVT004094,EMP03109,Salary Increase,2023-07-26,+6.4%
EVT004095,EMP03110,Exit,2024-05-10,Voluntary - Career Growth
EVT004096,EMP03111,Salary Increase,2023-12-07,+7.2%
EVT004097,EMP03111,Salary Increase,2024-02-09,+4.8%
EVT004098,EMP03111,Salary Increase,2023-03-03,+5.7%
EVT004099,EMP03112,Salary Increase,2023-12-31,+6.6%
EVT004100,EMP03112,Salary Increase,2024-02-20,+4.0%
EVT004101,EMP03113,Promotion,2024-01-06,Level up: 1 grade
EVT004102,EMP03114,Salary Increase,2025-01-05,+6.8%
EVT004103,EMP03117,Salary Increase,2024-03-27,+3.9%
EVT004104,EMP03118,Salary Increase,2024-01-09,+8.2%
EVT004105,EMP03118,Salary Increase,2024-03-23,+5.4%
EVT004106,EMP03119,Salary Increase,2023-03-16,+7.7%
EVT004107,EMP03120,Salary Increase,2025-02-13,+6.8%
EVT004108,EMP03120,Salary Increase,2025-06-17,+7.1%
EVT004109,EMP03120,Salary Increase,2023-02-08,+3.9%
EVT004110,EMP03121,Promotion,2024-02-21,Level up: 2 grades
EVT004111,EMP03121,Salary Increase,2024-11-01,+2.3%
EVT004112,EMP03121,Salary Increase,2024-01-30,+6.0%
EVT004113,EMP03121,Salary Increase,2023-05-31,+3.6%
EVT004114,EMP03122,Salary Increase,2024-07-07,+9.5%
EVT004115,EMP03122,Salary Increase,2023-01-17,+1.5%
EVT004116,EMP03123,Promotion,2025-06-23,Level up: 1 grade
EVT004117,EMP03123,Salary Increase,2025-02-14,+5.4%
EVT004118,EMP03125,Salary Increase,2024-03-08,+6.3%
EVT004119,EMP03128,Salary Increase,2023-09-15,+7.1%
EVT004120,EMP03130,Salary Increase,2023-06-17,+6.6%
EVT004121,EMP03131,Salary Increase,2023-10-14,+5.2%
EVT004122,EMP03131,Salary Increase,2023-06-16,+2.1%
EVT004123,EMP03132,Salary Increase,2024-12-26,+8.9%
EVT004124,EMP03132,Salary Increase,2024-04-13,+4.0%
EVT004125,EMP03133,Promotion,2023-10-10,Level up: 2 grades
EVT004126,EMP03133,Salary Increase,2025-01-02,+6.3%
EVT004127,EMP03134,Salary Increase,2024-08-12,+7.3%
EVT004128,EMP03136,Salary Increase,2024-03-04,+5.4%
EVT004129,EMP03138,Salary Increase,2024-11-27,+6.6%
EVT004130,EMP03138,Salary Increase,2023-07-07,+7.4%
EVT004131,EMP03139,Salary Increase,2025-04-04,+2.0%
EVT004132,EMP03141,Salary Increase,2025-06-28,+2.1%
EVT004133,EMP03142,Salary Increase,2024-12-26,+5.4%
EVT004134,EMP03142,Salary Increase,2023-03-09,+3.4%
EVT004135,EMP03143,Promotion,2024-06-11,Level up: 1 grade
EVT004136,EMP03143,Salary Increase,2025-05-24,+4.8%
EVT004137,EMP03145,Promotion,2024-03-22,Level up: 1 grade
EVT004138,EMP03145,Salary Increase,2024-10-07,+5.7%
EVT004139,EMP03145,Salary Increase,2024-07-14,+4.9%
EVT004140,EMP03146,Salary Increase,2023-06-12,+4.5%
EVT004141,EMP03146,Salary Increase,2024-09-25,+5.0%
EVT004142,EMP03149,Salary Increase,2023-03-16,+3.3%
EVT004143,EMP03151,Salary Increase,2025-04-02,+6.6%
EVT004144,EMP03152,Salary Increase,2023-02-28,+2.6%
EVT004145,EMP03152,Salary Increase,2023-09-07,+9.5%
EVT004146,EMP03154,Salary Increase,2023-10-24,+8.0%
EVT004147,EMP03154,Salary Increase,2023-03-24,+4.5%
EVT004148,EMP03155,Salary Increase,2025-05-16,+4.6%
EVT004149,EMP03156,Promotion,2024-04-27,Level up: 1 grade
EVT004150,EMP03156,Salary Increase,2023-06-20,+1.9%
EVT004151,EMP03158,Salary Increase,2023-05-14,+3.5%
EVT004152,EMP03159,Salary Increase,2024-02-14,+4.3%
EVT004153,EMP03159,Salary Increase,2023-02-05,+5.5%
EVT004154,EMP03159,Salary Increase,2025-05-09,+2.2%
EVT004155,EMP03160,Salary Increase,2023-03-11,+3.5%
EVT004156,EMP03160,Salary Increase,2024-06-10,+7.7%
EVT004157,EMP03161,Salary Increase,2024-02-09,+6.3%
EVT004158,EMP03161,Salary Increase,2023-02-26,+8.5%
EVT004159,EMP03161,Salary Increase,2023-09-03,+4.4%
EVT004160,EMP03162,Salary Increase,2024-01-27,+6.1%
EVT004161,EMP03164,Salary Increase,2024-03-24,+5.0%
EVT004162,EMP03166,Salary Increase,2023-10-25,+3.3%
EVT004163,EMP03166,Exit,2023-05-29,Involuntary - Performance
EVT004164,EMP03167,Salary Increase,2024-07-10,+10.2%
EVT004165,EMP03168,Salary Increase,2023-04-17,+6.0%
EVT004166,EMP03169,Salary Increase,2023-03-13,+7.5%
EVT004167,EMP03170,Salary Increase,2023-10-24,+6.6%
EVT004168,EMP03172,Salary Increase,2024-07-11,+4.1%
EVT004169,EMP03172,Salary Increase,2023-04-02,+6.2%
EVT004170,EMP03172,Salary Increase,2023-08-03,+9.9%
EVT004171,EMP03172,Salary Increase,2023-06-20,+6.4%
EVT004172,EMP03174,Salary Increase,2024-06-12,+10.8%
EVT004173,EMP03175,Salary Increase,2025-05-06,+3.5%
EVT004174,EMP03175,Salary Increase,2024-02-21,+7.6%
EVT004175,EMP03177,Salary Increase,2023-03-09,+0.8%
EVT004176,EMP03177,Salary Increase,2024-08-28,+12.6%
EVT004177,EMP03178,Salary Increase,2024-04-02,+5.4%
EVT004178,EMP03179,Promotion,2024-02-27,Level up: 1 grade
EVT004179,EMP03179,Salary Increase,2024-05-11,+6.0%
EVT004180,EMP03180,Promotion,2024-10-05,Level up: 1 grade
EVT004181,EMP03180,Salary Increase,2023-05-31,+7.6%
EVT004182,EMP03183,Salary Increase,2024-12-21,+7.4%
EVT004183,EMP03186,Salary Increase,2023-07-15,+8.3%
EVT004184,EMP03186,Salary Increase,2023-12-21,+6.0%
EVT004185,EMP03186,Salary Increase,2023-08-18,+7.8%
EVT004186,EMP03187,Exit,2024-09-05,Voluntary - Better Opportunity
EVT004187,EMP03188,Salary Increase,2024-01-12,+3.1%
EVT004188,EMP03188,Salary Increase,2023-09-08,+6.6%
EVT004189,EMP03189,Salary Increase,2024-01-01,+5.9%
EVT004190,EMP03191,Promotion,2023-08-22,Level up: 1 grade
EVT004191,EMP03192,Salary Increase,2024-09-21,+5.5%
EVT004192,EMP03192,Salary Increase,2023-12-04,+7.6%
EVT004193,EMP03194,Salary Increase,2023-05-08,+2.3%
EVT004194,EMP03194,Salary Increase,2024-05-04,+8.1%
EVT004195,EMP03195,Salary Increase,2024-01-24,+7.9%
EVT004196,EMP03195,Salary Increase,2023-06-05,+2.8%
EVT004197,EMP03196,Salary Increase,2025-03-11,+7.2%
EVT004198,EMP03196,Exit,2024-12-07,Voluntary - Compensation
EVT004199,EMP03197,Salary Increase,2023-03-08,+5.0%
EVT004200,EMP03201,Promotion,2023-11-03,Level up: 1 grade
EVT004201,EMP03201,Salary Increase,2025-05-14,+9.1%
EVT004202,EMP03202,Promotion,2024-08-07,Level up: 2 grades
EVT004203,EMP03205,Salary Increase,2024-11-17,+7.1%
EVT004204,EMP03205,Salary Increase,2025-05-26,+6.8%
EVT004205,EMP03207,Salary Increase,2023-02-16,+6.1%
EVT004206,EMP03207,Salary Increase,2023-12-15,+8.8%
EVT004207,EMP03209,Promotion,2024-11-23,Level up: 1 grade
EVT004208,EMP03209,Salary Increase,2024-07-30,+4.9%
EVT004209,EMP03210,Salary Increase,2024-03-23,+4.7%
EVT004210,EMP03210,Salary Increase,2024-04-14,+5.2%
EVT004211,EMP03211,Salary Increase,2023-01-22,+2.7%
EVT004212,EMP03211,Salary Increase,2025-06-11,+5.3%
EVT004213,EMP03211,Exit,2023-10-15,Voluntary - Career Growth
EVT004214,EMP03213,Salary Increase,2025-03-02,+5.9%
EVT004215,EMP03214,Salary Increase,2025-05-19,+0.5%
EVT004216,EMP03214,Salary Increase,2023-01-07,+3.5%
EVT004217,EMP03216,Promotion,2024-01-10,Level up: 1 grade
EVT004218,EMP03216,Salary Increase,2024-12-10,+1.9%
EVT004219,EMP03217,Salary Increase,2023-11-10,+0.9%
EVT004220,EMP03219,Salary Increase,2024-01-17,+1.9%
EVT004221,EMP03219,Salary Increase,2025-05-26,+4.1%
EVT004222,EMP03220,Promotion,2023-09-06,Level up: 2 grades
EVT004223,EMP03221,Salary Increase,2023-09-30,+7.6%
EVT004224,EMP03221,Salary Increase,2024-08-10,+5.7%
EVT004225,EMP03222,Salary Increase,2025-01-31,+1.6%
EVT004226,EMP03224,Salary Increase,2025-01-16,+8.2%
EVT004227,EMP03226,Salary Increase,2024-01-25,+2.5%
EVT004228,EMP03228,Promotion,2024-05-19,Level up: 2 grades
EVT004229,EMP03228,Salary Increase,2023-03-18,+1.6%
EVT004230,EMP03229,Salary Increase,2024-05-26,+0.5%
EVT004231,EMP03229,Salary Increase,2023-05-13,+0.5%
EVT004232,EMP03229,Salary Increase,2024-04-19,+5.8%
EVT004233,EMP03229,Salary Increase,2025-03-14,+3.3%
EVT004234,EMP03230,Salary Increase,2025-01-08,+7.1%
EVT004235,EMP03230,Salary Increase,2024-07-21,+6.2%
EVT004236,EMP03230,Salary Increase,2023-08-04,+6.7%
EVT004237,EMP03231,Promotion,2024-12-22,Level up: 1 grade
EVT004238,EMP03231,Salary Increase,2025-04-24,+5.3%
EVT004239,EMP03233,Salary Increase,2024-12-06,+7.0%
EVT004240,EMP03234,Salary Increase,2023-11-05,+5.0%
EVT004241,EMP03234,Salary Increase,2024-11-08,+6.6%
EVT004242,EMP03235,Promotion,2024-07-23,Level up: 1 grade
EVT004243,EMP03237,Salary Increase,2023-09-24,+5.5%
EVT004244,EMP03237,Salary Increase,2025-05-18,+3.3%
EVT004245,EMP03237,Salary Increase,2023-12-11,+2.3%
EVT004246,EMP03237,Salary Increase,2023-01-06,+7.0%
EVT004247,EMP03238,Salary Increase,2023-11-17,+2.8%
EVT004248,EMP03238,Exit,2025-04-15,Involuntary - Restructuring
EVT004249,EMP03239,Salary Increase,2023-06-24,+3.3%
EVT004250,EMP03240,Salary Increase,2023-01-22,+2.9%
EVT004251,EMP03240,Salary Increase,2024-08-23,+1.6%
EVT004252,EMP03241,Promotion,2023-10-16,Level up: 2 grades
EVT004253,EMP03242,Salary Increase,2023-11-08,+7.7%
EVT004254,EMP03242,Salary Increase,2023-12-20,+8.3%
EVT004255,EMP03243,Promotion,2023-09-24,Level up: 1 grade
EVT004256,EMP03243,Salary Increase,2024-02-01,+9.8%
EVT004257,EMP03243,Salary Increase,2024-10-26,+7.0%
EVT004258,EMP03245,Promotion,2025-01-14,Level up: 1 grade
EVT004259,EMP03245,Salary Increase,2024-02-17,+6.0%
EVT004260,EMP03245,Salary Increase,2024-12-02,+2.0%
EVT004261,EMP03247,Salary Increase,2023-08-13,+8.8%
EVT004262,EMP03247,Salary Increase,2023-08-01,+3.8%
EVT004263,EMP03248,Salary Increase,2023-08-23,+5.0%
EVT004264,EMP03248,Salary Increase,2024-10-08,+5.7%
EVT004265,EMP03248,Salary Increase,2025-06-16,+8.9%
EVT004266,EMP03248,Exit,2024-11-01,Voluntary - Career Growth
EVT004267,EMP03251,Salary Increase,2023-04-21,+4.8%
EVT004268,EMP03252,Salary Increase,2023-06-20,+4.3%
EVT004269,EMP03253,Salary Increase,2025-05-28,+5.9%
EVT004270,EMP03253,Salary Increase,2025-03-15,+6.8%
EVT004271,EMP03254,Salary Increase,2023-03-11,+6.0%
EVT004272,EMP03254,Salary Increase,2023-12-31,+7.6%
EVT004273,EMP03255,Promotion,2023-12-16,Level up: 1 grade
EVT004274,EMP03255,Salary Increase,2024-05-17,+3.4%
EVT004275,EMP03257,Salary Increase,2023-09-01,+6.2%
EVT004276,EMP03257,Salary Increase,2023-07-18,+8.5%
EVT004277,EMP03258,Promotion,2024-10-10,Level up: 1 grade
EVT004278,EMP03258,Salary Increase,2023-10-10,+4.6%
EVT004279,EMP03260,Promotion,2024-06-22,Level up: 1 grade
EVT004280,EMP03260,Salary Increase,2024-11-17,+6.0%
EVT004281,EMP03262,Salary Increase,2023-09-27,+4.6%
EVT004282,EMP03263,Salary Increase,2024-08-03,+7.2%
EVT004283,EMP03264,Salary Increase,2024-02-22,+2.3%
EVT004284,EMP03264,Salary Increase,2024-02-08,+5.0%
EVT004285,EMP03264,Salary Increase,2025-06-12,+3.0%
EVT004286,EMP03264,Salary Increase,2025-03-11,+3.2%
EVT004287,EMP03264,Exit,2024-02-25,Voluntary - Better Opportunity
EVT004288,EMP03265,Salary Increase,2024-05-12,+7.6%
EVT004289,EMP03267,Salary Increase,2025-02-10,+5.5%
EVT004290,EMP03267,Salary Increase,2023-03-27,+4.5%
EVT004291,EMP03267,Salary Increase,2024-11-20,+4.4%
EVT004292,EMP03268,Salary Increase,2024-10-27,+7.1%
EVT004293,EMP03270,Promotion,2023-08-15,Level up: 2 grades
EVT004294,EMP03271,Salary Increase,2024-12-21,+7.8%
EVT004295,EMP03271,Exit,2024-05-13,Voluntary - Career Growth
EVT004296,EMP03273,Promotion,2025-05-19,Level up: 1 grade
EVT004297,EMP03273,Salary Increase,2025-04-08,+4.3%
EVT004298,EMP03274,Salary Increase,2024-06-23,+6.1%
EVT004299,EMP03274,Salary Increase,2023-07-04,+3.8%
EVT004300,EMP03276,Salary Increase,2023-05-09,+2.9%
EVT004301,EMP03278,Promotion,2024-11-21,Level up: 2 grades
EVT004302,EMP03278,Salary Increase,2023-09-15,+4.5%
EVT004303,EMP03279,Salary Increase,2025-03-03,+4.4%
EVT004304,EMP03279,Salary Increase,2024-12-30,+8.7%
EVT004305,EMP03279,Salary Increase,2024-10-29,+7.9%
EVT004306,EMP03279,Exit,2023-09-10,Voluntary - Personal Reasons
EVT004307,EMP03280,Salary Increase,2024-11-05,+7.5%
EVT004308,EMP03280,Salary Increase,2024-10-21,+8.5%
EVT004309,EMP03283,Salary Increase,2024-07-17,+3.2%
EVT004310,EMP03284,Salary Increase,2023-07-21,+6.7%
EVT004311,EMP03284,Exit,2023-07-14,Voluntary - Compensation
EVT004312,EMP03287,Salary Increase,2023-02-26,+10.4%
EVT004313,EMP03287,Salary Increase,2024-10-21,+3.7%
EVT004314,EMP03288,Salary Increase,2024-03-24,+7.4%
EVT004315,EMP03289,Salary Increase,2023-08-01,+1.8%
EVT004316,EMP03289,Salary Increase,2025-04-12,+12.8%
EVT004317,EMP03290,Exit,2024-10-31,Voluntary - Compensation
EVT004318,EMP03291,Salary Increase,2025-05-20,+3.7%
EVT004319,EMP03291,Salary Increase,2024-07-22,+5.9%
EVT004320,EMP03292,Salary Increase,2024-03-08,+3.1%
EVT004321,EMP03292,Salary Increase,2023-10-25,+1.2%
EVT004322,EMP03293,Salary Increase,2023-12-08,+4.6%
EVT004323,EMP03295,Salary Increase,2023-01-12,+6.2%
EVT004324,EMP03296,Promotion,2023-11-26,Level up: 2 grades
EVT004325,EMP03296,Salary Increase,2025-04-08,+5.6%
EVT004326,EMP03296,Salary Increase,2023-08-29,+3.2%
EVT004327,EMP03296,Salary Increase,2025-02-23,+6.6%
EVT004328,EMP03297,Promotion,2023-12-20,Level up: 1 grade
EVT004329,EMP03298,Salary Increase,2024-06-08,+2.3%
EVT004330,EMP03299,Promotion,2025-05-30,Level up: 1 grade
EVT004331,EMP03299,Salary Increase,2025-05-25,+6.0%
EVT004332,EMP03300,Salary Increase,2023-03-07,+1.8%
EVT004333,EMP03302,Salary Increase,2023-04-20,+10.4%
EVT004334,EMP03302,Salary Increase,2023-01-16,+4.0%
EVT004335,EMP03303,Salary Increase,2023-06-11,+6.5%
EVT004336,EMP03303,Salary Increase,2024-12-17,+0.5%
EVT004337,EMP03303,Salary Increase,2024-04-08,+9.8%
EVT004338,EMP03304,Salary Increase,2024-10-09,+5.8%
EVT004339,EMP03305,Salary Increase,2024-06-27,+5.9%
EVT004340,EMP03305,Salary Increase,2023-02-02,+8.8%
EVT004341,EMP03306,Salary Increase,2023-02-25,+6.2%
EVT004342,EMP03307,Salary Increase,2025-05-01,+5.4%
EVT004343,EMP03308,Promotion,2024-02-26,Level up: 1 grade
EVT004344,EMP03309,Salary Increase,2023-06-18,+3.2%
EVT004345,EMP03309,Salary Increase,2023-11-15,+4.2%
EVT004346,EMP03310,Salary Increase,2023-01-18,+4.8%
EVT004347,EMP03312,Salary Increase,2024-08-21,+7.9%
EVT004348,EMP03312,Salary Increase,2024-04-29,+6.9%
EVT004349,EMP03313,Salary Increase,2023-07-04,+5.4%
EVT004350,EMP03313,Salary Increase,2024-11-07,+6.1%
EVT004351,EMP03314,Salary Increase,2025-04-09,+10.3%
EVT004352,EMP03316,Promotion,2025-05-07,Level up: 1 grade
EVT004353,EMP03316,Salary Increase,2024-09-12,+0.5%
EVT004354,EMP03318,Salary Increase,2024-10-25,+6.0%
EVT004355,EMP03318,Salary Increase,2023-08-17,+9.3%
EVT004356,EMP03318,Salary Increase,2024-01-11,+5.5%
EVT004357,EMP03319,Salary Increase,2023-01-06,+6.7%
EVT004358,EMP03320,Promotion,2023-11-04,Level up: 2 grades
EVT004359,EMP03320,Salary Increase,2023-11-20,+4.3%
EVT004360,EMP03320,Salary Increase,2025-02-23,+5.3%
EVT004361,EMP03320,Salary Increase,2023-05-15,+4.7%
EVT004362,EMP03321,Salary Increase,2023-02-05,+3.2%
EVT004363,EMP03321,Exit,2023-04-23,Voluntary - Better Opportunity
EVT004364,EMP03322,Promotion,2024-12-18,Level up: 2 grades
EVT004365,EMP03323,Salary Increase,2023-05-11,+3.0%
EVT004366,EMP03323,Salary Increase,2024-04-04,+0.5%
EVT004367,EMP03324,Promotion,2025-06-18,Level up: 1 grade
EVT004368,EMP03324,Salary Increase,2023-06-19,+8.6%
EVT004369,EMP03325,Salary Increase,2025-06-23,+9.8%
EVT004370,EMP03325,Salary Increase,2023-08-24,+2.2%
EVT004371,EMP03326,Salary Increase,2024-11-26,+7.5%
EVT004372,EMP03328,Salary Increase,2023-10-03,+3.2%
EVT004373,EMP03330,Promotion,2023-10-18,Level up: 1 grade
EVT004374,EMP03330,Salary Increase,2023-08-16,+9.1%
EVT004375,EMP03330,Salary Increase,2023-09-24,+5.1%
EVT004376,EMP03331,Promotion,2025-01-14,Level up: 1 grade
EVT004377,EMP03331,Salary Increase,2024-12-26,+1.4%
EVT004378,EMP03331,Salary Increase,2023-05-16,+7.7%
EVT004379,EMP03331,Salary Increase,2023-06-26,+5.4%
EVT004380,EMP03331,Salary Increase,2023-08-01,+0.5%
EVT004381,EMP03331,Salary Increase,2024-11-27,+4.3%
EVT004382,EMP03332,Salary Increase,2025-01-11,+6.0%
EVT004383,EMP03332,Salary Increase,2025-05-06,+5.3%
EVT004384,EMP03333,Salary Increase,2024-09-04,+10.8%
EVT004385,EMP03334,Salary Increase,2025-05-15,+7.9%
EVT004386,EMP03335,Salary Increase,2023-11-20,+2.2%
EVT004387,EMP03335,Salary Increase,2023-04-02,+6.1%
EVT004388,EMP03336,Promotion,2024-08-25,Level up: 2 grades
EVT004389,EMP03336,Salary Increase,2023-04-23,+10.2%
EVT004390,EMP03336,Salary Increase,2025-05-15,+5.9%
EVT004391,EMP03336,Salary Increase,2023-11-08,+8.6%
EVT004392,EMP03336,Salary Increase,2024-12-17,+6.9%
EVT004393,EMP03336,Salary Increase,2023-06-18,+9.3%
EVT004394,EMP03337,Salary Increase,2023-09-24,+4.5%
EVT004395,EMP03337,Salary Increase,2024-04-06,+5.9%
EVT004396,EMP03338,Salary Increase,2025-03-20,+6.0%
EVT004397,EMP03338,Salary Increase,2023-05-17,+5.1%
EVT004398,EMP03339,Salary Increase,2023-06-18,+4.5%
EVT004399,EMP03340,Promotion,2024-12-14,Level up: 2 grades
EVT004400,EMP03340,Salary Increase,2024-11-09,+5.0%
EVT004401,EMP03341,Promotion,2024-05-01,Level up: 2 grades
EVT004402,EMP03341,Salary Increase,2024-10-14,+3.5%
EVT004403,EMP03341,Salary Increase,2023-08-12,+5.8%
EVT004404,EMP03342,Salary Increase,2023-02-28,+0.5%
EVT004405,EMP03342,Salary Increase,2024-12-28,+2.7%
EVT004406,EMP03343,Salary Increase,2023-07-11,+2.0%
EVT004407,EMP03343,Salary Increase,2025-01-01,+8.5%
EVT004408,EMP03343,Salary Increase,2025-03-10,+2.9%
EVT004409,EMP03345,Salary Increase,2025-06-09,+8.6%
EVT004410,EMP03347,Salary Increase,2025-06-16,+3.9%
EVT004411,EMP03347,Salary Increase,2024-06-29,+4.1%
EVT004412,EMP03347,Salary Increase,2025-04-19,+3.7%
EVT004413,EMP03348,Promotion,2024-08-23,Level up: 1 grade
EVT004414,EMP03348,Salary Increase,2024-03-26,+6.4%
EVT004415,EMP03349,Salary Increase,2023-02-11,+6.7%
EVT004416,EMP03349,Exit,2025-05-29,Involuntary - Performance
EVT004417,EMP03350,Salary Increase,2024-02-23,+4.5%
EVT004418,EMP03350,Salary Increase,2023-04-19,+7.6%
EVT004419,EMP03351,Salary Increase,2023-11-28,+5.8%
EVT004420,EMP03351,Salary Increase,2023-12-31,+6.1%
EVT004421,EMP03352,Salary Increase,2025-02-21,+3.8%
EVT004422,EMP03352,Salary Increase,2024-11-15,+3.4%
EVT004423,EMP03353,Salary Increase,2025-01-04,+4.8%
EVT004424,EMP03353,Salary Increase,2023-10-09,+3.0%
EVT004425,EMP03354,Promotion,2023-08-24,Level up: 2 grades
EVT004426,EMP03354,Salary Increase,2023-11-15,+7.5%
EVT004427,EMP03355,Salary Increase,2025-06-29,+1.7%
EVT004428,EMP03355,Salary Increase,2024-03-12,+8.2%
EVT004429,EMP03355,Salary Increase,2023-06-14,+5.3%
EVT004430,EMP03355,Salary Increase,2024-04-12,+3.6%
EVT004431,EMP03356,Salary Increase,2025-03-30,+7.0%
EVT004432,EMP03356,Salary Increase,2024-05-19,+7.2%
EVT004433,EMP03356,Salary Increase,2024-05-20,+6.8%
EVT004434,EMP03357,Salary Increase,2023-05-01,+5.6%
EVT004435,EMP03357,Salary Increase,2024-02-18,+6.1%
EVT004436,EMP03358,Exit,2023-09-19,Voluntary - Better Opportunity
EVT004437,EMP03359,Salary Increase,2025-05-15,+8.3%
EVT004438,EMP03360,Promotion,2024-07-29,Level up: 1 grade
EVT004439,EMP03360,Salary Increase,2023-01-02,+6.0%
EVT004440,EMP03360,Salary Increase,2023-03-05,+8.0%
EVT004441,EMP03361,Salary Increase,2023-11-14,+0.7%
EVT004442,EMP03362,Promotion,2024-12-03,Level up: 2 grades
EVT004443,EMP03362,Salary Increase,2025-02-02,+5.9%
EVT004444,EMP03363,Salary Increase,2024-06-02,+6.4%
EVT004445,EMP03363,Salary Increase,2024-09-30,+4.8%
EVT004446,EMP03364,Exit,2025-05-22,Involuntary - Performance
EVT004447,EMP03365,Salary Increase,2023-02-07,+4.2%
EVT004448,EMP03365,Salary Increase,2024-09-13,+11.9%
EVT004449,EMP03366,Salary Increase,2023-02-04,+7.0%
EVT004450,EMP03366,Salary Increase,2025-02-25,+9.3%
EVT004451,EMP03366,Salary Increase,2023-04-26,+8.0%
EVT004452,EMP03368,Salary Increase,2024-06-02,+1.4%
EVT004453,EMP03368,Salary Increase,2024-10-08,+4.4%
EVT004454,EMP03369,Salary Increase,2023-12-09,+1.8%
EVT004455,EMP03370,Salary Increase,2024-05-22,+6.3%
EVT004456,EMP03370,Salary Increase,2024-06-30,+5.4%
EVT004457,EMP03371,Salary Increase,2025-05-15,+3.1%
EVT004458,EMP03372,Salary Increase,2024-01-20,+8.4%
EVT004459,EMP03374,Salary Increase,2025-05-13,+3.8%
EVT004460,EMP03374,Salary Increase,2024-10-30,+6.3%
EVT004461,EMP03374,Salary Increase,2024-05-30,+3.3%
EVT004462,EMP03374,Salary Increase,2023-11-27,+3.5%
EVT004463,EMP03375,Promotion,2024-06-22,Level up: 1 grade
EVT004464,EMP03375,Salary Increase,2024-11-12,+5.6%
EVT004465,EMP03376,Salary Increase,2025-01-10,+1.0%
EVT004466,EMP03377,Salary Increase,2024-02-18,+3.5%
EVT004467,EMP03378,Promotion,2024-02-09,Level up: 1 grade
EVT004468,EMP03378,Salary Increase,2024-08-10,+5.5%
EVT004469,EMP03378,Salary Increase,2023-09-25,+7.4%
EVT004470,EMP03379,Salary Increase,2023-08-10,+11.6%
EVT004471,EMP03379,Exit,2023-06-09,Voluntary - Better Opportunity
EVT004472,EMP03380,Salary Increase,2023-01-30,+6.1%
EVT004473,EMP03380,Salary Increase,2024-10-11,+6.4%
EVT004474,EMP03382,Salary Increase,2023-05-17,+7.5%
EVT004475,EMP03383,Promotion,2024-02-27,Level up: 2 grades
EVT004476,EMP03384,Salary Increase,2024-06-01,+9.3%
EVT004477,EMP03384,Salary Increase,2023-08-12,+8.8%
EVT004478,EMP03385,Salary Increase,2023-11-25,+4.6%
EVT004479,EMP03387,Salary Increase,2025-05-20,+2.3%
EVT004480,EMP03388,Salary Increase,2023-12-30,+5.2%
EVT004481,EMP03389,Salary Increase,2023-09-13,+4.4%
EVT004482,EMP03391,Salary Increase,2024-09-11,+5.7%
EVT004483,EMP03393,Salary Increase,2024-12-24,+6.4%
EVT004484,EMP03394,Promotion,2023-11-21,Level up: 1 grade
EVT004485,EMP03394,Salary Increase,2025-01-03,+2.5%
EVT004486,EMP03394,Salary Increase,2023-06-15,+5.5%
EVT004487,EMP03394,Salary Increase,2023-03-19,+8.3%
EVT004488,EMP03395,Promotion,2023-10-05,Level up: 2 grades
EVT004489,EMP03395,Salary Increase,2024-07-03,+8.7%
EVT004490,EMP03397,Promotion,2024-10-05,Level up: 1 grade
EVT004491,EMP03397,Salary Increase,2023-06-25,+7.8%
EVT004492,EMP03398,Salary Increase,2024-06-17,+5.7%
EVT004493,EMP03400,Salary Increase,2023-06-13,+5.6%
EVT004494,EMP03400,Salary Increase,2024-09-21,+5.8%
EVT004495,EMP03401,Salary Increase,2023-07-16,+12.2%
EVT004496,EMP03401,Salary Increase,2025-05-25,+9.8%
EVT004497,EMP03402,Salary Increase,2025-04-17,+8.3%
EVT004498,EMP03403,Salary Increase,2023-11-06,+1.9%
EVT004499,EMP03403,Salary Increase,2024-12-01,+5.1%
EVT004500,EMP03404,Salary Increase,2023-08-17,+3.0%
EVT004501,EMP03404,Salary Increase,2023-02-07,+3.0%
EVT004502,EMP03409,Salary Increase,2024-08-01,+5.8%
EVT004503,EMP03409,Salary Increase,2023-07-27,+6.8%
EVT004504,EMP03411,Salary Increase,2023-04-28,+1.2%
EVT004505,EMP03412,Salary Increase,2023-10-23,+1.5%
EVT004506,EMP03415,Promotion,2024-11-02,Level up: 2 grades
EVT004507,EMP03417,Promotion,2023-11-22,Level up: 2 grades
EVT004508,EMP03417,Salary Increase,2025-02-09,+6.1%
EVT004509,EMP03417,Salary Increase,2024-01-19,+7.4%
EVT004510,EMP03418,Salary Increase,2024-04-06,+4.0%
EVT004511,EMP03419,Salary Increase,2023-09-26,+10.9%
EVT004512,EMP03419,Salary Increase,2025-06-22,+3.0%
EVT004513,EMP03421,Salary Increase,2023-02-28,+5.3%
EVT004514,EMP03423,Promotion,2025-01-30,Level up: 1 grade
EVT004515,EMP03423,Salary Increase,2024-01-26,+10.0%
EVT004516,EMP03424,Salary Increase,2023-11-16,+5.0%
EVT004517,EMP03424,Salary Increase,2024-02-11,+5.1%
EVT004518,EMP03426,Salary Increase,2025-03-27,+4.7%
EVT004519,EMP03427,Salary Increase,2025-03-29,+3.6%
EVT004520,EMP03427,Salary Increase,2024-07-13,+5.9%
EVT004521,EMP03428,Salary Increase,2025-03-02,+9.1%
EVT004522,EMP03428,Salary Increase,2025-06-27,+11.6%
EVT004523,EMP03430,Promotion,2024-04-27,Level up: 1 grade
EVT004524,EMP03430,Exit,2023-08-25,Voluntary - Compensation
EVT004525,EMP03431,Salary Increase,2025-03-22,+6.2%
EVT004526,EMP03431,Salary Increase,2023-01-19,+6.9%
EVT004527,EMP03434,Salary Increase,2024-01-14,+6.8%
EVT004528,EMP03434,Salary Increase,2024-02-21,+9.8%
EVT004529,EMP03434,Salary Increase,2023-01-31,+6.8%
EVT004530,EMP03436,Salary Increase,2023-11-17,+5.7%
EVT004531,EMP03437,Salary Increase,2024-02-23,+6.6%
EVT004532,EMP03438,Salary Increase,2023-01-15,+6.1%
EVT004533,EMP03439,Salary Increase,2025-01-16,+3.4%
EVT004534,EMP03441,Promotion,2024-10-18,Level up: 1 grade
EVT004535,EMP03444,Salary Increase,2023-08-28,+6.8%
EVT004536,EMP03444,Exit,2024-08-28,Involuntary - Restructuring
EVT004537,EMP03445,Salary Increase,2024-08-11,+6.4%
EVT004538,EMP03445,Salary Increase,2023-12-16,+5.5%
EVT004539,EMP03446,Salary Increase,2023-03-01,+0.5%
EVT004540,EMP03447,Salary Increase,2023-12-31,+8.7%
EVT004541,EMP03448,Salary Increase,2023-08-06,+3.7%
EVT004542,EMP03448,Salary Increase,2023-12-14,+5.4%
EVT004543,EMP03448,Salary Increase,2023-01-04,+3.0%
EVT004544,EMP03449,Promotion,2024-10-13,Level up: 2 grades
EVT004545,EMP03449,Salary Increase,2024-06-10,+5.1%
EVT004546,EMP03449,Salary Increase,2025-02-22,+1.3%
EVT004547,EMP03450,Promotion,2025-04-20,Level up: 2 grades
EVT004548,EMP03451,Salary Increase,2023-11-15,+8.1%
EVT004549,EMP03452,Salary Increase,2023-05-10,+7.5%
EVT004550,EMP03452,Salary Increase,2023-01-09,+3.7%
EVT004551,EMP03453,Salary Increase,2024-04-19,+6.8%
EVT004552,EMP03454,Salary Increase,2023-03-22,+2.6%
EVT004553,EMP03454,Salary Increase,2024-12-01,+5.8%
EVT004554,EMP03456,Promotion,2023-09-13,Level up: 1 grade
EVT004555,EMP03456,Salary Increase,2023-05-05,+6.9%
EVT004556,EMP03456,Salary Increase,2023-03-18,+15.0%
EVT004557,EMP03458,Salary Increase,2023-12-19,+8.3%
EVT004558,EMP03459,Promotion,2024-06-27,Level up: 1 grade
EVT004559,EMP03459,Salary Increase,2024-10-30,+8.7%
EVT004560,EMP03459,Salary Increase,2024-08-24,+5.8%
EVT004561,EMP03460,Salary Increase,2024-10-20,+1.2%
EVT004562,EMP03461,Salary Increase,2023-07-18,+9.1%
EVT004563,EMP03461,Salary Increase,2023-03-03,+5.8%
EVT004564,EMP03462,Salary Increase,2024-04-13,+9.7%
EVT004565,EMP03463,Salary Increase,2023-03-27,+5.7%
EVT004566,EMP03464,Salary Increase,2024-10-17,+6.2%
EVT004567,EMP03465,Promotion,2023-10-08,Level up: 2 grades
EVT004568,EMP03465,Salary Increase,2023-02-04,+7.2%
EVT004569,EMP03468,Salary Increase,2025-03-30,+5.8%
EVT004570,EMP03472,Promotion,2023-07-24,Level up: 2 grades
EVT004571,EMP03472,Salary Increase,2025-06-06,+2.9%
EVT004572,EMP03472,Salary Increase,2024-07-29,+11.3%
EVT004573,EMP03473,Promotion,2024-11-09,Level up: 1 grade
EVT004574,EMP03473,Salary Increase,2023-07-13,+4.0%
EVT004575,EMP03473,Salary Increase,2024-08-05,+5.8%
EVT004576,EMP03475,Salary Increase,2024-08-07,+2.9%
EVT004577,EMP03475,Salary Increase,2023-07-07,+6.8%
EVT004578,EMP03476,Promotion,2023-10-17,Level up: 2 grades
EVT004579,EMP03476,Salary Increase,2023-07-24,+1.8%
EVT004580,EMP03476,Salary Increase,2024-07-28,+3.8%
EVT004581,EMP03477,Salary Increase,2024-04-14,+5.4%
EVT004582,EMP03478,Salary Increase,2024-04-07,+2.9%
EVT004583,EMP03478,Salary Increase,2023-07-07,+6.9%
EVT004584,EMP03480,Promotion,2025-03-30,Level up: 1 grade
EVT004585,EMP03480,Salary Increase,2024-08-23,+7.8%
EVT004586,EMP03480,Salary Increase,2024-04-02,+3.9%
EVT004587,EMP03480,Salary Increase,2023-08-22,+8.1%
EVT004588,EMP03480,Salary Increase,2024-04-06,+7.0%
EVT004589,EMP03481,Promotion,2025-03-29,Level up: 1 grade
EVT004590,EMP03481,Salary Increase,2024-12-27,+6.1%
EVT004591,EMP03482,Promotion,2023-08-08,Level up: 1 grade
EVT004592,EMP03482,Salary Increase,2023-08-13,+10.6%
EVT004593,EMP03482,Salary Increase,2024-06-26,+10.6%
EVT004594,EMP03483,Salary Increase,2023-02-11,+4.7%
EVT004595,EMP03484,Salary Increase,2025-02-08,+11.1%
EVT004596,EMP03485,Salary Increase,2024-08-04,+6.8%
EVT004597,EMP03485,Salary Increase,2024-02-24,+5.5%
EVT004598,EMP03485,Salary Increase,2023-03-23,+0.5%
EVT004599,EMP03487,Salary Increase,2023-03-31,+3.4%
EVT004600,EMP03487,Salary Increase,2024-02-10,+3.4%
EVT004601,EMP03488,Salary Increase,2023-11-13,+10.5%
EVT004602,EMP03489,Salary Increase,2024-05-28,+6.2%
EVT004603,EMP03490,Salary Increase,2025-04-17,+4.9%
EVT004604,EMP03491,Promotion,2024-08-12,Level up: 1 grade
EVT004605,EMP03491,Salary Increase,2023-01-18,+3.8%
EVT004606,EMP03494,Salary Increase,2023-05-17,+6.2%
EVT004607,EMP03494,Salary Increase,2024-12-27,+4.2%
EVT004608,EMP03494,Salary Increase,2024-04-19,+3.6%
EVT004609,EMP03495,Exit,2024-07-18,Voluntary - Personal Reasons
EVT004610,EMP03496,Salary Increase,2023-12-23,+6.1%
EVT004611,EMP03496,Salary Increase,2023-07-30,+4.2%
EVT004612,EMP03498,Salary Increase,2025-02-17,+5.5%
EVT004613,EMP03499,Promotion,2024-07-22,Level up: 2 grades
EVT004614,EMP03500,Salary Increase,2025-03-13,+7.1%
